{
  "success": true,
  "code": 0,
  "msg": "success",
  "data": {
    "list": [{
      "id": "5b472224846c2e46158d4521",
      "name": "家常菜"
    }, {
      "id": "5b4721f1846c2e37668d594b",
      "name": "快手菜"
    }, {
      "id": "5b5eb6c3c3c44276578b93f3",
      "name": "粤菜"
    }, {
      "id": "5b8cd49ddc92d0a5468bf95f",
      "name": "私房菜"
    }, {
      "id": "5b472145846c2e1c498bead6",
      "name": "凉拌"
    }, {
      "id": "5b67be95846c2ed9478d3872",
      "name": "应季菜"
    }, {
      "id": "5b472122846c2e1c498be9bb",
      "name": "无辣不欢"
    }, {
      "id": "5b4722d7846c2e206b8d660d",
      "name": "吃点好的"
    }, {
      "id": "5b472209846c2e4b6a8d722f",
      "name": "早餐"
    }, {
      "id": "5b472230846c2eaa758d5d6d",
      "name": "下饭菜"
    }, {
      "id": "5b47218e846c2ef7408be742",
      "name": "减肥"
    }, {
      "id": "5b4720fa846c2eb4428ce996",
      "name": "宝宝餐"
    }, {
      "id": "5b46f993c3c442a6338d53ce",
      "name": "夏季"
    }, {
      "id": "5b5eadccc5702ece0d8ba38a",
      "name": "上海菜"
    }, {
      "id": "5b4721e3846c2e937d8d5f4d",
      "name": "做菜小白"
    }, {
      "id": "5b472253846c2ef5458be69b",
      "name": "主食"
    }, {
      "id": "5b4722e7846c2ef5458beabe",
      "name": "面食"
    }, {
      "id": "5b4722b8846c2e58178d2d20",
      "name": "请客吃饭"
    }, {
      "id": "5b4722a3846c2ef07d8d53df",
      "name": "养胃"
    }, {
      "id": "5b8cd4a6dc92d0f1468c01b1",
      "name": "创意菜"
    }, {
      "id": "5b472303846c2edb6d8d2c1e",
      "name": "素菜"
    }, {
      "id": "5b6cfbbb846c2ee0178be5aa",
      "name": "硬菜"
    }, {
      "id": "5b7a7697c5702e994e8bcba3",
      "name": "烘焙"
    }, {
      "id": "5b9a6a35c3c4420e178e0e3d",
      "name": "包子馒头"
    }, {
      "id": "5b47216f846c2eb4428cebe8",
      "name": "汤"
    }, {
      "id": "5b47210d846c2e58178d204b",
      "name": "坐月子"
    }, {
      "id": "5b7a8c1f846c2eaa198bfb6c",
      "name": "穆斯林"
    }, {
      "id": "5b71431dc5702eea3d8bcecc",
      "name": "水产海鲜"
    }, {
      "id": "5b5eabc0c3c4422c018d8883",
      "name": "下酒菜"
    }, {
      "id": "5b679ef2846c2ee31e8cbec1",
      "name": "蒸菜"
    }, {
      "id": "5b4721fd846c2eaf428d08e2",
      "name": "一人食"
    }, {
      "id": "5b5eadd6c5702e697d8bdbf6",
      "name": "川湘菜"
    }, {
      "id": "5b472134846c2ea1438c2c47",
      "name": "清淡"
    }, {
      "id": "5b46f977c3c44230638d8837",
      "name": "小妙招"
    }, {
      "id": "5b472295846c2ef5458be7c7",
      "name": "开胃"
    }, {
      "id": "5b4722f6846c2edc668d2a6d",
      "name": "吃鸡"
    }, {
      "id": "5b47228e846c2e896f8b95bc",
      "name": "清热去火"
    }, {
      "id": "5b9a6a2cc3c4426e2d8e0af0",
      "name": "蛋糕"
    }]
  },
  "server_time": 1569986002
}