{
  "success": true,
  "code": 0,
  "msg": "ok",
  "data": {
    "cate": [{
        "id": "assume_you_like",
        "name": "猜你喜欢",
        "products": [{
            "id": "58bf8d1a936edf72323d9bfc",
            "product_name": "清美内酯豆腐 400g/盒",
            "name": "清美内酯豆腐 400g/盒",
            "origin_price": "2.00",
            "price": "2.00",
            "vip_price": "",
            "spec": "质地细嫩 色香味均优于其他普通豆腐",
            "small_image": "https://img.ddimg.mobi/product/2f9f42dd5c3311558682395205.jpg!deliver.product.list",
            "category_id": "58fbf508936edfe3568b599f",
            "sizes": [],
            "total_sales": 9072,
            "month_sales": 0,
            "buy_limit": 0,
            "mark_discount": 0,
            "mark_new": 0,
            "mark_self": 0,
            "status": 1,
            "category_path": "58f9d233936edfe3568b5655,58fbf508936edfe3568b599f",
            "type": 0,
            "stockout_reserved": false,
            "is_promotion": 0,
            "sale_point_msg": [
              [
                "",
                ""
              ],
              [
                "",
                ""
              ]
            ],
            "activity": [],
            "is_presale": 0,
            "presale_delivery_date_display": "",
            "is_gift": 0,
            "is_onion": 0,
            "is_invoice": 1,
            "sub_list": [],
            "badge_img": "",
            "is_vod": false,
            "stock_number": 24,
            "today_stockout": "可订明日",
            "is_booking": 1
          },
          {
            "id": "58b8d04e916edfb44cc26a9d",
            "product_name": "土鸡蛋8枚",
            "name": "土鸡蛋8枚",
            "origin_price": "9.90",
            "price": "6.90",
            "vip_price": "",
            "spec": "民生鸡蛋 物美价廉",
            "small_image": "https://img.ddimg.mobi/product/2d489406e91691544062166784.jpg!maicai.product.list",
            "category_id": "58fa233c916edf7c198b4972",
            "sizes": [],
            "total_sales": 9089,
            "month_sales": 0,
            "buy_limit": 0,
            "mark_discount": 0,
            "mark_new": 0,
            "mark_self": 0,
            "status": 1,
            "category_path": "58f9e539936edf89778b567f,58fa233c916edf7c198b4972",
            "type": 0,
            "stockout_reserved": false,
            "is_promotion": 0,
            "sale_point_msg": [
              [
                "蛋黄橙红饱满",
                "蛋白弹嫩细滑"
              ],
              [
                "鲜香可口自然美味",
                "给家人值得上好食材"
              ]
            ],
            "activity": [{
              "type": 6,
              "type_name": "特价",
              "tag": "民生好货"
            }],
            "is_presale": 0,
            "presale_delivery_date_display": "",
            "is_gift": 0,
            "is_onion": 0,
            "is_invoice": 1,
            "sub_list": [],
            "badge_img": "",
            "is_vod": false,
            "stock_number": 33,
            "today_stockout": "",
            "is_booking": 0
          },
          {
            "id": "5ba2859fd033a1de7d8b4c0f",
            "product_name": "鲜手擀面 300g/盒",
            "name": "鲜手擀面 300g/盒",
            "origin_price": "3.00",
            "price": "3.00",
            "vip_price": "",
            "spec": "够劲道的好面~",
            "small_image": "https://ddimg.ddxq.mobi/5e805bc3e9ebf1537628787739.jpg!maicai.product.list",
            "category_id": "58fb3b03936edf89778b57e1",
            "sizes": [],
            "total_sales": 9041,
            "month_sales": 0,
            "buy_limit": 0,
            "mark_discount": 0,
            "mark_new": 0,
            "mark_self": 0,
            "status": 1,
            "category_path": "58f9e58b936edfe2568b580d,58fb3b03936edf89778b57e1",
            "type": 0,
            "stockout_reserved": false,
            "is_promotion": 0,
            "sale_point_msg": [
              [
                "",
                ""
              ],
              [
                "",
                ""
              ]
            ],
            "activity": [],
            "is_presale": 0,
            "presale_delivery_date_display": "",
            "is_gift": 0,
            "is_onion": 0,
            "is_invoice": 1,
            "sub_list": [],
            "badge_img": "",
            "is_vod": false,
            "stock_number": 36,
            "today_stockout": "",
            "is_booking": 0
          },
          {
            "id": "5c1364e6716de1e77d8b61d9",
            "product_name": "恒都精选冷冻肥牛卷 300g",
            "name": "恒都精选冷冻肥牛卷 300g",
            "origin_price": "25.80",
            "price": "25.80",
            "vip_price": "",
            "spec": "肉质细腻 口感弹嫩",
            "small_image": "https://img.ddimg.mobi/product/dd6461d23af591548470818889.jpg!deliver.product.list",
            "category_id": "5ad476cbc3c442736a8b4a50",
            "sizes": [],
            "total_sales": 8911,
            "month_sales": 0,
            "buy_limit": 0,
            "mark_discount": 0,
            "mark_new": 0,
            "mark_self": 0,
            "status": 1,
            "category_path": "58f9e51f936edf88198b5718,5ad476cbc3c442736a8b4a50",
            "type": 0,
            "stockout_reserved": false,
            "is_promotion": 0,
            "sale_point_msg": [
              [
                "",
                ""
              ],
              [
                "",
                ""
              ]
            ],
            "activity": [],
            "is_presale": 0,
            "presale_delivery_date_display": "",
            "is_gift": 0,
            "is_onion": 0,
            "is_invoice": 1,
            "sub_list": [],
            "badge_img": "",
            "is_vod": false,
            "stock_number": 13,
            "today_stockout": "",
            "is_booking": 0
          },
          {
            "id": "59e453586ec2c45e358b45b2",
            "product_name": "民维大牧汗羔羊肉片 220g",
            "name": "民维大牧汗羔羊肉片 220g",
            "origin_price": "25.90",
            "price": "25.90",
            "vip_price": "23.90",
            "spec": "源自内蒙好羔羊 涮炒煲汤都好吃",
            "small_image": "https://img.ddimg.mobi/product/99525c1c2a9ad1548473873455.jpg!deliver.product.list",
            "category_id": "58fa21cd936edf88198b57cf",
            "sizes": [],
            "total_sales": 8688,
            "month_sales": 0,
            "buy_limit": 0,
            "mark_discount": 0,
            "mark_new": 0,
            "mark_self": 0,
            "status": 1,
            "category_path": "58f9e527936edfe2568b57fa,58fa21cd936edf88198b57cf",
            "type": 0,
            "stockout_reserved": false,
            "is_promotion": 0,
            "sale_point_msg": [
              [
                "大牧汗金牌品质",
                "你没吃过的天赐美味"
              ],
              [
                "天然放养无膻味",
                "淡淡奶香花草味"
              ]
            ],
            "activity": [],
            "is_presale": 0,
            "presale_delivery_date_display": "",
            "is_gift": 0,
            "is_onion": 0,
            "is_invoice": 1,
            "sub_list": [],
            "badge_img": "",
            "is_vod": false,
            "stock_number": 9,
            "today_stockout": "",
            "is_booking": 0
          },
          {
            "id": "58c40ce3936edf38323f06e7",
            "product_name": "沪尚鸭血 360g/盒",
            "name": "沪尚鸭血 360g/盒",
            "origin_price": "3.90",
            "price": "3.90",
            "vip_price": "",
            "spec": "盒装鸭血 Q弹有韧性 人体清道夫",
            "small_image": "https://img.ddimg.mobi/product/0756d9b94e1fd1548236284999.jpg!deliver.product.list",
            "category_id": "5b0ff20d06752ead258bbb49",
            "sizes": [],
            "total_sales": 8973,
            "month_sales": 0,
            "buy_limit": 0,
            "mark_discount": 0,
            "mark_new": 0,
            "mark_self": 0,
            "status": 1,
            "category_path": "58f9e531936edfe5568b5747,5b0ff20d06752ead258bbb49",
            "type": 0,
            "stockout_reserved": false,
            "is_promotion": 0,
            "sale_point_msg": [
              [
                "",
                ""
              ],
              [
                "",
                ""
              ]
            ],
            "activity": [],
            "is_presale": 0,
            "presale_delivery_date_display": "",
            "is_gift": 0,
            "is_onion": 0,
            "is_invoice": 1,
            "sub_list": [],
            "badge_img": "",
            "is_vod": false,
            "stock_number": 22,
            "today_stockout": "",
            "is_booking": 0
          },
          {
            "id": "59a51abc936edf6f27933be9",
            "product_name": "大昌美国杂菜 200g/袋",
            "name": "大昌美国杂菜 200g/袋",
            "origin_price": "6.90",
            "price": "6.90",
            "vip_price": "",
            "spec": "无添加 开袋即烹超便捷",
            "small_image": "https://ddimg.ddxq.mobi/ed848ca670a6f1504064745559.png!maicai.product.list",
            "category_id": "5a053f42936edf450ca359f5",
            "sizes": [],
            "total_sales": 8917,
            "month_sales": 0,
            "buy_limit": 0,
            "mark_discount": 0,
            "mark_new": 0,
            "mark_self": 0,
            "status": 1,
            "category_path": "5a053f42936edf450ca359f5",
            "type": 0,
            "stockout_reserved": false,
            "is_promotion": 0,
            "sale_point_msg": [
              [
                "",
                ""
              ],
              [
                "",
                ""
              ]
            ],
            "activity": [],
            "is_presale": 0,
            "presale_delivery_date_display": "",
            "is_gift": 0,
            "is_onion": 0,
            "is_invoice": 1,
            "sub_list": [],
            "badge_img": "",
            "is_vod": false,
            "stock_number": 7,
            "today_stockout": "",
            "is_booking": 0
          },
          {
            "id": "5a4cbb1a6ec2c45a1e8b456e",
            "product_name": "龙凤黑芝麻汤圆 200g/袋",
            "name": "龙凤黑芝麻汤圆 200g/袋",
            "origin_price": "8.80",
            "price": "8.80",
            "vip_price": "",
            "spec": "口感细腻 香糯不粘牙",
            "small_image": "https://ddimg.ddxq.mobi/eac4f136a54cc1538990793402.jpg!maicai.product.list",
            "category_id": "5b0ffb3845cd42cb548c913c",
            "sizes": [],
            "total_sales": 8882,
            "month_sales": 0,
            "buy_limit": 0,
            "mark_discount": 0,
            "mark_new": 0,
            "mark_self": 0,
            "status": 1,
            "category_path": "58f9e5b3936edfe3568b5742,5b0ffb3845cd42cb548c913c",
            "type": 0,
            "stockout_reserved": false,
            "is_promotion": 0,
            "sale_point_msg": [
              [
                "",
                ""
              ],
              [
                "",
                ""
              ]
            ],
            "activity": [],
            "is_presale": 0,
            "presale_delivery_date_display": "",
            "is_gift": 0,
            "is_onion": 0,
            "is_invoice": 1,
            "sub_list": [],
            "badge_img": "https://img.ddimg.mobi/cf47783c866d81564663974316.png",
            "is_vod": false,
            "stock_number": 6,
            "today_stockout": "",
            "is_booking": 0
          },
          {
            "id": "59958b6b936edf182e900604",
            "product_name": "乡吧佬卤蛋 25g/只",
            "name": "乡吧佬卤蛋 25g/只",
            "origin_price": "1.00",
            "price": "1.00",
            "vip_price": "",
            "spec": "新老包装更新中 文火慢卤 充分入味",
            "small_image": "https://ddimg.ddxq.mobi/e13725751514881445681.jpg!maicai.product.list",
            "category_id": "5b0ff8d306752e25278bdb24",
            "sizes": [],
            "total_sales": 9045,
            "month_sales": 0,
            "buy_limit": 0,
            "mark_discount": 0,
            "mark_new": 0,
            "mark_self": 0,
            "status": 1,
            "category_path": "59701e80936edf4f38915857,5b0ff8d306752e25278bdb24",
            "type": 0,
            "stockout_reserved": false,
            "is_promotion": 0,
            "sale_point_msg": [
              [
                "",
                ""
              ],
              [
                "",
                ""
              ]
            ],
            "activity": [],
            "is_presale": 0,
            "presale_delivery_date_display": "",
            "is_gift": 0,
            "is_onion": 0,
            "is_invoice": 1,
            "sub_list": [],
            "badge_img": "",
            "is_vod": false,
            "stock_number": 61,
            "today_stockout": "",
            "is_booking": 0
          },
          {
            "id": "5a2f831d6ec2c4b66c8b4620",
            "product_name": "怡宝纯净水 4.5L/瓶",
            "name": "怡宝纯净水 4.5L/瓶",
            "origin_price": "9.80",
            "price": "9.80",
            "vip_price": "",
            "spec": "滴滴纯净 喝出生活的质量",
            "small_image": "https://ddimg.ddxq.mobi/61e716cea52621523612653053.jpg!maicai.product.list",
            "category_id": "58fb4109936edf88198b595b",
            "sizes": [],
            "total_sales": 8974,
            "month_sales": 0,
            "buy_limit": 0,
            "mark_discount": 0,
            "mark_new": 0,
            "mark_self": 0,
            "status": 1,
            "category_path": "58f9e5c4936edfe4568b5793,58fb4109936edf88198b595b",
            "type": 0,
            "stockout_reserved": false,
            "is_promotion": 0,
            "sale_point_msg": [
              [
                "",
                ""
              ],
              [
                "",
                ""
              ]
            ],
            "activity": [{
              "type": 1,
              "type_name": "满减",
              "tag": "每满39减5元"
            }],
            "is_presale": 0,
            "presale_delivery_date_display": "",
            "is_gift": 0,
            "is_onion": 0,
            "is_invoice": 1,
            "sub_list": [],
            "badge_img": "",
            "is_vod": false,
            "stock_number": 38,
            "today_stockout": "",
            "is_booking": 0
          },
          {
            "id": "58f6d97b936edf0032499a97",
            "product_name": "白猫柠檬红茶洗洁精 500g/瓶",
            "name": "白猫柠檬红茶洗洁精 500g/瓶",
            "origin_price": "4.80",
            "price": "4.80",
            "vip_price": "",
            "spec": "双手和餐具 油腻去无踪",
            "small_image": "https://ddimg.ddxq.mobi/1c589590ed8271492400622407.jpg!maicai.product.list",
            "category_id": "58f9e5cc936edfe6568b5897",
            "sizes": [],
            "total_sales": 8794,
            "month_sales": 0,
            "buy_limit": 0,
            "mark_discount": 0,
            "mark_new": 0,
            "mark_self": 0,
            "status": 1,
            "category_path": "58f9e5cc936edfe6568b5897",
            "type": 0,
            "stockout_reserved": false,
            "is_promotion": 0,
            "sale_point_msg": [
              [
                "",
                ""
              ],
              [
                "",
                ""
              ]
            ],
            "activity": [],
            "is_presale": 0,
            "presale_delivery_date_display": "",
            "is_gift": 0,
            "is_onion": 0,
            "is_invoice": 1,
            "sub_list": [],
            "badge_img": "",
            "is_vod": false,
            "stock_number": 20,
            "today_stockout": "",
            "is_booking": 0
          },
          {
            "id": "5a5dc285c0a1eaaa588b4571",
            "product_name": "优质番茄 约350g",
            "name": "优质番茄 约350g",
            "origin_price": "2.20",
            "price": "2.20",
            "vip_price": "",
            "spec": "西红柿炒鸡蛋 亦可直接吃~",
            "small_image": "https://ddimg.ddxq.mobi/be51d2b7e7cfb1541779541044.jpg!maicai.product.list",
            "category_id": "58fbf4bf936edfe3568b5990",
            "sizes": [],
            "total_sales": 9088,
            "month_sales": 0,
            "buy_limit": 0,
            "mark_discount": 0,
            "mark_new": 0,
            "mark_self": 0,
            "status": 1,
            "category_path": "58f9d213936edfe4568b569a,58fbf4bf936edfe3568b5990",
            "type": 0,
            "stockout_reserved": false,
            "is_promotion": 0,
            "sale_point_msg": [
              [
                "",
                ""
              ],
              [
                "",
                ""
              ]
            ],
            "activity": [],
            "is_presale": 0,
            "presale_delivery_date_display": "",
            "is_gift": 0,
            "is_onion": 0,
            "is_invoice": 1,
            "sub_list": [],
            "badge_img": "",
            "is_vod": false,
            "stock_number": 83,
            "today_stockout": "",
            "is_booking": 0
          },
          {
            "id": "58f57016916edf154dcb1551",
            "product_name": "泰国进口超甜龙眼 500g",
            "name": "泰国进口超甜龙眼 500g",
            "origin_price": "10.90",
            "price": "8.90",
            "vip_price": "",
            "spec": "色泽晶莹 柔软细嫩",
            "small_image": "https://img.ddimg.mobi/product/de02c34be37991544521921435.jpg!maicai.product.list",
            "category_id": "58fd6b9c916edf7a198b4a93",
            "sizes": [],
            "total_sales": 9039,
            "month_sales": 0,
            "buy_limit": 0,
            "mark_discount": 0,
            "mark_new": 0,
            "mark_self": 0,
            "status": 1,
            "category_path": "58fd663f936edfe3568b5c15,58fd6b9c916edf7a198b4a93",
            "type": 0,
            "stockout_reserved": false,
            "is_promotion": 0,
            "sale_point_msg": [
              [
                "美味“夜明珠”",
                "颜如玉 甜如蜜"
              ],
              [
                "鲜食享美味",
                "营养好炖品"
              ]
            ],
            "activity": [{
                "type": 1,
                "type_name": "满减",
                "tag": "每满39减5元"
              },
              {
                "type": 6,
                "type_name": "特价",
                "tag": ""
              }
            ],
            "is_presale": 0,
            "presale_delivery_date_display": "",
            "is_gift": 0,
            "is_onion": 0,
            "is_invoice": 1,
            "sub_list": [],
            "badge_img": "",
            "is_vod": false,
            "stock_number": 8,
            "today_stockout": "",
            "is_booking": 0
          },
          {
            "id": "58bf91a3936edff5313e081b",
            "product_name": "清美盐卤五香干 120g/袋",
            "name": "清美盐卤五香干 120g/袋",
            "origin_price": "2.90",
            "price": "2.90",
            "vip_price": "",
            "spec": "新老包装交替中 皖北风味~",
            "small_image": "https://ddimg.ddxq.mobi/0ee98edc76e5c1539672112924.jpg!maicai.product.list",
            "category_id": "58fbf528936edfe6568b5ad7",
            "sizes": [],
            "total_sales": 9066,
            "month_sales": 0,
            "buy_limit": 0,
            "mark_discount": 0,
            "mark_new": 0,
            "mark_self": 0,
            "status": 1,
            "category_path": "58f9d233936edfe3568b5655,58fbf528936edfe6568b5ad7",
            "type": 0,
            "stockout_reserved": false,
            "is_promotion": 0,
            "sale_point_msg": [
              [
                "",
                ""
              ],
              [
                "",
                ""
              ]
            ],
            "activity": [],
            "is_presale": 0,
            "presale_delivery_date_display": "",
            "is_gift": 0,
            "is_onion": 0,
            "is_invoice": 1,
            "sub_list": [],
            "badge_img": "",
            "is_vod": false,
            "stock_number": 12,
            "today_stockout": "",
            "is_booking": 0
          },
          {
            "id": "595ca3fb936edf2e4c8d5d8b",
            "product_name": "苏北草鸡蛋6枚",
            "name": "苏北草鸡蛋6枚",
            "origin_price": "9.90",
            "price": "9.90",
            "vip_price": "",
            "spec": "用做一份蒸蛋的时间 来享受生活",
            "small_image": "https://img.ddimg.mobi/product/7a6a8542735081544061879340.jpg!maicai.product.list",
            "category_id": "58fa233c916edf7c198b4972",
            "sizes": [],
            "total_sales": 9049,
            "month_sales": 0,
            "buy_limit": 0,
            "mark_discount": 0,
            "mark_new": 0,
            "mark_self": 0,
            "status": 1,
            "category_path": "58f9e539936edf89778b567f,58fa233c916edf7c198b4972",
            "type": 0,
            "stockout_reserved": false,
            "is_promotion": 0,
            "sale_point_msg": [
              [
                "",
                ""
              ],
              [
                "",
                ""
              ]
            ],
            "activity": [],
            "is_presale": 0,
            "presale_delivery_date_display": "",
            "is_gift": 0,
            "is_onion": 0,
            "is_invoice": 1,
            "sub_list": [],
            "badge_img": "",
            "is_vod": false,
            "stock_number": 10,
            "today_stockout": "",
            "is_booking": 0
          },
          {
            "id": "5ba285cad033a1de7d8b4c2e",
            "product_name": "鲜饺子皮 300g/盒",
            "name": "鲜饺子皮 300g/盒",
            "origin_price": "4.50",
            "price": "4.50",
            "vip_price": "",
            "spec": "面皮很香 闻着就知道不简单~",
            "small_image": "https://ddimg.ddxq.mobi/a488fe6151abf1537628601150.jpg!maicai.product.list",
            "category_id": "58fb3b03936edf89778b57e1",
            "sizes": [],
            "total_sales": 8928,
            "month_sales": 0,
            "buy_limit": 0,
            "mark_discount": 0,
            "mark_new": 0,
            "mark_self": 0,
            "status": 1,
            "category_path": "58f9e58b936edfe2568b580d,58fb3b03936edf89778b57e1",
            "type": 0,
            "stockout_reserved": false,
            "is_promotion": 0,
            "sale_point_msg": [
              [
                "",
                ""
              ],
              [
                "",
                ""
              ]
            ],
            "activity": [],
            "is_presale": 0,
            "presale_delivery_date_display": "",
            "is_gift": 0,
            "is_onion": 0,
            "is_invoice": 1,
            "sub_list": [],
            "badge_img": "",
            "is_vod": false,
            "stock_number": 6,
            "today_stockout": "",
            "is_booking": 0
          },
          {
            "id": "5ad47427c0a1ea1f538b45a3",
            "product_name": "恒都精选冷冻牛腩块 250g",
            "name": "恒都精选冷冻牛腩块 250g",
            "origin_price": "16.90",
            "price": "14.90",
            "vip_price": "",
            "spec": "源自青壮小公牛~赞",
            "small_image": "https://img.ddimg.mobi/product/738706cb8b5081548471186932.jpg!deliver.product.list",
            "category_id": "58fa2059936edf89778b56e5",
            "sizes": [],
            "total_sales": 9002,
            "month_sales": 0,
            "buy_limit": 0,
            "mark_discount": 1,
            "mark_new": 0,
            "mark_self": 0,
            "status": 1,
            "category_path": "58f9e51f936edf88198b5718,58fa2059936edf89778b56e5",
            "type": 0,
            "stockout_reserved": false,
            "is_promotion": 1,
            "sale_point_msg": [
              [
                "奶香浓郁",
                "纹理清晰有嚼劲"
              ],
              [
                "谷物精养品质精选",
                "家常炖烧人气食材"
              ]
            ],
            "activity": [],
            "is_presale": 0,
            "presale_delivery_date_display": "",
            "is_gift": 0,
            "is_onion": 0,
            "is_invoice": 1,
            "sub_list": [],
            "badge_img": "",
            "is_vod": false,
            "stock_number": 25,
            "today_stockout": "",
            "is_booking": 0
          },
          {
            "id": "5b8ce576c0a1ea3a278b8898",
            "product_name": "恒都精选冷冻羊肉卷 350g",
            "name": "恒都精选冷冻羊肉卷 350g",
            "origin_price": "29.90",
            "price": "29.90",
            "vip_price": "",
            "spec": "涮火锅能少的了我？",
            "small_image": "https://img.ddimg.mobi/product/233a0314b122a1548470947094.jpg!deliver.product.list",
            "category_id": "58fa21cd936edf88198b57cf",
            "sizes": [],
            "total_sales": 8691,
            "month_sales": 0,
            "buy_limit": 0,
            "mark_discount": 0,
            "mark_new": 0,
            "mark_self": 0,
            "status": 1,
            "category_path": "58f9e527936edfe2568b57fa,58fa21cd936edf88198b57cf",
            "type": 0,
            "stockout_reserved": false,
            "is_promotion": 0,
            "sale_point_msg": [
              [
                "",
                ""
              ],
              [
                "",
                ""
              ]
            ],
            "activity": [],
            "is_presale": 0,
            "presale_delivery_date_display": "",
            "is_gift": 0,
            "is_onion": 0,
            "is_invoice": 1,
            "sub_list": [],
            "badge_img": "https://img.ddimg.mobi/cf47783c866d81564663974316.png",
            "is_vod": false,
            "stock_number": 6,
            "today_stockout": "",
            "is_booking": 0
          },
          {
            "id": "5bd7b850716de100468bd3f6",
            "product_name": "农百鲜冷冻鸡中翅 400g",
            "name": "农百鲜冷冻鸡中翅 400g",
            "origin_price": "29.80",
            "price": "29.80",
            "vip_price": "",
            "spec": "鲜嫩香醇 口感细腻（新老包装交替）",
            "small_image": "https://img.ddimg.mobi/product/09ff6aa1148f61548468262904.jpg!deliver.product.list",
            "category_id": "58fa21e9936edfc0408b57b7",
            "sizes": [],
            "total_sales": 8925,
            "month_sales": 0,
            "buy_limit": 0,
            "mark_discount": 0,
            "mark_new": 0,
            "mark_self": 0,
            "status": 1,
            "category_path": "58f9e531936edfe5568b5747,58fa21e9936edfc0408b57b7",
            "type": 0,
            "stockout_reserved": false,
            "is_promotion": 0,
            "sale_point_msg": [
              [
                "",
                ""
              ],
              [
                "",
                ""
              ]
            ],
            "activity": [],
            "is_presale": 0,
            "presale_delivery_date_display": "",
            "is_gift": 0,
            "is_onion": 0,
            "is_invoice": 1,
            "sub_list": [],
            "badge_img": "",
            "is_vod": false,
            "stock_number": 32,
            "today_stockout": "",
            "is_booking": 0
          },
          {
            "id": "5ad30145c0a1ead23f8b4588",
            "product_name": "新雅大厨半成品炸猪排 225g",
            "name": "新雅大厨半成品炸猪排 225g",
            "origin_price": "24.90",
            "price": "24.90",
            "vip_price": "22.90",
            "spec": "新雅镇店菜肴 在家就能享受~",
            "small_image": "https://img.ddimg.mobi/product/5fbc32e401cf61548474224918.jpg!deliver.product.list",
            "category_id": "5a053f42936edf450ca359f5",
            "sizes": [],
            "total_sales": 8449,
            "month_sales": 0,
            "buy_limit": 0,
            "mark_discount": 0,
            "mark_new": 0,
            "mark_self": 0,
            "status": 1,
            "category_path": "5a053f42936edf450ca359f5",
            "type": 0,
            "stockout_reserved": false,
            "is_promotion": 0,
            "sale_point_msg": [
              [
                "",
                ""
              ],
              [
                "",
                ""
              ]
            ],
            "activity": [],
            "is_presale": 0,
            "presale_delivery_date_display": "",
            "is_gift": 0,
            "is_onion": 0,
            "is_invoice": 1,
            "sub_list": [],
            "badge_img": "",
            "is_vod": false,
            "stock_number": 7,
            "today_stockout": "",
            "is_booking": 0
          },
          {
            "id": "58b7ee6b936edf20323c1177",
            "product_name": "乌江清爽榨菜 80g/袋",
            "name": "乌江清爽榨菜 80g/袋",
            "origin_price": "2.50",
            "price": "2.50",
            "vip_price": "",
            "spec": "开袋食用后请冷藏储存",
            "small_image": "https://img.ddimg.mobi/product/0b452859162b51544014167169.jpg!maicai.product.list",
            "category_id": "58fb40ec936edf42508b45cd",
            "sizes": [],
            "total_sales": 9001,
            "month_sales": 0,
            "buy_limit": 0,
            "mark_discount": 0,
            "mark_new": 0,
            "mark_self": 0,
            "status": 1,
            "category_path": "58f9e5b3936edfe3568b5742,58fb40ec936edf42508b45cd",
            "type": 0,
            "stockout_reserved": false,
            "is_promotion": 0,
            "sale_point_msg": [
              [
                "",
                ""
              ],
              [
                "",
                ""
              ]
            ],
            "activity": [],
            "is_presale": 0,
            "presale_delivery_date_display": "",
            "is_gift": 0,
            "is_onion": 0,
            "is_invoice": 1,
            "sub_list": [],
            "badge_img": "",
            "is_vod": false,
            "stock_number": 17,
            "today_stockout": "",
            "is_booking": 0
          },
          {
            "id": "597025bb916edfa811e41691",
            "product_name": "卫龙香辣味大面筋 65g/袋",
            "name": "卫龙香辣味大面筋 65g/袋",
            "origin_price": "3.50",
            "price": "3.50",
            "vip_price": "",
            "spec": "一口一根 原汁原味",
            "small_image": "https://ddimg.ddxq.mobi/e6a8197d785ac1541952317876.jpg!maicai.product.list",
            "category_id": "5b0ff8d306752e25278bdb24",
            "sizes": [],
            "total_sales": 8982,
            "month_sales": 0,
            "buy_limit": 0,
            "mark_discount": 0,
            "mark_new": 0,
            "mark_self": 0,
            "status": 1,
            "category_path": "59701e80936edf4f38915857,5b0ff8d306752e25278bdb24",
            "type": 0,
            "stockout_reserved": false,
            "is_promotion": 0,
            "sale_point_msg": [
              [
                "",
                ""
              ],
              [
                "",
                ""
              ]
            ],
            "activity": [{
              "type": 1,
              "type_name": "满减",
              "tag": "每满39减5元"
            }],
            "is_presale": 0,
            "presale_delivery_date_display": "",
            "is_gift": 0,
            "is_onion": 0,
            "is_invoice": 1,
            "sub_list": [],
            "badge_img": "",
            "is_vod": false,
            "stock_number": 13,
            "today_stockout": "",
            "is_booking": 0
          },
          {
            "id": "5ab23cf0c0a1ea5a628b45d6",
            "product_name": "百事可乐 600ml/瓶",
            "name": "百事可乐 600ml/瓶",
            "origin_price": "3.00",
            "price": "3.00",
            "vip_price": "",
            "spec": "兹兹气泡声是我独特的标志",
            "small_image": "https://img.ddimg.mobi/product/693c4947ce4381543154544133.jpg!maicai.product.list",
            "category_id": "58fb4119936edfe6568b5a53",
            "sizes": [],
            "total_sales": 8960,
            "month_sales": 0,
            "buy_limit": 0,
            "mark_discount": 0,
            "mark_new": 0,
            "mark_self": 0,
            "status": 1,
            "category_path": "58f9e5c4936edfe4568b5793,58fb4119936edfe6568b5a53",
            "type": 0,
            "stockout_reserved": false,
            "is_promotion": 0,
            "sale_point_msg": [
              [
                "",
                ""
              ],
              [
                "",
                ""
              ]
            ],
            "activity": [{
              "type": 1,
              "type_name": "满减",
              "tag": "每满39减5元"
            }],
            "is_presale": 0,
            "presale_delivery_date_display": "",
            "is_gift": 0,
            "is_onion": 0,
            "is_invoice": 1,
            "sub_list": [],
            "badge_img": "",
            "is_vod": false,
            "stock_number": 19,
            "today_stockout": "",
            "is_booking": 0
          },
          {
            "id": "58eec070936edf9832464a4a",
            "product_name": "金针菇 150g",
            "name": "金针菇 150g",
            "origin_price": "0.99",
            "price": "0.99",
            "vip_price": "",
            "spec": "凉拌炖汤 家常小菜怎能少了它",
            "small_image": "https://img.ddimg.mobi/product/e8d50834520071544616778931.jpg!maicai.product.list",
            "category_id": "58fbf4ed936edfe6568b5ace",
            "sizes": [],
            "total_sales": 9087,
            "month_sales": 0,
            "buy_limit": 0,
            "mark_discount": 0,
            "mark_new": 0,
            "mark_self": 0,
            "status": 1,
            "category_path": "58f9d213936edfe4568b569a,58fbf4ed936edfe6568b5ace",
            "type": 0,
            "stockout_reserved": false,
            "is_promotion": 0,
            "sale_point_msg": [
              [
                "",
                ""
              ],
              [
                "",
                ""
              ]
            ],
            "activity": [],
            "is_presale": 0,
            "presale_delivery_date_display": "",
            "is_gift": 0,
            "is_onion": 0,
            "is_invoice": 1,
            "sub_list": [],
            "badge_img": "",
            "is_vod": false,
            "stock_number": 84,
            "today_stockout": "",
            "is_booking": 0
          },
          {
            "id": "59537715936edf11608c3a1d",
            "product_name": "汉康苏北老豆腐 400g/袋",
            "name": "汉康苏北老豆腐 400g/袋",
            "origin_price": "4.90",
            "price": "4.90",
            "vip_price": "",
            "spec": "色泽洁白 口感嫩滑而紧实",
            "small_image": "https://img.ddimg.mobi/product/2fcc2d6e7b50e1558670127199.jpg!deliver.product.list",
            "category_id": "58fbf508936edfe3568b599f",
            "sizes": [],
            "total_sales": 9024,
            "month_sales": 0,
            "buy_limit": 0,
            "mark_discount": 0,
            "mark_new": 0,
            "mark_self": 0,
            "status": 1,
            "category_path": "58f9d233936edfe3568b5655,58fbf508936edfe3568b599f",
            "type": 0,
            "stockout_reserved": false,
            "is_promotion": 0,
            "sale_point_msg": [
              [
                "豆香味浓",
                "纯正浓郁 清香四溢"
              ],
              [
                "弹性十足",
                "味道鲜美 "
              ]
            ],
            "activity": [],
            "is_presale": 0,
            "presale_delivery_date_display": "",
            "is_gift": 0,
            "is_onion": 0,
            "is_invoice": 1,
            "sub_list": [],
            "badge_img": "",
            "is_vod": false,
            "stock_number": 6,
            "today_stockout": "",
            "is_booking": 0
          },
          {
            "id": "58ba74eb936edf3a323d3159",
            "product_name": "洋鸡蛋10枚",
            "name": "洋鸡蛋10枚",
            "origin_price": "7.90",
            "price": "7.90",
            "vip_price": "",
            "spec": "胆固醇和脂肪更低 适合爷爷奶奶",
            "small_image": "https://img.ddimg.mobi/product/dfc6e1ba03bc21544171340138.jpg!maicai.product.list",
            "category_id": "58fa233c916edf7c198b4972",
            "sizes": [],
            "total_sales": 9054,
            "month_sales": 0,
            "buy_limit": 0,
            "mark_discount": 0,
            "mark_new": 0,
            "mark_self": 0,
            "status": 1,
            "category_path": "58f9e539936edf89778b567f,58fa233c916edf7c198b4972",
            "type": 0,
            "stockout_reserved": false,
            "is_promotion": 0,
            "sale_point_msg": [
              [
                "",
                ""
              ],
              [
                "",
                ""
              ]
            ],
            "activity": [],
            "is_presale": 0,
            "presale_delivery_date_display": "",
            "is_gift": 0,
            "is_onion": 0,
            "is_invoice": 1,
            "sub_list": [],
            "badge_img": "",
            "is_vod": false,
            "stock_number": 26,
            "today_stockout": "",
            "is_booking": 0
          },
          {
            "id": "5bc804c5716de1a94f8b80ba",
            "product_name": "蒙牛真巴氏鲜牛奶 180ml/包",
            "name": "蒙牛真巴氏鲜牛奶 180ml/包",
            "origin_price": "2.80",
            "price": "2.80",
            "vip_price": "",
            "spec": "巴氏杀菌 袋装鲜乳",
            "small_image": "https://ddimg.ddxq.mobi/d74f9ec75725e1541953105704.png!maicai.product.list",
            "category_id": "58fb3a24936edfe5568b58db",
            "sizes": [],
            "total_sales": 9026,
            "month_sales": 0,
            "buy_limit": 0,
            "mark_discount": 0,
            "mark_new": 0,
            "mark_self": 0,
            "status": 1,
            "category_path": "58f9e574936edfe4568b5789,58fb3a24936edfe5568b58db",
            "type": 0,
            "stockout_reserved": false,
            "is_promotion": 0,
            "sale_point_msg": [
              [
                "",
                ""
              ],
              [
                "",
                ""
              ]
            ],
            "activity": [],
            "is_presale": 0,
            "presale_delivery_date_display": "",
            "is_gift": 0,
            "is_onion": 0,
            "is_invoice": 1,
            "sub_list": [],
            "badge_img": "",
            "is_vod": false,
            "stock_number": 50,
            "today_stockout": "",
            "is_booking": 0
          },
          {
            "id": "5bc59850716de1a94f8b6f43",
            "product_name": "生鲜宽面（大） 300g/盒",
            "name": "生鲜宽面（大） 300g/盒",
            "origin_price": "3.50",
            "price": "3.50",
            "vip_price": "",
            "spec": "手工宽面 嚼在嘴里更有劲",
            "small_image": "https://ddimg.ddxq.mobi/dec914e66fe9d1539676748492.JPG!maicai.product.list",
            "category_id": "58fb3b03936edf89778b57e1",
            "sizes": [],
            "total_sales": 8912,
            "month_sales": 0,
            "buy_limit": 0,
            "mark_discount": 0,
            "mark_new": 0,
            "mark_self": 0,
            "status": 1,
            "category_path": "58f9e58b936edfe2568b580d,58fb3b03936edf89778b57e1",
            "type": 0,
            "stockout_reserved": false,
            "is_promotion": 0,
            "sale_point_msg": [
              [
                "",
                ""
              ],
              [
                "",
                ""
              ]
            ],
            "activity": [],
            "is_presale": 0,
            "presale_delivery_date_display": "",
            "is_gift": 0,
            "is_onion": 0,
            "is_invoice": 1,
            "sub_list": [],
            "badge_img": "",
            "is_vod": false,
            "stock_number": 9,
            "today_stockout": "",
            "is_booking": 0
          },
          {
            "id": "5bf4ddba716de100468c785f",
            "product_name": "艺杏鸭血（银荣） 435g/盒",
            "name": "艺杏鸭血（银荣） 435g/盒",
            "origin_price": "3.90",
            "price": "3.90",
            "vip_price": "",
            "spec": "火锅里怎么能少了我",
            "small_image": "https://img.ddimg.mobi/product/bf8c64fb956441543472667365.jpg!maicai.product.list",
            "category_id": "5b0ff20d06752ead258bbb49",
            "sizes": [],
            "total_sales": 8805,
            "month_sales": 0,
            "buy_limit": 0,
            "mark_discount": 0,
            "mark_new": 0,
            "mark_self": 0,
            "status": 1,
            "category_path": "58f9e531936edfe5568b5747,5b0ff20d06752ead258bbb49",
            "type": 0,
            "stockout_reserved": false,
            "is_promotion": 0,
            "sale_point_msg": [
              [
                "",
                ""
              ],
              [
                "",
                ""
              ]
            ],
            "activity": [],
            "is_presale": 0,
            "presale_delivery_date_display": "",
            "is_gift": 0,
            "is_onion": 0,
            "is_invoice": 1,
            "sub_list": [],
            "badge_img": "",
            "is_vod": false,
            "stock_number": 1,
            "today_stockout": "",
            "is_booking": 0
          },
          {
            "id": "59afc4176ec2c438498b45f5",
            "product_name": "大昌美国粟米粒 200g/袋",
            "name": "大昌美国粟米粒 200g/袋",
            "origin_price": "7.80",
            "price": "7.80",
            "vip_price": "",
            "spec": "无需解冻 无需清洗 可直接烹调食用",
            "small_image": "https://ddimg.ddxq.mobi/5cc519fb57d171504748643856.jpg!maicai.product.list",
            "category_id": "5a053f42936edf450ca359f5",
            "sizes": [],
            "total_sales": 8569,
            "month_sales": 0,
            "buy_limit": 0,
            "mark_discount": 0,
            "mark_new": 0,
            "mark_self": 0,
            "status": 1,
            "category_path": "5a053f42936edf450ca359f5",
            "type": 0,
            "stockout_reserved": false,
            "is_promotion": 0,
            "sale_point_msg": [
              [
                "",
                ""
              ],
              [
                "",
                ""
              ]
            ],
            "activity": [],
            "is_presale": 0,
            "presale_delivery_date_display": "",
            "is_gift": 0,
            "is_onion": 0,
            "is_invoice": 1,
            "sub_list": [],
            "badge_img": "",
            "is_vod": false,
            "stock_number": 1,
            "today_stockout": "",
            "is_booking": 0
          },
          {
            "id": "5bbde452d033a19c678bbf22",
            "product_name": "安井黄金蛋饺 165g/包",
            "name": "安井黄金蛋饺 165g/包",
            "origin_price": "7.90",
            "price": "7.90",
            "vip_price": "",
            "spec": "清脆可口的马蹄入馅 甘甜入味",
            "small_image": "https://ddimg.ddxq.mobi/202c7fbf0402281539172014931.jpg!maicai.product.list",
            "category_id": "58fb4076936edfe5568b591a",
            "sizes": [],
            "total_sales": 8666,
            "month_sales": 0,
            "buy_limit": 0,
            "mark_discount": 0,
            "mark_new": 0,
            "mark_self": 0,
            "status": 1,
            "category_path": "58f9e5b3936edfe3568b5742,58fb4076936edfe5568b591a",
            "type": 0,
            "stockout_reserved": false,
            "is_promotion": 0,
            "sale_point_msg": [
              [
                "",
                ""
              ],
              [
                "",
                ""
              ]
            ],
            "activity": [],
            "is_presale": 0,
            "presale_delivery_date_display": "",
            "is_gift": 0,
            "is_onion": 0,
            "is_invoice": 1,
            "sub_list": [],
            "badge_img": "",
            "is_vod": true,
            "stock_number": 4,
            "today_stockout": "",
            "is_booking": 0
          },
          {
            "id": "5a4b463b6ec2c420778b4635",
            "product_name": "来伊份小米锅巴 78g/袋",
            "name": "来伊份小米锅巴 78g/袋",
            "origin_price": "4.90",
            "price": "4.90",
            "vip_price": "",
            "spec": "小米含量高达90% 米香浓郁片片香脆",
            "small_image": "https://ddimg.ddxq.mobi/0f5f617f1514884411854.jpg!maicai.product.list",
            "category_id": "5b0ff8c306752edd278bdbe1",
            "sizes": [],
            "total_sales": 8867,
            "month_sales": 0,
            "buy_limit": 0,
            "mark_discount": 0,
            "mark_new": 0,
            "mark_self": 0,
            "status": 1,
            "category_path": "59701e80936edf4f38915857,5b0ff8c306752edd278bdbe1",
            "type": 0,
            "stockout_reserved": false,
            "is_promotion": 0,
            "sale_point_msg": [
              [
                "",
                ""
              ],
              [
                "",
                ""
              ]
            ],
            "activity": [{
              "type": 1,
              "type_name": "满减",
              "tag": "每满39减5元"
            }],
            "is_presale": 0,
            "presale_delivery_date_display": "",
            "is_gift": 0,
            "is_onion": 0,
            "is_invoice": 1,
            "sub_list": [],
            "badge_img": "",
            "is_vod": false,
            "stock_number": 11,
            "today_stockout": "",
            "is_booking": 0
          },
          {
            "id": "58b7bac4916edf1f4dc1ec21",
            "product_name": "鼎丰料酒王 500ml/瓶",
            "name": "鼎丰料酒王 500ml/瓶",
            "origin_price": "5.50",
            "price": "5.50",
            "vip_price": "",
            "spec": "去除腥腻 还提香",
            "small_image": "https://img.ddimg.mobi/product/8fb970045ec721548094494171.jpg!deliver.product.list",
            "category_id": "58fb3bc1936edfe4568b58f9",
            "sizes": [],
            "total_sales": 8939,
            "month_sales": 0,
            "buy_limit": 0,
            "mark_discount": 0,
            "mark_new": 0,
            "mark_self": 0,
            "status": 1,
            "category_path": "58f9e5a1936edf89778b568b,58fb3bc1936edfe4568b58f9",
            "type": 0,
            "stockout_reserved": false,
            "is_promotion": 0,
            "sale_point_msg": [
              [
                "",
                ""
              ],
              [
                "",
                ""
              ]
            ],
            "activity": [],
            "is_presale": 0,
            "presale_delivery_date_display": "",
            "is_gift": 0,
            "is_onion": 0,
            "is_invoice": 1,
            "sub_list": [],
            "badge_img": "",
            "is_vod": false,
            "stock_number": 9,
            "today_stockout": "",
            "is_booking": 0
          },
          {
            "id": "59c0ef6e6ec2c4121f8b4599",
            "product_name": "汉康卤水老豆腐 380g/盒",
            "name": "汉康卤水老豆腐 380g/盒",
            "origin_price": "4.20",
            "price": "4.20",
            "vip_price": "",
            "spec": "盒装干净 本味豆香 久违的淳朴美味",
            "small_image": "https://img.ddimg.mobi/product/7d93c76f308261558670893918.jpg!deliver.product.list",
            "category_id": "58fbf508936edfe3568b599f",
            "sizes": [],
            "total_sales": 9014,
            "month_sales": 0,
            "buy_limit": 0,
            "mark_discount": 0,
            "mark_new": 0,
            "mark_self": 0,
            "status": 1,
            "category_path": "58f9d233936edfe3568b5655,58fbf508936edfe3568b599f",
            "type": 0,
            "stockout_reserved": false,
            "is_promotion": 0,
            "sale_point_msg": [
              [
                "",
                ""
              ],
              [
                "",
                ""
              ]
            ],
            "activity": [],
            "is_presale": 0,
            "presale_delivery_date_display": "",
            "is_gift": 0,
            "is_onion": 0,
            "is_invoice": 1,
            "sub_list": [],
            "badge_img": "",
            "is_vod": false,
            "stock_number": 6,
            "today_stockout": "",
            "is_booking": 0
          },
          {
            "id": "5b6c111dc0a1ea333a8b7968",
            "product_name": "楚留鲜鲜鹌鹑蛋24枚 200g",
            "name": "楚留鲜鲜鹌鹑蛋24枚 200g",
            "origin_price": "9.90",
            "price": "9.90",
            "vip_price": "",
            "spec": "营养丰富 味道鲜美",
            "small_image": "https://ddimg.ddxq.mobi/c4c87775684a31533809117568.jpg!maicai.product.list",
            "category_id": "596dd50c936edf052a8f816d",
            "sizes": [],
            "total_sales": 8798,
            "month_sales": 0,
            "buy_limit": 0,
            "mark_discount": 0,
            "mark_new": 0,
            "mark_self": 0,
            "status": 1,
            "category_path": "58f9e539936edf89778b567f,596dd50c936edf052a8f816d",
            "type": 0,
            "stockout_reserved": false,
            "is_promotion": 0,
            "sale_point_msg": [
              [
                "",
                ""
              ],
              [
                "",
                ""
              ]
            ],
            "activity": [],
            "is_presale": 0,
            "presale_delivery_date_display": "",
            "is_gift": 0,
            "is_onion": 0,
            "is_invoice": 1,
            "sub_list": [],
            "badge_img": "",
            "is_vod": false,
            "stock_number": 15,
            "today_stockout": "",
            "is_booking": 0
          },
          {
            "id": "58c3a2df936edfad323d47a1",
            "product_name": "光明莫斯利安酸牛奶 200g*12盒/箱",
            "name": "光明莫斯利安酸牛奶 200g*12盒/箱",
            "origin_price": "59.80",
            "price": "49.90",
            "vip_price": "",
            "spec": "经过巴氏杀菌热处理的酸奶（新老包装交替发货）",
            "small_image": "https://img.ddimg.mobi/product/179c2d79f590a1563869550466.png!deliver.product.list",
            "category_id": "58fb39fe936edfe4568b58ad",
            "sizes": [],
            "total_sales": 9008,
            "month_sales": 0,
            "buy_limit": 0,
            "mark_discount": 0,
            "mark_new": 0,
            "mark_self": 0,
            "status": 1,
            "category_path": "58f9e574936edfe4568b5789,58fb39fe936edfe4568b58ad",
            "type": 0,
            "stockout_reserved": false,
            "is_promotion": 0,
            "sale_point_msg": [
              [
                "巴士杀菌低温消毒",
                "营养健康益生菌发酵"
              ],
              [
                "来自长寿村的秘密",
                "酸奶我爱莫斯利安"
              ]
            ],
            "activity": [{
              "type": 6,
              "type_name": "特价",
              "tag": "精选好货"
            }],
            "is_presale": 0,
            "presale_delivery_date_display": "",
            "is_gift": 0,
            "is_onion": 0,
            "is_invoice": 1,
            "sub_list": [],
            "badge_img": "",
            "is_vod": false,
            "stock_number": 11,
            "today_stockout": "",
            "is_booking": 0
          },
          {
            "id": "59196859916edf4a24926d21",
            "product_name": "顶味龙须面 200g/袋",
            "name": "顶味龙须面 200g/袋",
            "origin_price": "2.70",
            "price": "2.70",
            "vip_price": "",
            "spec": "不粘更爽口 丝丝缕缕龙须面",
            "small_image": "https://ddimg.ddxq.mobi/4cf7212172fb81494837237226.jpg!maicai.product.list",
            "category_id": "58fb3b03936edf89778b57e1",
            "sizes": [],
            "total_sales": 8904,
            "month_sales": 0,
            "buy_limit": 0,
            "mark_discount": 0,
            "mark_new": 0,
            "mark_self": 0,
            "status": 1,
            "category_path": "58f9e58b936edfe2568b580d,58fb3b03936edf89778b57e1",
            "type": 0,
            "stockout_reserved": false,
            "is_promotion": 0,
            "sale_point_msg": [
              [
                "",
                ""
              ],
              [
                "",
                ""
              ]
            ],
            "activity": [],
            "is_presale": 0,
            "presale_delivery_date_display": "",
            "is_gift": 0,
            "is_onion": 0,
            "is_invoice": 1,
            "sub_list": [],
            "badge_img": "",
            "is_vod": false,
            "stock_number": 18,
            "today_stockout": "",
            "is_booking": 0
          },
          {
            "id": "5ad473eec0a1ea1f538b4596",
            "product_name": "恒都精选冷冻牛肉片 150g",
            "name": "恒都精选冷冻牛肉片 150g",
            "origin_price": "17.90",
            "price": "17.90",
            "vip_price": "",
            "spec": "肉香浓郁 Q弹细嫩",
            "small_image": "https://img.ddimg.mobi/product/870a918273e1f1548471209572.jpg!deliver.product.list",
            "category_id": "5ad476cbc3c442736a8b4a50",
            "sizes": [],
            "total_sales": 8803,
            "month_sales": 0,
            "buy_limit": 0,
            "mark_discount": 0,
            "mark_new": 0,
            "mark_self": 0,
            "status": 1,
            "category_path": "58f9e51f936edf88198b5718,5ad476cbc3c442736a8b4a50",
            "type": 0,
            "stockout_reserved": false,
            "is_promotion": 0,
            "sale_point_msg": [
              [
                "",
                ""
              ],
              [
                "",
                ""
              ]
            ],
            "activity": [],
            "is_presale": 0,
            "presale_delivery_date_display": "",
            "is_gift": 0,
            "is_onion": 0,
            "is_invoice": 1,
            "sub_list": [],
            "badge_img": "",
            "is_vod": false,
            "stock_number": 15,
            "today_stockout": "",
            "is_booking": 0
          },
          {
            "id": "5bd7b8f5716de100468bd49e",
            "product_name": "农百鲜冷冻鸡胸肉 400g",
            "name": "农百鲜冷冻鸡胸肉 400g",
            "origin_price": "13.90",
            "price": "13.90",
            "vip_price": "",
            "spec": "鲜嫩香醇 口感细腻",
            "small_image": "https://img.ddimg.mobi/product/2943464f5b51f1548468224356.jpg!deliver.product.list",
            "category_id": "58fa2201936edfe2568b589d",
            "sizes": [],
            "total_sales": 8900,
            "month_sales": 0,
            "buy_limit": 0,
            "mark_discount": 0,
            "mark_new": 0,
            "mark_self": 0,
            "status": 1,
            "category_path": "58f9e531936edfe5568b5747,58fa2201936edfe2568b589d",
            "type": 0,
            "stockout_reserved": false,
            "is_promotion": 0,
            "sale_point_msg": [
              [
                "",
                ""
              ],
              [
                "",
                ""
              ]
            ],
            "activity": [],
            "is_presale": 0,
            "presale_delivery_date_display": "",
            "is_gift": 0,
            "is_onion": 0,
            "is_invoice": 1,
            "sub_list": [],
            "badge_img": "https://img.ddimg.mobi/cf47783c866d81564663974316.png",
            "is_vod": false,
            "stock_number": 2,
            "today_stockout": "",
            "is_booking": 0
          },
          {
            "id": "5a0283226ec2c4bd4c8b4691",
            "product_name": "鲜活基围虾 350g",
            "name": "鲜活基围虾 350g",
            "origin_price": "33.90",
            "price": "33.90",
            "vip_price": "",
            "spec": "精挑细选大个头 到家活蹦乱跳哒~",
            "small_image": "https://img.ddimg.mobi/product/aba793c26fe751544415551443.jpg!maicai.product.list",
            "category_id": "58fa23fe916edf9b278b495a",
            "sizes": [],
            "total_sales": 9053,
            "month_sales": 0,
            "buy_limit": 0,
            "mark_discount": 0,
            "mark_new": 0,
            "mark_self": 0,
            "status": 1,
            "category_path": "58f9e568936edfe3568b5738,58fa23fe916edf9b278b495a",
            "type": 0,
            "stockout_reserved": false,
            "is_promotion": 0,
            "sale_point_msg": [
              [
                "叮咚家的虾，顶呱呱",
                "个大鲜活，棒棒哒"
              ],
              [
                "椒盐味，嘎嘣脆",
                "白灼蘸酱香甜嫩"
              ]
            ],
            "activity": [],
            "is_presale": 0,
            "presale_delivery_date_display": "",
            "is_gift": 0,
            "is_onion": 0,
            "is_invoice": 1,
            "sub_list": [],
            "badge_img": "https://img.ddimg.mobi/cf47783c866d81564663974316.png",
            "is_vod": false,
            "stock_number": 17,
            "today_stockout": "",
            "is_booking": 0
          },
          {
            "id": "59afc4a26ec2c438498b4641",
            "product_name": "大昌新西兰甜青豆 200g/袋",
            "name": "大昌新西兰甜青豆 200g/袋",
            "origin_price": "6.80",
            "price": "6.80",
            "vip_price": "",
            "spec": "颗粒饱满不干瘪 口感细嫩甜度高",
            "small_image": "https://ddimg.ddxq.mobi/535dbd4e1504692732530.jpg!maicai.product.list",
            "category_id": "5a053f42936edf450ca359f5",
            "sizes": [],
            "total_sales": 8494,
            "month_sales": 0,
            "buy_limit": 0,
            "mark_discount": 0,
            "mark_new": 0,
            "mark_self": 0,
            "status": 1,
            "category_path": "5a053f42936edf450ca359f5",
            "type": 0,
            "stockout_reserved": false,
            "is_promotion": 0,
            "sale_point_msg": [
              [
                "",
                ""
              ],
              [
                "",
                ""
              ]
            ],
            "activity": [],
            "is_presale": 0,
            "presale_delivery_date_display": "",
            "is_gift": 0,
            "is_onion": 0,
            "is_invoice": 1,
            "sub_list": [],
            "badge_img": "",
            "is_vod": false,
            "stock_number": 3,
            "today_stockout": "",
            "is_booking": 0
          },
          {
            "id": "5b164393c0a1ea3e798b45fd",
            "product_name": "玛呖德紫米吐司面包 110g/袋",
            "name": "玛呖德紫米吐司面包 110g/袋",
            "origin_price": "2.90",
            "price": "2.90",
            "vip_price": "",
            "spec": "紫米配吐司是什么味道？网红快来尝尝~",
            "small_image": "https://ddimg.ddxq.mobi/4765af3db79781528364572252.jpg!maicai.product.list",
            "category_id": "5b0ffa4406752ec7288bebe4",
            "sizes": [],
            "total_sales": 8971,
            "month_sales": 0,
            "buy_limit": 0,
            "mark_discount": 0,
            "mark_new": 0,
            "mark_self": 0,
            "status": 1,
            "category_path": "58f9e5b3936edfe3568b5742,5b0ffa4406752ec7288bebe4",
            "type": 0,
            "stockout_reserved": false,
            "is_promotion": 0,
            "sale_point_msg": [
              [
                "吐司遇上紫米？",
                "麦香四溢 松软鲜香"
              ],
              [
                "早餐下午茶和夜宵",
                "一口一口真满足！"
              ]
            ],
            "activity": [],
            "is_presale": 0,
            "presale_delivery_date_display": "",
            "is_gift": 0,
            "is_onion": 0,
            "is_invoice": 1,
            "sub_list": [],
            "badge_img": "",
            "is_vod": false,
            "stock_number": 11,
            "today_stockout": "",
            "is_booking": 0
          },
          {
            "id": "58b7b2d2916edfa74cc20ee7",
            "product_name": "玉棠白砂糖 500g/袋",
            "name": "玉棠白砂糖 500g/袋",
            "origin_price": "5.80",
            "price": "5.80",
            "vip_price": "",
            "spec": "新老包装更替 优选甘蔗原料 口感甘甜",
            "small_image": "https://ddimg.ddxq.mobi/f75aa949862d31519529116908.jpg!maicai.product.list",
            "category_id": "58fb3b9b936edfc0408b586c",
            "sizes": [],
            "total_sales": 8902,
            "month_sales": 0,
            "buy_limit": 0,
            "mark_discount": 0,
            "mark_new": 0,
            "mark_self": 0,
            "status": 1,
            "category_path": "58f9e5a1936edf89778b568b,58fb3b9b936edfc0408b586c",
            "type": 0,
            "stockout_reserved": false,
            "is_promotion": 0,
            "sale_point_msg": [
              [
                "",
                ""
              ],
              [
                "",
                ""
              ]
            ],
            "activity": [],
            "is_presale": 0,
            "presale_delivery_date_display": "",
            "is_gift": 0,
            "is_onion": 0,
            "is_invoice": 1,
            "sub_list": [],
            "badge_img": "",
            "is_vod": false,
            "stock_number": 17,
            "today_stockout": "",
            "is_booking": 0
          },
          {
            "id": "58f6e34c916edf544dcb940f",
            "product_name": "红牛维生素功能饮料 250ml/罐",
            "name": "红牛维生素功能饮料 250ml/罐",
            "origin_price": "6.50",
            "price": "6.50",
            "vip_price": "",
            "spec": "是上班族 健身运动人士的优选之品",
            "small_image": "https://ddimg.ddxq.mobi/20fff84323e8e1499677775381.jpg!maicai.product.list",
            "category_id": "58fb4119936edfe6568b5a53",
            "sizes": [],
            "total_sales": 8970,
            "month_sales": 0,
            "buy_limit": 0,
            "mark_discount": 0,
            "mark_new": 0,
            "mark_self": 0,
            "status": 1,
            "category_path": "58f9e5c4936edfe4568b5793,58fb4119936edfe6568b5a53",
            "type": 0,
            "stockout_reserved": false,
            "is_promotion": 0,
            "sale_point_msg": [
              [
                "",
                ""
              ],
              [
                "",
                ""
              ]
            ],
            "activity": [],
            "is_presale": 0,
            "presale_delivery_date_display": "",
            "is_gift": 0,
            "is_onion": 0,
            "is_invoice": 1,
            "sub_list": [],
            "badge_img": "",
            "is_vod": false,
            "stock_number": 25,
            "today_stockout": "",
            "is_booking": 0
          },
          {
            "id": "58cbd96d916edfcb4cc56be1",
            "product_name": "妙洁增厚保鲜袋（中号） 70只/袋",
            "name": "妙洁增厚保鲜袋（中号） 70只/袋",
            "origin_price": "4.80",
            "price": "4.80",
            "vip_price": "",
            "spec": "30cm*20cm 抽取式食品用保鲜袋",
            "small_image": "https://img.ddimg.mobi/product/e48bfd37d22591560761666525.jpg!deliver.product.list",
            "category_id": "58f9e5cc936edfe6568b5897",
            "sizes": [],
            "total_sales": 8409,
            "month_sales": 0,
            "buy_limit": 0,
            "mark_discount": 0,
            "mark_new": 0,
            "mark_self": 0,
            "status": 1,
            "category_path": "58f9e5cc936edfe6568b5897",
            "type": 0,
            "stockout_reserved": false,
            "is_promotion": 0,
            "sale_point_msg": [
              [
                "",
                ""
              ],
              [
                "",
                ""
              ]
            ],
            "activity": [],
            "is_presale": 0,
            "presale_delivery_date_display": "",
            "is_gift": 0,
            "is_onion": 0,
            "is_invoice": 1,
            "sub_list": [],
            "badge_img": "",
            "is_vod": false,
            "stock_number": 13,
            "today_stockout": "",
            "is_booking": 0
          },
          {
            "id": "5b971a22c0a1ea8f1c8b5564",
            "product_name": "小青菜 300g",
            "name": "小青菜 300g",
            "origin_price": "1.90",
            "price": "1.90",
            "vip_price": "",
            "spec": "鲜嫩可口小青菜",
            "small_image": "https://ddimg.ddxq.mobi/6ddcf206d96c11536630132340.jpg!maicai.product.list",
            "category_id": "58fbf49b936edfe6568b5ac5",
            "sizes": [],
            "total_sales": 9086,
            "month_sales": 0,
            "buy_limit": 0,
            "mark_discount": 0,
            "mark_new": 0,
            "mark_self": 0,
            "status": 1,
            "category_path": "58f9d213936edfe4568b569a,58fbf49b936edfe6568b5ac5",
            "type": 0,
            "stockout_reserved": false,
            "is_promotion": 0,
            "sale_point_msg": [
              [
                "",
                ""
              ],
              [
                "",
                ""
              ]
            ],
            "activity": [],
            "is_presale": 0,
            "presale_delivery_date_display": "",
            "is_gift": 0,
            "is_onion": 0,
            "is_invoice": 1,
            "sub_list": [],
            "badge_img": "",
            "is_vod": false,
            "stock_number": 55,
            "today_stockout": "",
            "is_booking": 0
          },
          {
            "id": "59537998936edfb3448bf983",
            "product_name": "汉康日本豆腐 90g/袋",
            "name": "汉康日本豆腐 90g/袋",
            "origin_price": "1.90",
            "price": "1.90",
            "vip_price": "",
            "spec": "豆腐之爽滑鲜嫩 鸡蛋之美味清香",
            "small_image": "https://img.ddimg.mobi/product/2014875e60fd1547801754592.jpg!deliver.product.list",
            "category_id": "58fbf508936edfe3568b599f",
            "sizes": [],
            "total_sales": 8997,
            "month_sales": 0,
            "buy_limit": 0,
            "mark_discount": 0,
            "mark_new": 0,
            "mark_self": 0,
            "status": 1,
            "category_path": "58f9d233936edfe3568b5655,58fbf508936edfe3568b599f",
            "type": 0,
            "stockout_reserved": false,
            "is_promotion": 0,
            "sale_point_msg": [
              [
                "",
                ""
              ],
              [
                "",
                ""
              ]
            ],
            "activity": [],
            "is_presale": 0,
            "presale_delivery_date_display": "",
            "is_gift": 0,
            "is_onion": 0,
            "is_invoice": 1,
            "sub_list": [],
            "badge_img": "",
            "is_vod": false,
            "stock_number": 11,
            "today_stockout": "",
            "is_booking": 0
          },
          {
            "id": "5bdab346716de100468beabe",
            "product_name": "圣太乐谷物蛋8枚 425g",
            "name": "圣太乐谷物蛋8枚 425g",
            "origin_price": "12.90",
            "price": "12.90",
            "vip_price": "",
            "spec": "科学喂养 散养土鸡蛋",
            "small_image": "https://ddimg.ddxq.mobi/be2fff6b71fd41541498812199.jpg!maicai.product.list",
            "category_id": "58fa233c916edf7c198b4972",
            "sizes": [],
            "total_sales": 8620,
            "month_sales": 0,
            "buy_limit": 0,
            "mark_discount": 0,
            "mark_new": 0,
            "mark_self": 0,
            "status": 1,
            "category_path": "58f9e539936edf89778b567f,58fa233c916edf7c198b4972",
            "type": 0,
            "stockout_reserved": false,
            "is_promotion": 0,
            "sale_point_msg": [
              [
                "",
                ""
              ],
              [
                "",
                ""
              ]
            ],
            "activity": [],
            "is_presale": 0,
            "presale_delivery_date_display": "",
            "is_gift": 0,
            "is_onion": 0,
            "is_invoice": 1,
            "sub_list": [],
            "badge_img": "https://img.ddimg.mobi/cf47783c866d81564663974316.png",
            "is_vod": false,
            "stock_number": 3,
            "today_stockout": "",
            "is_booking": 0
          },
          {
            "id": "58bcdd77936edf33323ccfb7",
            "product_name": "养乐多（原味） 100ml*5瓶",
            "name": "养乐多（原味） 100ml*5瓶",
            "origin_price": "11.70",
            "price": "11.70",
            "vip_price": "",
            "spec": "新老包装交替中～",
            "small_image": "https://img.ddimg.mobi/product/a6509cbc474881557192614521.jpg!deliver.product.list",
            "category_id": "5b10162cc5702eb0168c4240",
            "sizes": [],
            "total_sales": 9022,
            "month_sales": 0,
            "buy_limit": 0,
            "mark_discount": 0,
            "mark_new": 0,
            "mark_self": 0,
            "status": 1,
            "category_path": "58f9e574936edfe4568b5789,5b10162cc5702eb0168c4240",
            "type": 0,
            "stockout_reserved": false,
            "is_promotion": 0,
            "sale_point_msg": [
              [
                "",
                ""
              ],
              [
                "",
                ""
              ]
            ],
            "activity": [],
            "is_presale": 0,
            "presale_delivery_date_display": "",
            "is_gift": 0,
            "is_onion": 0,
            "is_invoice": 1,
            "sub_list": [],
            "badge_img": "",
            "is_vod": false,
            "stock_number": 21,
            "today_stockout": "",
            "is_booking": 0
          },
          {
            "id": "5b45ed11c0a1ea173b8c2390",
            "product_name": "粮管家乳玉香米 5kg/袋",
            "name": "粮管家乳玉香米 5kg/袋",
            "origin_price": "44.80",
            "price": "35.90",
            "vip_price": "",
            "spec": "乳白似玉 软糯香甜",
            "small_image": "https://img.ddimg.mobi/product/a0eed545c1d561543164666286.png!maicai.product.list",
            "category_id": "58fb3af5936edfe6568b5a05",
            "sizes": [],
            "total_sales": 8806,
            "month_sales": 0,
            "buy_limit": 0,
            "mark_discount": 0,
            "mark_new": 0,
            "mark_self": 0,
            "status": 1,
            "category_path": "58f9e58b936edfe2568b580d,58fb3af5936edfe6568b5a05",
            "type": 0,
            "stockout_reserved": false,
            "is_promotion": 0,
            "sale_point_msg": [
              [
                "",
                ""
              ],
              [
                "",
                ""
              ]
            ],
            "activity": [{
              "type": 6,
              "type_name": "特价",
              "tag": "精选好货"
            }],
            "is_presale": 0,
            "presale_delivery_date_display": "",
            "is_gift": 0,
            "is_onion": 0,
            "is_invoice": 1,
            "sub_list": [],
            "badge_img": "",
            "is_vod": false,
            "stock_number": 16,
            "today_stockout": "",
            "is_booking": 0
          }
        ],
        "link": "ddxq://product/userLike/list?title=猜你喜欢"
      },
      {
        "id": "vip_special",
        "name": "会员特价",
        "products": [{
            "id": "5b4f0968c0a1eac91e8b4874",
            "product_name": "甜玉米 约800g",
            "name": "甜玉米 约800g",
            "origin_price": "6.50",
            "price": "6.50",
            "vip_price": "5.90",
            "spec": "甜到心里 每一粒都不想错过",
            "small_image": "https://img.ddimg.mobi/product/1ebc6ffb4efb41556164202973.jpg!deliver.product.list",
            "category_id": "58fbf4ab936edf42508b4646",
            "sizes": [],
            "total_sales": 9065,
            "month_sales": 0,
            "buy_limit": 0,
            "mark_discount": 0,
            "mark_new": 0,
            "mark_self": 0,
            "status": 1,
            "category_path": "58f9d213936edfe4568b569a,58fbf4ab936edf42508b4646",
            "type": 0,
            "stockout_reserved": false,
            "is_promotion": 0,
            "sale_point_msg": [
              [
                "",
                ""
              ],
              [
                "",
                ""
              ]
            ],
            "activity": [],
            "is_presale": 0,
            "presale_delivery_date_display": "",
            "is_gift": 0,
            "is_onion": 0,
            "is_invoice": 1,
            "sub_list": [],
            "badge_img": "https://img.ddimg.mobi/cf47783c866d81564663974316.png",
            "is_vod": false,
            "stock_number": 93,
            "today_stockout": "",
            "is_booking": 0
          },
          {
            "id": "58babcb0936edf33323c6a94",
            "product_name": "长南瓜 约500g",
            "name": "长南瓜 约500g",
            "origin_price": "3.80",
            "price": "3.80",
            "vip_price": "3.29",
            "spec": "超甜超糯 养胃好搭档",
            "small_image": "https://img.ddimg.mobi/product/bf8e049779a471545281707144.jpg!maicai.product.list",
            "category_id": "58fbf4bf936edfe3568b5990",
            "sizes": [],
            "total_sales": 9058,
            "month_sales": 0,
            "buy_limit": 0,
            "mark_discount": 0,
            "mark_new": 0,
            "mark_self": 0,
            "status": 1,
            "category_path": "58f9d213936edfe4568b569a,58fbf4bf936edfe3568b5990",
            "type": 0,
            "stockout_reserved": false,
            "is_promotion": 0,
            "sale_point_msg": [
              [
                "",
                ""
              ],
              [
                "",
                ""
              ]
            ],
            "activity": [],
            "is_presale": 0,
            "presale_delivery_date_display": "",
            "is_gift": 0,
            "is_onion": 0,
            "is_invoice": 1,
            "sub_list": [],
            "badge_img": "",
            "is_vod": false,
            "stock_number": 29,
            "today_stockout": "",
            "is_booking": 0
          },
          {
            "id": "58f00e99936edfbc3246db8e",
            "product_name": "空心菜 300g",
            "name": "空心菜 300g",
            "origin_price": "2.20",
            "price": "2.20",
            "vip_price": "",
            "spec": "上海本地菜 时令鲜蔬 来一盘蒜蓉空心菜？",
            "small_image": "https://img.ddimg.mobi/product/1142788129d091554271352657.jpg!deliver.product.list",
            "category_id": "58fbf49b936edfe6568b5ac5",
            "sizes": [],
            "total_sales": 9052,
            "month_sales": 0,
            "buy_limit": 0,
            "mark_discount": 0,
            "mark_new": 0,
            "mark_self": 0,
            "status": 1,
            "category_path": "58f9d213936edfe4568b569a,58fbf49b936edfe6568b5ac5",
            "type": 0,
            "stockout_reserved": false,
            "is_promotion": 0,
            "sale_point_msg": [
              [
                "夏季时令鲜蔬",
                "素有“绿色精灵”之称"
              ],
              [
                "绿杆空心得名",
                "清炒鲜嫩可口"
              ]
            ],
            "activity": [],
            "is_presale": 0,
            "presale_delivery_date_display": "",
            "is_gift": 0,
            "is_onion": 0,
            "is_invoice": 1,
            "sub_list": [],
            "badge_img": "",
            "is_vod": false,
            "stock_number": 20,
            "today_stockout": "",
            "is_booking": 0
          },
          {
            "id": "5ad9943ac0a1ea84688b4582",
            "product_name": "线椒 150g",
            "name": "线椒 150g",
            "origin_price": "2.80",
            "price": "2.80",
            "vip_price": "2.50",
            "spec": "炒一盘农家小炒肉？全靠我提味儿~",
            "small_image": "https://img.ddimg.mobi/product/befc4a8be1acc1546686264765.jpg!maicai.product.list",
            "category_id": "58fbf4fb936edf42508b4654",
            "sizes": [],
            "total_sales": 9051,
            "month_sales": 0,
            "buy_limit": 0,
            "mark_discount": 0,
            "mark_new": 0,
            "mark_self": 0,
            "status": 1,
            "category_path": "58f9d213936edfe4568b569a,58fbf4fb936edf42508b4654",
            "type": 0,
            "stockout_reserved": false,
            "is_promotion": 0,
            "sale_point_msg": [
              [
                "",
                ""
              ],
              [
                "",
                ""
              ]
            ],
            "activity": [],
            "is_presale": 0,
            "presale_delivery_date_display": "",
            "is_gift": 0,
            "is_onion": 0,
            "is_invoice": 1,
            "sub_list": [],
            "badge_img": "",
            "is_vod": false,
            "stock_number": 31,
            "today_stockout": "",
            "is_booking": 0
          },
          {
            "id": "58da3a11916edf1d4dc6a031",
            "product_name": "芋艿 300g",
            "name": "芋艿 300g",
            "origin_price": "3.90",
            "price": "3.90",
            "vip_price": "",
            "spec": "粗糙的外表 但是我软糯味道好",
            "small_image": "https://ddimg.ddxq.mobi/7c939753addce1539741696275.jpg!maicai.product.list",
            "category_id": "58fbf4ab936edf42508b4646",
            "sizes": [],
            "total_sales": 9050,
            "month_sales": 0,
            "buy_limit": 0,
            "mark_discount": 0,
            "mark_new": 0,
            "mark_self": 0,
            "status": 1,
            "category_path": "58f9d213936edfe4568b569a,58fbf4ab936edf42508b4646",
            "type": 0,
            "stockout_reserved": false,
            "is_promotion": 0,
            "sale_point_msg": [
              [
                "",
                ""
              ],
              [
                "",
                ""
              ]
            ],
            "activity": [],
            "is_presale": 0,
            "presale_delivery_date_display": "",
            "is_gift": 0,
            "is_onion": 0,
            "is_invoice": 1,
            "sub_list": [],
            "badge_img": "",
            "is_vod": false,
            "stock_number": 8,
            "today_stockout": "可订明日",
            "is_booking": 1
          },
          {
            "id": "59919562936edf20548eb111",
            "product_name": "西兰花 约500g",
            "name": "西兰花 约500g",
            "origin_price": "5.90",
            "price": "5.90",
            "vip_price": "",
            "spec": "生食炒食凉拌 总有一种你爱的",
            "small_image": "https://img.ddimg.mobi/product/2558c821a46ae1545281569308.jpg!maicai.product.list",
            "category_id": "599fda09936edf10388f85fb",
            "sizes": [],
            "total_sales": 9047,
            "month_sales": 0,
            "buy_limit": 0,
            "mark_discount": 0,
            "mark_new": 0,
            "mark_self": 0,
            "status": 1,
            "category_path": "58f9d213936edfe4568b569a,599fda09936edf10388f85fb",
            "type": 0,
            "stockout_reserved": false,
            "is_promotion": 0,
            "sale_point_msg": [
              [
                "可制作沙拉与清炒",
                "餐桌百变女王"
              ],
              [
                "散而入味营养丰富",
                "被誉为“蔬菜皇冠”"
              ]
            ],
            "activity": [],
            "is_presale": 0,
            "presale_delivery_date_display": "",
            "is_gift": 0,
            "is_onion": 0,
            "is_invoice": 1,
            "sub_list": [],
            "badge_img": "https://img.ddimg.mobi/cf47783c866d81564663974316.png",
            "is_vod": false,
            "stock_number": 16,
            "today_stockout": "",
            "is_booking": 0
          },
          {
            "id": "58f1b84d916edfb84ccb5f39",
            "product_name": "松花菜半颗 约500g",
            "name": "松花菜半颗 约500g",
            "origin_price": "6.90",
            "price": "6.90",
            "vip_price": "",
            "spec": "脆脆嫩嫩 花菜我一般选这种~",
            "small_image": "https://ddimg.ddxq.mobi/47a79cef49d661492078512642.jpeg!maicai.product.list",
            "category_id": "599fda09936edf10388f85fb",
            "sizes": [],
            "total_sales": 9043,
            "month_sales": 0,
            "buy_limit": 0,
            "mark_discount": 0,
            "mark_new": 0,
            "mark_self": 0,
            "status": 1,
            "category_path": "58f9d213936edfe4568b569a,599fda09936edf10388f85fb",
            "type": 0,
            "stockout_reserved": false,
            "is_promotion": 0,
            "sale_point_msg": [
              [
                "清甜爽脆",
                "质地细嫩"
              ],
              [
                "味甘鲜美",
                "粒细而均"
              ]
            ],
            "activity": [],
            "is_presale": 0,
            "presale_delivery_date_display": "",
            "is_gift": 0,
            "is_onion": 0,
            "is_invoice": 1,
            "sub_list": [],
            "badge_img": "",
            "is_vod": false,
            "stock_number": 14,
            "today_stockout": "",
            "is_booking": 0
          },
          {
            "id": "58f57016916edf154dcb1551",
            "product_name": "泰国进口超甜龙眼 500g",
            "name": "泰国进口超甜龙眼 500g",
            "origin_price": "10.90",
            "price": "8.90",
            "vip_price": "",
            "spec": "色泽晶莹 柔软细嫩",
            "small_image": "https://img.ddimg.mobi/product/de02c34be37991544521921435.jpg!maicai.product.list",
            "category_id": "58fd6b9c916edf7a198b4a93",
            "sizes": [],
            "total_sales": 9039,
            "month_sales": 0,
            "buy_limit": 0,
            "mark_discount": 0,
            "mark_new": 0,
            "mark_self": 0,
            "status": 1,
            "category_path": "58fd663f936edfe3568b5c15,58fd6b9c916edf7a198b4a93",
            "type": 0,
            "stockout_reserved": false,
            "is_promotion": 0,
            "sale_point_msg": [
              [
                "美味“夜明珠”",
                "颜如玉 甜如蜜"
              ],
              [
                "鲜食享美味",
                "营养好炖品"
              ]
            ],
            "activity": [{
                "type": 1,
                "type_name": "满减",
                "tag": "每满39减5元"
              },
              {
                "type": 6,
                "type_name": "特价",
                "tag": ""
              }
            ],
            "is_presale": 0,
            "presale_delivery_date_display": "",
            "is_gift": 0,
            "is_onion": 0,
            "is_invoice": 1,
            "sub_list": [],
            "badge_img": "",
            "is_vod": false,
            "stock_number": 8,
            "today_stockout": "",
            "is_booking": 0
          },
          {
            "id": "58b7cd0f936edfb1323bf59d",
            "product_name": "紫色细长茄 约310g",
            "name": "紫色细长茄 约310g",
            "origin_price": "2.80",
            "price": "2.80",
            "vip_price": "",
            "spec": "自然生长 长短不一 可凉拌可红烧快炒",
            "small_image": "https://ddimg.ddxq.mobi/8f8c77adcc2ef1524212214879.jpg!maicai.product.list",
            "category_id": "58fbf4bf936edfe3568b5990",
            "sizes": [],
            "total_sales": 9036,
            "month_sales": 0,
            "buy_limit": 0,
            "mark_discount": 0,
            "mark_new": 0,
            "mark_self": 0,
            "status": 1,
            "category_path": "58f9d213936edfe4568b569a,58fbf4bf936edfe3568b5990",
            "type": 0,
            "stockout_reserved": false,
            "is_promotion": 0,
            "sale_point_msg": [
              [
                "",
                ""
              ],
              [
                "",
                ""
              ]
            ],
            "activity": [],
            "is_presale": 0,
            "presale_delivery_date_display": "",
            "is_gift": 0,
            "is_onion": 0,
            "is_invoice": 1,
            "sub_list": [],
            "badge_img": "",
            "is_vod": false,
            "stock_number": 43,
            "today_stockout": "",
            "is_booking": 0
          },
          {
            "id": "58ca5461916edfe64cc50a84",
            "product_name": "精品娃娃菜3颗装",
            "name": "精品娃娃菜3颗装",
            "origin_price": "6.90",
            "price": "4.80",
            "vip_price": "",
            "spec": "家常百搭菜 回味甘甜~",
            "small_image": "https://ddimg.ddxq.mobi/bbe4da1d771041541779448527.jpg!maicai.product.list",
            "category_id": "58fbf49b936edfe6568b5ac5",
            "sizes": [],
            "total_sales": 9033,
            "month_sales": 0,
            "buy_limit": 0,
            "mark_discount": 0,
            "mark_new": 0,
            "mark_self": 0,
            "status": 1,
            "category_path": "58f9d213936edfe4568b569a,58fbf49b936edfe6568b5ac5",
            "type": 0,
            "stockout_reserved": false,
            "is_promotion": 0,
            "sale_point_msg": [
              [
                "脆嫩新鲜",
                "咀嚼水润清甜"
              ],
              [
                "蒜蓉粉丝娃娃菜",
                "简单美味又健康"
              ]
            ],
            "activity": [{
              "type": 6,
              "type_name": "特价",
              "tag": ""
            }],
            "is_presale": 0,
            "presale_delivery_date_display": "",
            "is_gift": 0,
            "is_onion": 0,
            "is_invoice": 1,
            "sub_list": [],
            "badge_img": "https://img.ddimg.mobi/cf47783c866d81564663974316.png",
            "is_vod": false,
            "stock_number": 23,
            "today_stockout": "",
            "is_booking": 0
          }
        ],
        "link": "https://activity.m.ddxq.mobi/#/vip?go_product=1"
      }
    ]
  },
  "server_time": 1565084914
}