{
  "success": true,
  "code": 0,
  "msg": "ok",
  "data": {
    "ad_id": "1124",
    "cate": [{
      "id": "5af69cb3c3c442387d93453d",
      "name": "爆款",
      "products": [{
        "id": "5a13c4e46ec2c490718b4589",
        "product_name": "新雅大厨速冻荠菜鲜肉馅料 500g",
        "name": "新雅大厨速冻荠菜鲜肉馅料 500g",
        "origin_price": "27.80",
        "price": "27.80",
        "vip_price": "23.80",
        "spec": "饺子馄饨 自己做的好吃的很呢",
        "small_image": "http:\/\/img.ddimg.mobi\/product\/505e34c03a12b1548474426520.jpg!deliver.product.list",
        "category_id": "5b0ff291c5702e62168bcee5",
        "sizes": [],
        "total_sales": 10604,
        "month_sales": 0,
        "buy_limit": 0,
        "mark_discount": 0,
        "mark_new": 0,
        "mark_self": 0,
        "status": 1,
        "category_path": "58f9e5b3936edfe3568b5742,5b0ff291c5702e62168bcee5",
        "type": 0,
        "stockout_reserved": false,
        "is_promotion": 0,
        "sale_point_msg": [
          ["在家吃出饭店味道", "新鲜荠菜搭配优质猪肉"],
          ["量足味美", "包出超好吃的饺子馄饨"]
        ],
        "activity": [],
        "is_presale": 0,
        "presale_delivery_date_display": "",
        "is_gift": 0,
        "is_onion": 0,
        "is_invoice": 1,
        "sub_list": [],
        "badge_img": "",
        "is_vod": false,
        "oid": 4366,
        "stock_number": 8,
        "today_stockout": "",
        "is_booking": 0
      }, {
        "id": "5d4fc9c37cdbf0310369de32",
        "product_name": "【酸汤肥牛】恒都精选冷冻肥牛卷+家乐酸汤肥牛菜用调味料",
        "name": "【酸汤肥牛】恒都精选冷冻肥牛卷+家乐酸汤肥牛菜用调味料",
        "origin_price": "45.80",
        "price": "34.80",
        "vip_price": "",
        "spec": "无需调味，只需4步，轻松做出餐厅招牌菜",
        "small_image": "http:\/\/img.ddimg.mobi\/product\/5e691d37229d51565510057535.jpg!deliver.product.list",
        "category_id": "",
        "sizes": [],
        "total_sales": 8490,
        "month_sales": 0,
        "buy_limit": 0,
        "mark_discount": 0,
        "mark_new": 0,
        "mark_self": 0,
        "status": 1,
        "category_path": "",
        "type": 2,
        "stockout_reserved": false,
        "is_promotion": 0,
        "sale_point_msg": [],
        "activity": [],
        "is_presale": 0,
        "presale_delivery_date_display": "",
        "is_gift": 0,
        "is_onion": 0,
        "is_invoice": 0,
        "sub_list": [{
          "id": "5c1364e6716de1e77d8b61d9",
          "count": 1,
          "product_name": "恒都精选冷冻肥牛卷 300g",
          "name": "恒都精选冷冻肥牛卷 300g",
          "origin_price": "32.90",
          "price": "24.90",
          "small_image": "http:\/\/img.ddimg.mobi\/product\/dd6461d23af591548470818889.jpg!deliver.product.list",
          "stock_number": 13,
          "status": 1,
          "is_invoice": 1
        }, {
          "id": "5d41881e10abf13297343880",
          "count": 1,
          "product_name": "家乐酸汤肥牛菜用调味料 100g\/袋",
          "name": "家乐酸汤肥牛菜用调味料 100g\/袋",
          "origin_price": "12.90",
          "price": "9.90",
          "small_image": "http:\/\/img.ddimg.mobi\/product\/74a30d8787e281564575816465.jpg!deliver.product.list",
          "stock_number": 48,
          "status": 1,
          "is_invoice": 1
        }],
        "badge_img": "",
        "is_vod": false,
        "oid": 12773,
        "stock_number": 13,
        "today_stockout": "",
        "is_booking": 0
      }, {
        "id": "5d4fcbedb0055a0b517a9dc5",
        "product_name": "【馋嘴牛蛙】家乐馋嘴牛蛙菜用调味料 +爱之鱼冷冻牛蛙",
        "name": "【馋嘴牛蛙】家乐馋嘴牛蛙菜用调味料 +爱之鱼冷冻牛蛙",
        "origin_price": "32.80",
        "price": "29.90",
        "vip_price": "",
        "spec": "无需调味，只需4步，轻松做出餐厅招牌菜",
        "small_image": "http:\/\/img.ddimg.mobi\/product\/a69ebb015e98a1565510631602.jpg!deliver.product.list",
        "category_id": "",
        "sizes": [],
        "total_sales": 7610,
        "month_sales": 0,
        "buy_limit": 0,
        "mark_discount": 0,
        "mark_new": 0,
        "mark_self": 0,
        "status": 1,
        "category_path": "",
        "type": 2,
        "stockout_reserved": false,
        "is_promotion": 0,
        "sale_point_msg": [],
        "activity": [],
        "is_presale": 0,
        "presale_delivery_date_display": "",
        "is_gift": 0,
        "is_onion": 0,
        "is_invoice": 0,
        "sub_list": [{
          "id": "5d4187c510abf1329457b171",
          "count": 1,
          "product_name": "家乐馋嘴牛蛙菜用调味料 100g\/袋",
          "name": "家乐馋嘴牛蛙菜用调味料 100g\/袋",
          "origin_price": "12.90",
          "price": "11.00",
          "small_image": "http:\/\/img.ddimg.mobi\/product\/c16e6dd1a551564575704470.jpg!deliver.product.list",
          "stock_number": 6,
          "status": 1,
          "is_invoice": 1
        }, {
          "id": "5d1f1a4a7cdbf030fd52f441",
          "count": 1,
          "product_name": "爱之鱼冷冻牛蛙 300g",
          "name": "爱之鱼冷冻牛蛙 300g",
          "origin_price": "19.90",
          "price": "18.90",
          "small_image": "http:\/\/img.ddimg.mobi\/product\/f5cc33623a66b1562319524280.jpg!deliver.product.list",
          "stock_number": 2,
          "status": 1,
          "is_invoice": 1
        }],
        "badge_img": "",
        "is_vod": false,
        "oid": 12774,
        "stock_number": 2,
        "today_stockout": "",
        "is_booking": 0
      }]
    }, {
      "id": "5ceb5f3a10abf114b13c6caa",
      "name": "精致大菜",
      "products": [{
        "id": "5ad301a6c0a1ead23f8b4592",
        "product_name": "新雅大厨半成品香菇狮子头 225g",
        "name": "新雅大厨半成品香菇狮子头 225g",
        "origin_price": "22.90",
        "price": "22.90",
        "vip_price": "",
        "spec": "肉质紧密 滋味悠长",
        "small_image": "http:\/\/img.ddimg.mobi\/product\/05ff0066c75f41567328189627.jpg!deliver.product.list",
        "category_id": "5a053f42936edf450ca359f5",
        "sizes": [],
        "total_sales": 9543,
        "month_sales": 0,
        "buy_limit": 0,
        "mark_discount": 0,
        "mark_new": 0,
        "mark_self": 0,
        "status": 1,
        "category_path": "5a053f42936edf450ca359f5",
        "type": 0,
        "stockout_reserved": false,
        "is_promotion": 0,
        "sale_point_msg": [
          ["", ""],
          ["", ""]
        ],
        "activity": [{
          "type": 9,
          "type_name": "39元2件",
          "tag": "39元任选2件"
        }],
        "is_presale": 0,
        "presale_delivery_date_display": "",
        "is_gift": 0,
        "is_onion": 0,
        "is_invoice": 1,
        "sub_list": [],
        "badge_img": "",
        "is_vod": false,
        "oid": 5753,
        "stock_number": 3,
        "today_stockout": "",
        "is_booking": 0
      }, {
        "id": "5ad30145c0a1ead23f8b4588",
        "product_name": "新雅大厨半成品炸猪排 225g",
        "name": "新雅大厨半成品炸猪排 225g",
        "origin_price": "24.90",
        "price": "24.90",
        "vip_price": "18.80",
        "spec": "新雅镇店菜肴 在家就能享受~",
        "small_image": "http:\/\/img.ddimg.mobi\/product\/5fbc32e401cf61548474224918.jpg!deliver.product.list",
        "category_id": "5a053f42936edf450ca359f5",
        "sizes": [],
        "total_sales": 10364,
        "month_sales": 0,
        "buy_limit": 0,
        "mark_discount": 0,
        "mark_new": 0,
        "mark_self": 0,
        "status": 1,
        "category_path": "5a053f42936edf450ca359f5",
        "type": 0,
        "stockout_reserved": false,
        "is_promotion": 0,
        "sale_point_msg": [
          ["", ""],
          ["", ""]
        ],
        "activity": [{
          "type": 9,
          "type_name": "39元2件",
          "tag": "39元任选2件"
        }],
        "is_presale": 0,
        "presale_delivery_date_display": "",
        "is_gift": 0,
        "is_onion": 0,
        "is_invoice": 1,
        "sub_list": [],
        "badge_img": "",
        "is_vod": false,
        "oid": 5752,
        "stock_number": 1,
        "today_stockout": "",
        "is_booking": 0
      }, {
        "id": "5d5d17b67cdbf030fe7f6fb0",
        "product_name": "新雅冷冻雪菜毛豆 300g",
        "name": "新雅冷冻雪菜毛豆 300g",
        "origin_price": "10.80",
        "price": "10.80",
        "vip_price": "",
        "spec": "鲜香爽口~",
        "small_image": "http:\/\/img.ddimg.mobi\/product\/f601f7246d4e1566382222833.jpg!deliver.product.list",
        "category_id": "5a053f42936edf450ca359f5",
        "sizes": [],
        "total_sales": 7984,
        "month_sales": 0,
        "buy_limit": 0,
        "mark_discount": 0,
        "mark_new": 0,
        "mark_self": 0,
        "status": 1,
        "category_path": "5a053f42936edf450ca359f5",
        "type": 0,
        "stockout_reserved": false,
        "is_promotion": 0,
        "sale_point_msg": [],
        "activity": [],
        "is_presale": 0,
        "presale_delivery_date_display": "",
        "is_gift": 0,
        "is_onion": 0,
        "is_invoice": 1,
        "sub_list": [],
        "badge_img": "",
        "is_vod": false,
        "oid": 14352,
        "stock_number": 7,
        "today_stockout": "",
        "is_booking": 0
      }]
    }, {
      "id": "5ceb72cc7cdbf00b4a312667",
      "name": "调味肉类",
      "products": [{
        "id": "5bd2ddfc716de100468bbedd",
        "product_name": "酣畅奥尔良无骨鸡排 240g",
        "name": "酣畅奥尔良无骨鸡排 240g",
        "origin_price": "14.90",
        "price": "14.90",
        "vip_price": "",
        "spec": "简单烹饪 精致享受",
        "small_image": "http:\/\/img.ddimg.mobi\/product\/16aebc485fc8a1548486458012.jpg!deliver.product.list",
        "category_id": "5a053f42936edf450ca359f5",
        "sizes": [],
        "total_sales": 9152,
        "month_sales": 0,
        "buy_limit": 0,
        "mark_discount": 0,
        "mark_new": 0,
        "mark_self": 0,
        "status": 1,
        "category_path": "5a053f42936edf450ca359f5",
        "type": 0,
        "stockout_reserved": false,
        "is_promotion": 0,
        "sale_point_msg": [
          ["", ""],
          ["", ""]
        ],
        "activity": [],
        "is_presale": 0,
        "presale_delivery_date_display": "",
        "is_gift": 0,
        "is_onion": 0,
        "is_invoice": 1,
        "sub_list": [],
        "badge_img": "",
        "is_vod": false,
        "oid": 8148,
        "stock_number": 1,
        "today_stockout": "",
        "is_booking": 0
      }]
    }, {
      "id": "5ceb733010abf114ba7ca78c",
      "name": "田园时蔬",
      "products": [{
        "id": "59a51abc936edf6f27933be9",
        "product_name": "大昌美国杂菜 200g\/袋",
        "name": "大昌美国杂菜 200g\/袋",
        "origin_price": "6.90",
        "price": "6.90",
        "vip_price": "",
        "spec": "无添加 开袋即烹超便捷",
        "small_image": "http:\/\/img.ddimg.mobi\/product\/700a173adc8b41565677974387.jpg!deliver.product.list",
        "category_id": "5a053f42936edf450ca359f5",
        "sizes": [],
        "total_sales": 10829,
        "month_sales": 0,
        "buy_limit": 0,
        "mark_discount": 0,
        "mark_new": 0,
        "mark_self": 0,
        "status": 1,
        "category_path": "5a053f42936edf450ca359f5",
        "type": 0,
        "stockout_reserved": false,
        "is_promotion": 0,
        "sale_point_msg": [
          ["", ""],
          ["", ""]
        ],
        "activity": [],
        "is_presale": 0,
        "presale_delivery_date_display": "",
        "is_gift": 0,
        "is_onion": 0,
        "is_invoice": 1,
        "sub_list": [],
        "badge_img": "",
        "is_vod": false,
        "oid": 3628,
        "stock_number": 22,
        "today_stockout": "",
        "is_booking": 0
      }, {
        "id": "59afc4176ec2c438498b45f5",
        "product_name": "大昌美国粟米粒 200g\/袋",
        "name": "大昌美国粟米粒 200g\/袋",
        "origin_price": "7.80",
        "price": "7.80",
        "vip_price": "",
        "spec": "无需解冻 无需清洗 可直接烹调食用",
        "small_image": "http:\/\/img.ddimg.mobi\/product\/53a7c96aa340e1565678001065.jpg!deliver.product.list",
        "category_id": "5a053f42936edf450ca359f5",
        "sizes": [],
        "total_sales": 10481,
        "month_sales": 0,
        "buy_limit": 0,
        "mark_discount": 0,
        "mark_new": 0,
        "mark_self": 0,
        "status": 1,
        "category_path": "5a053f42936edf450ca359f5",
        "type": 0,
        "stockout_reserved": false,
        "is_promotion": 0,
        "sale_point_msg": [
          ["", ""],
          ["", ""]
        ],
        "activity": [],
        "is_presale": 0,
        "presale_delivery_date_display": "",
        "is_gift": 0,
        "is_onion": 0,
        "is_invoice": 1,
        "sub_list": [],
        "badge_img": "",
        "is_vod": false,
        "oid": 3693,
        "stock_number": 3,
        "today_stockout": "",
        "is_booking": 0
      }]
    }, {
      "id": "5ad46ca0c3c44206288b4e10",
      "name": "其他",
      "products": [{
        "id": "5cad876952a95b4df9618ac8",
        "product_name": "獐子岛蒜蓉粉丝扇贝 200g",
        "name": "獐子岛蒜蓉粉丝扇贝 200g",
        "origin_price": "19.90",
        "price": "19.90",
        "vip_price": "16.90",
        "spec": "经典蒜蓉味 一口一个好滋味",
        "small_image": "http:\/\/img.ddimg.mobi\/product\/fb0a867f36ad51560749290030.jpg!deliver.product.list",
        "category_id": "5a053f42936edf450ca359f5",
        "sizes": [],
        "total_sales": 9619,
        "month_sales": 0,
        "buy_limit": 0,
        "mark_discount": 0,
        "mark_new": 0,
        "mark_self": 0,
        "status": 1,
        "category_path": "5a053f42936edf450ca359f5",
        "type": 0,
        "stockout_reserved": false,
        "is_promotion": 0,
        "sale_point_msg": [],
        "activity": [{
          "type": 9,
          "type_name": "39元2件",
          "tag": "39元任选2件"
        }],
        "is_presale": 0,
        "presale_delivery_date_display": "",
        "is_gift": 0,
        "is_onion": 0,
        "is_invoice": 1,
        "sub_list": [],
        "badge_img": "",
        "is_vod": false,
        "oid": 10017,
        "stock_number": 2,
        "today_stockout": "",
        "is_booking": 0
      }, {
        "id": "5a05552d6ec2c4a8528b4614",
        "product_name": "新雅大厨半成品蟹肉鱼面筋 225g",
        "name": "新雅大厨半成品蟹肉鱼面筋 225g",
        "origin_price": "17.90",
        "price": "17.90",
        "vip_price": "",
        "spec": "食材新鲜 爽滑口感 餐桌美味",
        "small_image": "http:\/\/img.ddimg.mobi\/product\/529e3047fe2b81567328274509.jpg!deliver.product.list",
        "category_id": "5a053f42936edf450ca359f5",
        "sizes": [],
        "total_sales": 9646,
        "month_sales": 0,
        "buy_limit": 0,
        "mark_discount": 0,
        "mark_new": 0,
        "mark_self": 0,
        "status": 1,
        "category_path": "5a053f42936edf450ca359f5",
        "type": 0,
        "stockout_reserved": false,
        "is_promotion": 0,
        "sale_point_msg": [
          ["", ""],
          ["", ""]
        ],
        "activity": [],
        "is_presale": 0,
        "presale_delivery_date_display": "",
        "is_gift": 0,
        "is_onion": 0,
        "is_invoice": 1,
        "sub_list": [],
        "badge_img": "",
        "is_vod": false,
        "oid": 4221,
        "stock_number": 3,
        "today_stockout": "",
        "is_booking": 0
      }]
    }, {
      "id": "stock_no",
      "name": "缺货商品",
      "products": [{
        "id": "5a05550f6ec2c4a8528b460d",
        "product_name": "新雅大厨半成品黑椒牛柳 225g",
        "name": "新雅大厨半成品黑椒牛柳 225g",
        "origin_price": "31.90",
        "price": "31.90",
        "vip_price": "",
        "spec": "肉汁鲜嫩 柔嫩香滑",
        "small_image": "http:\/\/img.ddimg.mobi\/product\/66178d4fe8f2e1548474501293.jpg!deliver.product.list",
        "category_id": "5a053f42936edf450ca359f5",
        "sizes": [],
        "total_sales": 9845,
        "month_sales": 0,
        "buy_limit": 0,
        "mark_discount": 0,
        "mark_new": 0,
        "mark_self": 0,
        "status": 1,
        "category_path": "5a053f42936edf450ca359f5",
        "type": 0,
        "stockout_reserved": false,
        "is_promotion": 0,
        "sale_point_msg": [
          ["新年吃新雅", "美味营养一整年"],
          ["免切免洗方便菜", "大厨味道招待亲朋好友"]
        ],
        "activity": [],
        "is_presale": 0,
        "presale_delivery_date_display": "",
        "is_gift": 0,
        "is_onion": 0,
        "is_invoice": 1,
        "sub_list": [],
        "badge_img": "",
        "is_vod": false,
        "oid": 4220,
        "stock_number": 0,
        "today_stockout": "",
        "is_booking": 0
      }, {
        "id": "5a0554e96ec2c4a8528b4606",
        "product_name": "新雅大厨半成品糟溜鱼片 225g",
        "name": "新雅大厨半成品糟溜鱼片 225g",
        "origin_price": "23.90",
        "price": "23.90",
        "vip_price": "",
        "spec": "口感柔嫩 汤汁鲜美",
        "small_image": "http:\/\/img.ddimg.mobi\/product\/925090fb554e81548474517735.jpg!deliver.product.list",
        "category_id": "5a053f42936edf450ca359f5",
        "sizes": [],
        "total_sales": 9770,
        "month_sales": 0,
        "buy_limit": 0,
        "mark_discount": 0,
        "mark_new": 0,
        "mark_self": 0,
        "status": 1,
        "category_path": "5a053f42936edf450ca359f5",
        "type": 0,
        "stockout_reserved": false,
        "is_promotion": 0,
        "sale_point_msg": [
          ["烹调简单", "免切免洗免调料"],
          ["3分钟美味上桌", "0厨艺也能做美味大餐"]
        ],
        "activity": [{
          "type": 9,
          "type_name": "39元2件",
          "tag": "39元任选2件"
        }],
        "is_presale": 0,
        "presale_delivery_date_display": "",
        "is_gift": 0,
        "is_onion": 0,
        "is_invoice": 1,
        "sub_list": [],
        "badge_img": "",
        "is_vod": false,
        "oid": 4219,
        "stock_number": 0,
        "today_stockout": "",
        "is_booking": 0
      }, {
        "id": "5a0554826ec2c4a8528b45f1",
        "product_name": "新雅大厨半成品蚝油牛肉 225g",
        "name": "新雅大厨半成品蚝油牛肉 225g",
        "origin_price": "31.90",
        "price": "31.90",
        "vip_price": "",
        "spec": "粤菜名菜 香嫩鲜美 解冻滑炒即可",
        "small_image": "http:\/\/img.ddimg.mobi\/product\/f99eb84b02cd61548474537604.jpg!deliver.product.list",
        "category_id": "5a053f42936edf450ca359f5",
        "sizes": [],
        "total_sales": 10204,
        "month_sales": 0,
        "buy_limit": 0,
        "mark_discount": 0,
        "mark_new": 0,
        "mark_self": 0,
        "status": 1,
        "category_path": "5a053f42936edf450ca359f5",
        "type": 0,
        "stockout_reserved": false,
        "is_promotion": 0,
        "sale_point_msg": [
          ["地道粤菜味", "忙碌中照样享受美味"],
          ["百年老字号", "方便快捷 香滑味美！"]
        ],
        "activity": [],
        "is_presale": 0,
        "presale_delivery_date_display": "",
        "is_gift": 0,
        "is_onion": 0,
        "is_invoice": 1,
        "sub_list": [],
        "badge_img": "",
        "is_vod": false,
        "oid": 4216,
        "stock_number": 0,
        "today_stockout": "",
        "is_booking": 0
      }, {
        "id": "5a13c4cb6ec2c490718b4582",
        "product_name": "新雅大厨半成品宫爆鸡丁 225g",
        "name": "新雅大厨半成品宫爆鸡丁 225g",
        "origin_price": "20.90",
        "price": "20.90",
        "vip_price": "",
        "spec": "香辣味浓 免洗免切好赞啊",
        "small_image": "http:\/\/img.ddimg.mobi\/product\/c974fbcfe3e2d1548474440101.jpg!deliver.product.list",
        "category_id": "5a053f42936edf450ca359f5",
        "sizes": [],
        "total_sales": 9919,
        "month_sales": 0,
        "buy_limit": 0,
        "mark_discount": 0,
        "mark_new": 0,
        "mark_self": 0,
        "status": 1,
        "category_path": "5a053f42936edf450ca359f5",
        "type": 0,
        "stockout_reserved": false,
        "is_promotion": 0,
        "sale_point_msg": [
          ["", ""],
          ["", ""]
        ],
        "activity": [{
          "type": 9,
          "type_name": "39元2件",
          "tag": "39元任选2件"
        }],
        "is_presale": 0,
        "presale_delivery_date_display": "",
        "is_gift": 0,
        "is_onion": 0,
        "is_invoice": 1,
        "sub_list": [],
        "badge_img": "",
        "is_vod": false,
        "oid": 4365,
        "stock_number": 0,
        "today_stockout": "",
        "is_booking": 0
      }, {
        "id": "5a13c4b46ec2c490718b457b",
        "product_name": "新雅大厨半成品鱼香肉丝 225g",
        "name": "新雅大厨半成品鱼香肉丝 225g",
        "origin_price": "23.90",
        "price": "23.90",
        "vip_price": "",
        "spec": "肉汁鲜美 粤菜馆名菜",
        "small_image": "http:\/\/img.ddimg.mobi\/product\/d531c0554e7d41548474453836.jpg!deliver.product.list",
        "category_id": "5a053f42936edf450ca359f5",
        "sizes": [],
        "total_sales": 9974,
        "month_sales": 0,
        "buy_limit": 0,
        "mark_discount": 0,
        "mark_new": 0,
        "mark_self": 0,
        "status": 1,
        "category_path": "5a053f42936edf450ca359f5",
        "type": 0,
        "stockout_reserved": false,
        "is_promotion": 0,
        "sale_point_msg": [
          ["", ""],
          ["", ""]
        ],
        "activity": [{
          "type": 9,
          "type_name": "39元2件",
          "tag": "39元任选2件"
        }],
        "is_presale": 0,
        "presale_delivery_date_display": "",
        "is_gift": 0,
        "is_onion": 0,
        "is_invoice": 1,
        "sub_list": [],
        "badge_img": "",
        "is_vod": false,
        "oid": 4364,
        "stock_number": 0,
        "today_stockout": "",
        "is_booking": 0
      }, {
        "id": "5a13c4816ec2c490718b456d",
        "product_name": "新雅大厨半成品糖醋咕噜肉 225g",
        "name": "新雅大厨半成品糖醋咕噜肉 225g",
        "origin_price": "23.90",
        "price": "23.90",
        "vip_price": "",
        "spec": "酸甜可口滋味悠长 获奖的名菜哦",
        "small_image": "http:\/\/img.ddimg.mobi\/product\/f2fa10c1983bf1548474465684.jpg!deliver.product.list",
        "category_id": "5a053f42936edf450ca359f5",
        "sizes": [],
        "total_sales": 10125,
        "month_sales": 0,
        "buy_limit": 0,
        "mark_discount": 0,
        "mark_new": 0,
        "mark_self": 0,
        "status": 1,
        "category_path": "5a053f42936edf450ca359f5",
        "type": 0,
        "stockout_reserved": false,
        "is_promotion": 0,
        "sale_point_msg": [
          ["", ""],
          ["", ""]
        ],
        "activity": [{
          "type": 9,
          "type_name": "39元2件",
          "tag": "39元任选2件"
        }],
        "is_presale": 0,
        "presale_delivery_date_display": "",
        "is_gift": 0,
        "is_onion": 0,
        "is_invoice": 1,
        "sub_list": [],
        "badge_img": "",
        "is_vod": false,
        "oid": 4363,
        "stock_number": 0,
        "today_stockout": "",
        "is_booking": 0
      }, {
        "id": "59afc4a26ec2c438498b4641",
        "product_name": "大昌新西兰甜青豆 200g\/袋",
        "name": "大昌新西兰甜青豆 200g\/袋",
        "origin_price": "6.90",
        "price": "6.90",
        "vip_price": "",
        "spec": "颗粒饱满不干瘪 口感细嫩甜度高",
        "small_image": "http:\/\/img.ddimg.mobi\/product\/f63e30333ff911565678017213.jpg!deliver.product.list",
        "category_id": "5a053f42936edf450ca359f5",
        "sizes": [],
        "total_sales": 10420,
        "month_sales": 0,
        "buy_limit": 0,
        "mark_discount": 0,
        "mark_new": 0,
        "mark_self": 0,
        "status": 1,
        "category_path": "5a053f42936edf450ca359f5",
        "type": 0,
        "stockout_reserved": false,
        "is_promotion": 0,
        "sale_point_msg": [
          ["", ""],
          ["", ""]
        ],
        "activity": [],
        "is_presale": 0,
        "presale_delivery_date_display": "",
        "is_gift": 0,
        "is_onion": 0,
        "is_invoice": 1,
        "sub_list": [],
        "badge_img": "",
        "is_vod": false,
        "oid": 3694,
        "stock_number": 0,
        "today_stockout": "",
        "is_booking": 0
      }, {
        "id": "5a3387836ec2c420678b45cd",
        "product_name": "新雅大厨荠菜腐衣百叶包 225g",
        "name": "新雅大厨荠菜腐衣百叶包 225g",
        "origin_price": "21.90",
        "price": "21.90",
        "vip_price": "",
        "spec": "柔嫩不腻 口感独特经典美味",
        "small_image": "http:\/\/img.ddimg.mobi\/product\/2f0f675ae68ac1548474253705.jpg!deliver.product.list",
        "category_id": "5a053f42936edf450ca359f5",
        "sizes": [],
        "total_sales": 9726,
        "month_sales": 0,
        "buy_limit": 0,
        "mark_discount": 0,
        "mark_new": 0,
        "mark_self": 0,
        "status": 1,
        "category_path": "5a053f42936edf450ca359f5",
        "type": 0,
        "stockout_reserved": false,
        "is_promotion": 0,
        "sale_point_msg": [
          ["新雅粤菜馆经典", "肉嫩鲜美 口感独特"],
          ["天热不想下厨？", "5分钟美味出锅~"]
        ],
        "activity": [{
          "type": 9,
          "type_name": "39元2件",
          "tag": "39元任选2件"
        }],
        "is_presale": 0,
        "presale_delivery_date_display": "",
        "is_gift": 0,
        "is_onion": 0,
        "is_invoice": 1,
        "sub_list": [],
        "badge_img": "",
        "is_vod": false,
        "oid": 4623,
        "stock_number": 0,
        "today_stockout": "",
        "is_booking": 0
      }]
    }],
    "ad_info": {},
    "cache_life_time": 0
  },
  "server_time": 1569232163
}