{
  "success": true,
  "code": 0,
  "msg": "ok",
  "data": {
    "ad_id": "1109",
    "cate": [{
      "id": "category_recommend",
      "name": "推荐",
      "products": [{
        "id": "5cb58eccca203475665d8d59",
        "product_name": "小白嘴山药 约400g",
        "name": "小白嘴山药 约400g",
        "origin_price": "9.90",
        "price": "8.90",
        "vip_price": "6.90",
        "spec": "白山药中的精品",
        "small_image": "http:\/\/img.ddimg.mobi\/product\/80a12d83c70eb1556423398252.jpg!deliver.product.list",
        "category_id": "58fbf4bf936edfe3568b5990",
        "sizes": [],
        "total_sales": 10407,
        "month_sales": 0,
        "buy_limit": 0,
        "mark_discount": 0,
        "mark_new": 0,
        "mark_self": 0,
        "status": 1,
        "category_path": "58f9d213936edfe4568b569a,58fbf4bf936edfe3568b5990",
        "type": 0,
        "stockout_reserved": false,
        "is_promotion": 0,
        "sale_point_msg": [],
        "activity": [{
          "type": 6,
          "type_name": "特价",
          "tag": ""
        }],
        "is_presale": 0,
        "presale_delivery_date_display": "",
        "is_gift": 0,
        "is_onion": 0,
        "is_invoice": 1,
        "sub_list": [],
        "badge_img": "",
        "is_vod": false,
        "oid": 10103,
        "stock_number": 15,
        "today_stockout": "",
        "is_booking": 0
      }, {
        "id": "5d159d3fb0055a0b4d3566b4",
        "product_name": "六鳌红蜜薯 750g\/袋",
        "name": "六鳌红蜜薯 750g\/袋",
        "origin_price": "8.50",
        "price": "5.90",
        "vip_price": "",
        "spec": "网红红薯 细腻无丝 非你莫“薯”~",
        "small_image": "http:\/\/img.ddimg.mobi\/product\/8ac9b25dd6cdd1562234382792.jpg!deliver.product.list",
        "category_id": "58fbf4ab936edf42508b4646",
        "sizes": [],
        "total_sales": 10907,
        "month_sales": 0,
        "buy_limit": 0,
        "mark_discount": 0,
        "mark_new": 0,
        "mark_self": 0,
        "status": 1,
        "category_path": "58f9d213936edfe4568b569a,58fbf4ab936edf42508b4646",
        "type": 0,
        "stockout_reserved": false,
        "is_promotion": 0,
        "sale_point_msg": [],
        "activity": [{
          "type": 6,
          "type_name": "特价",
          "tag": "实惠优"
        }],
        "is_presale": 0,
        "presale_delivery_date_display": "",
        "is_gift": 0,
        "is_onion": 0,
        "is_invoice": 1,
        "sub_list": [],
        "badge_img": "",
        "is_vod": false,
        "oid": 11881,
        "stock_number": 1,
        "today_stockout": "",
        "is_booking": 0
      }, {
        "id": "5cc2d9b5b0055a4fab174948",
        "product_name": "凡谷1号番茄 500g",
        "name": "凡谷1号番茄 500g",
        "origin_price": "7.90",
        "price": "6.99",
        "vip_price": "",
        "spec": "果肉沙软 甜而不腻 儿时番茄味",
        "small_image": "http:\/\/img.ddimg.mobi\/product\/bb9efb235bdce1561547705384.jpg!deliver.product.list",
        "category_id": "58fbf4bf936edfe3568b5990",
        "sizes": [],
        "total_sales": 10822,
        "month_sales": 0,
        "buy_limit": 0,
        "mark_discount": 0,
        "mark_new": 0,
        "mark_self": 0,
        "status": 1,
        "category_path": "58f9d213936edfe4568b569a,58fbf4bf936edfe3568b5990",
        "type": 0,
        "stockout_reserved": false,
        "is_promotion": 0,
        "sale_point_msg": [],
        "activity": [{
          "type": 6,
          "type_name": "特价",
          "tag": "实惠优"
        }],
        "is_presale": 0,
        "presale_delivery_date_display": "",
        "is_gift": 0,
        "is_onion": 0,
        "is_invoice": 1,
        "sub_list": [],
        "badge_img": "",
        "is_vod": false,
        "oid": 10391,
        "stock_number": 6,
        "today_stockout": "",
        "is_booking": 0
      }, {
        "id": "5c91acd152a95b4df9618ac3",
        "product_name": "新西兰姬娜果4个 600g以上",
        "name": "新西兰姬娜果4个 600g以上",
        "origin_price": "17.90",
        "price": "16.90",
        "vip_price": "",
        "spec": "果中小公主~",
        "small_image": "http:\/\/img.ddimg.mobi\/product\/866008acb26c21553481076794.png!deliver.product.list",
        "category_id": "593f5025936edfd87bb00ae5",
        "sizes": [],
        "total_sales": 10196,
        "month_sales": 0,
        "buy_limit": 0,
        "mark_discount": 0,
        "mark_new": 0,
        "mark_self": 0,
        "status": 1,
        "category_path": "58fd663f936edfe3568b5c15,58fd676e936edf88198b5c59,593f5025936edfd87bb00ae5",
        "type": 0,
        "stockout_reserved": false,
        "is_promotion": 0,
        "sale_point_msg": [],
        "activity": [{
          "type": 9,
          "type_name": "29.9元2件",
          "tag": "29.9元任选2件"
        }, {
          "type": 6,
          "type_name": "特价",
          "tag": "优选价"
        }],
        "is_presale": 0,
        "presale_delivery_date_display": "",
        "is_gift": 0,
        "is_onion": 0,
        "is_invoice": 1,
        "sub_list": [],
        "badge_img": "",
        "is_vod": false,
        "oid": 9832,
        "stock_number": 3,
        "today_stockout": "",
        "is_booking": 0
      }, {
        "id": "5d022d4410abf114ac215d61",
        "product_name": "崇明鲜米 5kg\/袋",
        "name": "崇明鲜米 5kg\/袋",
        "origin_price": "59.90",
        "price": "53.90",
        "vip_price": "",
        "spec": "崇明生态种植 鲜碾现磨 每一口都是甘甜的味道~",
        "small_image": "http:\/\/img.ddimg.mobi\/product\/4502b4e9931591560423804453.jpg!deliver.product.list",
        "category_id": "58fb3af5936edfe6568b5a05",
        "sizes": [],
        "total_sales": 9014,
        "month_sales": 0,
        "buy_limit": 0,
        "mark_discount": 0,
        "mark_new": 0,
        "mark_self": 0,
        "status": 1,
        "category_path": "58f9e58b936edfe2568b580d,58fb3af5936edfe6568b5a05",
        "type": 0,
        "stockout_reserved": false,
        "is_promotion": 0,
        "sale_point_msg": [],
        "activity": [{
          "type": 6,
          "type_name": "特价",
          "tag": "丰收节"
        }],
        "is_presale": 0,
        "presale_delivery_date_display": "",
        "is_gift": 0,
        "is_onion": 0,
        "is_invoice": 1,
        "sub_list": [],
        "badge_img": "",
        "is_vod": false,
        "oid": 11171,
        "stock_number": 7,
        "today_stockout": "",
        "is_booking": 0
      }]
    }, {
      "id": "5d36e0ea7cdbf031067d257b",
      "name": "新鲜蔬菜",
      "products": [{
        "id": "5c94669752a95b4df645c16d",
        "product_name": "嘉仕有机青菜 200g",
        "name": "嘉仕有机青菜 200g",
        "origin_price": "8.80",
        "price": "8.80",
        "vip_price": "",
        "spec": "有机食品·鲜嫩可口小青菜",
        "small_image": "http:\/\/img.ddimg.mobi\/product\/7664c6ddb382a1563361040460.jpg!deliver.product.list",
        "category_id": "58fbf49b936edfe6568b5ac5",
        "sizes": [],
        "total_sales": 9409,
        "month_sales": 0,
        "buy_limit": 0,
        "mark_discount": 0,
        "mark_new": 0,
        "mark_self": 0,
        "status": 1,
        "category_path": "58f9d213936edfe4568b569a,58fbf49b936edfe6568b5ac5",
        "type": 0,
        "stockout_reserved": false,
        "is_promotion": 0,
        "sale_point_msg": [],
        "activity": [],
        "is_presale": 0,
        "presale_delivery_date_display": "",
        "is_gift": 0,
        "is_onion": 0,
        "is_invoice": 1,
        "sub_list": [],
        "badge_img": "",
        "is_vod": false,
        "oid": 9849,
        "stock_number": 1,
        "today_stockout": "",
        "is_booking": 0
      }, {
        "id": "5c9467247b37a12d3f037600",
        "product_name": "嘉仕有机白菜仔 200g",
        "name": "嘉仕有机白菜仔 200g",
        "origin_price": "12.90",
        "price": "12.90",
        "vip_price": "",
        "spec": "有机食品·有机白嫩 味更香~",
        "small_image": "http:\/\/img.ddimg.mobi\/product\/57e3a4cbd49371553229634667.jpg!deliver.product.list",
        "category_id": "58fbf49b936edfe6568b5ac5",
        "sizes": [],
        "total_sales": 9343,
        "month_sales": 0,
        "buy_limit": 0,
        "mark_discount": 0,
        "mark_new": 0,
        "mark_self": 0,
        "status": 1,
        "category_path": "58f9d213936edfe4568b569a,58fbf49b936edfe6568b5ac5",
        "type": 0,
        "stockout_reserved": false,
        "is_promotion": 0,
        "sale_point_msg": [],
        "activity": [],
        "is_presale": 0,
        "presale_delivery_date_display": "",
        "is_gift": 0,
        "is_onion": 0,
        "is_invoice": 1,
        "sub_list": [],
        "badge_img": "",
        "is_vod": false,
        "oid": 9851,
        "stock_number": 2,
        "today_stockout": "",
        "is_booking": 0
      }, {
        "id": "5c9468082b12be5f04759a1d",
        "product_name": "嘉仕有机鸡毛菜 200g",
        "name": "嘉仕有机鸡毛菜 200g",
        "origin_price": "13.80",
        "price": "13.80",
        "vip_price": "",
        "spec": "有机食品·有机蔬菜",
        "small_image": "http:\/\/img.ddimg.mobi\/product\/2422bad005ed61553480461483.jpg!deliver.product.list",
        "category_id": "58fbf49b936edfe6568b5ac5",
        "sizes": [],
        "total_sales": 9998,
        "month_sales": 0,
        "buy_limit": 0,
        "mark_discount": 0,
        "mark_new": 0,
        "mark_self": 0,
        "status": 1,
        "category_path": "58f9d213936edfe4568b569a,58fbf49b936edfe6568b5ac5",
        "type": 0,
        "stockout_reserved": false,
        "is_promotion": 0,
        "sale_point_msg": [],
        "activity": [],
        "is_presale": 0,
        "presale_delivery_date_display": "",
        "is_gift": 0,
        "is_onion": 0,
        "is_invoice": 1,
        "sub_list": [],
        "badge_img": "",
        "is_vod": false,
        "oid": 9853,
        "stock_number": 2,
        "today_stockout": "",
        "is_booking": 0
      }, {
        "id": "5b87a8c7c0a1ea3a278b704e",
        "product_name": "精品黄秋葵 200g",
        "name": "精品黄秋葵 200g",
        "origin_price": "9.50",
        "price": "9.50",
        "vip_price": "",
        "spec": "肠胃好伙伴 嫩的嘞",
        "small_image": "http:\/\/img.ddimg.mobi\/product\/c9eab68ac0c91548236430515.jpg!deliver.product.list",
        "category_id": "58fbf4bf936edfe3568b5990",
        "sizes": [],
        "total_sales": 10569,
        "month_sales": 0,
        "buy_limit": 0,
        "mark_discount": 0,
        "mark_new": 0,
        "mark_self": 0,
        "status": 1,
        "category_path": "58f9d213936edfe4568b569a,58fbf4bf936edfe3568b5990",
        "type": 0,
        "stockout_reserved": false,
        "is_promotion": 0,
        "sale_point_msg": [
          ["", ""],
          ["", ""]
        ],
        "activity": [],
        "is_presale": 0,
        "presale_delivery_date_display": "",
        "is_gift": 0,
        "is_onion": 0,
        "is_invoice": 1,
        "sub_list": [],
        "badge_img": "",
        "is_vod": false,
        "oid": 7449,
        "stock_number": 2,
        "today_stockout": "",
        "is_booking": 0
      }, {
        "id": "5cbeceb3b0055a4fb4034228",
        "product_name": "嘉仕有机水果黄瓜 250g",
        "name": "嘉仕有机水果黄瓜 250g",
        "origin_price": "12.80",
        "price": "12.80",
        "vip_price": "",
        "spec": "有机食品·有机蔬菜 生食清脆甘甜",
        "small_image": "http:\/\/img.ddimg.mobi\/product\/b01a9d170bba71556196559433.jpg!deliver.product.list",
        "category_id": "58fbf4bf936edfe3568b5990",
        "sizes": [],
        "total_sales": 9521,
        "month_sales": 0,
        "buy_limit": 0,
        "mark_discount": 0,
        "mark_new": 0,
        "mark_self": 0,
        "status": 1,
        "category_path": "58f9d213936edfe4568b569a,58fbf4bf936edfe3568b5990",
        "type": 0,
        "stockout_reserved": false,
        "is_promotion": 0,
        "sale_point_msg": [],
        "activity": [],
        "is_presale": 0,
        "presale_delivery_date_display": "",
        "is_gift": 0,
        "is_onion": 0,
        "is_invoice": 1,
        "sub_list": [],
        "badge_img": "",
        "is_vod": false,
        "oid": 10353,
        "stock_number": 2,
        "today_stockout": "",
        "is_booking": 0
      }, {
        "id": "5c9469fa52a95b4df02ae675",
        "product_name": "嘉仕有机土豆 300g",
        "name": "嘉仕有机土豆 300g",
        "origin_price": "15.80",
        "price": "15.80",
        "vip_price": "",
        "spec": "有机食品·我就是传说中的大众脸 家常餐桌必备",
        "small_image": "http:\/\/img.ddimg.mobi\/product\/dda03032c4931556245839223.jpg!deliver.product.list",
        "category_id": "58fbf4ab936edf42508b4646",
        "sizes": [],
        "total_sales": 9377,
        "month_sales": 0,
        "buy_limit": 0,
        "mark_discount": 0,
        "mark_new": 0,
        "mark_self": 0,
        "status": 1,
        "category_path": "58f9d213936edfe4568b569a,58fbf4ab936edf42508b4646",
        "type": 0,
        "stockout_reserved": false,
        "is_promotion": 0,
        "sale_point_msg": [],
        "activity": [],
        "is_presale": 0,
        "presale_delivery_date_display": "",
        "is_gift": 0,
        "is_onion": 0,
        "is_invoice": 1,
        "sub_list": [],
        "badge_img": "",
        "is_vod": false,
        "oid": 9857,
        "stock_number": 3,
        "today_stockout": "",
        "is_booking": 0
      }, {
        "id": "5b87ab7fc0a1ea3a278b7207",
        "product_name": "精品手指胡萝卜 300g",
        "name": "精品手指胡萝卜 300g",
        "origin_price": "15.80",
        "price": "15.80",
        "vip_price": "",
        "spec": "脆嫩清甜 生吃更适宜",
        "small_image": "http:\/\/img.ddimg.mobi\/product\/301a4178449f1556165636649.jpg!deliver.product.list",
        "category_id": "58fbf4ab936edf42508b4646",
        "sizes": [],
        "total_sales": 9953,
        "month_sales": 0,
        "buy_limit": 0,
        "mark_discount": 0,
        "mark_new": 0,
        "mark_self": 0,
        "status": 1,
        "category_path": "58f9d213936edfe4568b569a,58fbf4ab936edf42508b4646",
        "type": 0,
        "stockout_reserved": false,
        "is_promotion": 0,
        "sale_point_msg": [
          ["", ""],
          ["", ""]
        ],
        "activity": [],
        "is_presale": 0,
        "presale_delivery_date_display": "",
        "is_gift": 0,
        "is_onion": 0,
        "is_invoice": 1,
        "sub_list": [],
        "badge_img": "",
        "is_vod": false,
        "oid": 7455,
        "stock_number": 3,
        "today_stockout": "",
        "is_booking": 0
      }, {
        "id": "5c7f29bc7b37a12d3c79bf0a",
        "product_name": "精品樱桃小萝卜 300g",
        "name": "精品樱桃小萝卜 300g",
        "origin_price": "9.80",
        "price": "9.80",
        "vip_price": "",
        "spec": "玲珑小巧 爽脆水嫩",
        "small_image": "http:\/\/img.ddimg.mobi\/product\/e664fe97323751552395249188.jpg!deliver.product.list",
        "category_id": "58fbf4ab936edf42508b4646",
        "sizes": [],
        "total_sales": 10101,
        "month_sales": 0,
        "buy_limit": 0,
        "mark_discount": 0,
        "mark_new": 0,
        "mark_self": 0,
        "status": 1,
        "category_path": "58f9d213936edfe4568b569a,58fbf4ab936edf42508b4646",
        "type": 0,
        "stockout_reserved": false,
        "is_promotion": 0,
        "sale_point_msg": [],
        "activity": [],
        "is_presale": 0,
        "presale_delivery_date_display": "",
        "is_gift": 0,
        "is_onion": 0,
        "is_invoice": 1,
        "sub_list": [],
        "badge_img": "",
        "is_vod": false,
        "oid": 9617,
        "stock_number": 1,
        "today_stockout": "",
        "is_booking": 0
      }, {
        "id": "5cb58314ca2034756e13f65b",
        "product_name": "普罗旺斯番茄 约350g",
        "name": "普罗旺斯番茄 约350g",
        "origin_price": "8.90",
        "price": "8.80",
        "vip_price": "6.99",
        "spec": "网红番茄 果肉沙软甜而不腻",
        "small_image": "http:\/\/img.ddimg.mobi\/product\/a5cf98f93eacd1563155372522.jpg!deliver.product.list",
        "category_id": "58fbf4bf936edfe3568b5990",
        "sizes": [],
        "total_sales": 10845,
        "month_sales": 0,
        "buy_limit": 0,
        "mark_discount": 1,
        "mark_new": 0,
        "mark_self": 0,
        "status": 1,
        "category_path": "58f9d213936edfe4568b569a,58fbf4bf936edfe3568b5990",
        "type": 0,
        "stockout_reserved": false,
        "is_promotion": 1,
        "sale_point_msg": [],
        "activity": [{
          "type": 4,
          "type_name": "满送",
          "tag": "买一送一"
        }],
        "is_presale": 0,
        "presale_delivery_date_display": "",
        "is_gift": 0,
        "is_onion": 0,
        "is_invoice": 1,
        "sub_list": [],
        "badge_img": "https:\/\/img.ddimg.mobi\/b6568088d3ec81566181722745.png",
        "is_vod": false,
        "oid": 10098,
        "stock_number": 7,
        "today_stockout": "",
        "is_booking": 0
      }, {
        "id": "58bccc4e916edfb14cc2e217",
        "product_name": "铁棍山药 约360g",
        "name": "铁棍山药 约360g",
        "origin_price": "8.90",
        "price": "8.90",
        "vip_price": "7.90",
        "spec": "口感干面香甜 适合蒸食煲汤做粥",
        "small_image": "http:\/\/img.ddimg.mobi\/product\/42912754c56351544086814500.jpg!maicai.product.list",
        "category_id": "58fbf4ab936edf42508b4646",
        "sizes": [],
        "total_sales": 10881,
        "month_sales": 0,
        "buy_limit": 0,
        "mark_discount": 0,
        "mark_new": 0,
        "mark_self": 0,
        "status": 1,
        "category_path": "58f9d213936edfe4568b569a,58fbf4ab936edf42508b4646",
        "type": 0,
        "stockout_reserved": false,
        "is_promotion": 0,
        "sale_point_msg": [
          ["肉质硬实", "粗心均匀"],
          ["汁液浓稠", "特有蛋白营养"]
        ],
        "activity": [],
        "is_presale": 0,
        "presale_delivery_date_display": "",
        "is_gift": 0,
        "is_onion": 0,
        "is_invoice": 1,
        "sub_list": [],
        "badge_img": "",
        "is_vod": false,
        "oid": 184,
        "stock_number": 9,
        "today_stockout": "",
        "is_booking": 0
      }, {
        "id": "5cb58eccca203475665d8d59",
        "product_name": "小白嘴山药 约400g",
        "name": "小白嘴山药 约400g",
        "origin_price": "9.90",
        "price": "8.90",
        "vip_price": "6.90",
        "spec": "白山药中的精品",
        "small_image": "http:\/\/img.ddimg.mobi\/product\/80a12d83c70eb1556423398252.jpg!deliver.product.list",
        "category_id": "58fbf4bf936edfe3568b5990",
        "sizes": [],
        "total_sales": 10407,
        "month_sales": 0,
        "buy_limit": 0,
        "mark_discount": 0,
        "mark_new": 0,
        "mark_self": 0,
        "status": 1,
        "category_path": "58f9d213936edfe4568b569a,58fbf4bf936edfe3568b5990",
        "type": 0,
        "stockout_reserved": false,
        "is_promotion": 0,
        "sale_point_msg": [],
        "activity": [{
          "type": 6,
          "type_name": "特价",
          "tag": ""
        }],
        "is_presale": 0,
        "presale_delivery_date_display": "",
        "is_gift": 0,
        "is_onion": 0,
        "is_invoice": 1,
        "sub_list": [],
        "badge_img": "",
        "is_vod": false,
        "oid": 10103,
        "stock_number": 15,
        "today_stockout": "",
        "is_booking": 0
      }, {
        "id": "5cb15afb52a95b4dfa55635f",
        "product_name": "嘉仕有机红栗南瓜 500g",
        "name": "嘉仕有机红栗南瓜 500g",
        "origin_price": "25.80",
        "price": "25.80",
        "vip_price": "",
        "spec": "有机食品·新鲜有机 熬粥很好喝",
        "small_image": "http:\/\/img.ddimg.mobi\/product\/b13568c8f272c1555139103798.jpg!deliver.product.list",
        "category_id": "58fbf4ab936edf42508b4646",
        "sizes": [],
        "total_sales": 8382,
        "month_sales": 0,
        "buy_limit": 0,
        "mark_discount": 0,
        "mark_new": 0,
        "mark_self": 0,
        "status": 1,
        "category_path": "58f9d213936edfe4568b569a,58fbf4ab936edf42508b4646",
        "type": 0,
        "stockout_reserved": false,
        "is_promotion": 0,
        "sale_point_msg": [],
        "activity": [],
        "is_presale": 0,
        "presale_delivery_date_display": "",
        "is_gift": 0,
        "is_onion": 0,
        "is_invoice": 1,
        "sub_list": [],
        "badge_img": "",
        "is_vod": false,
        "oid": 10066,
        "stock_number": 1,
        "today_stockout": "",
        "is_booking": 0
      }, {
        "id": "5cc2d9b5b0055a4fab174948",
        "product_name": "凡谷1号番茄 500g",
        "name": "凡谷1号番茄 500g",
        "origin_price": "7.90",
        "price": "6.99",
        "vip_price": "",
        "spec": "果肉沙软 甜而不腻 儿时番茄味",
        "small_image": "http:\/\/img.ddimg.mobi\/product\/bb9efb235bdce1561547705384.jpg!deliver.product.list",
        "category_id": "58fbf4bf936edfe3568b5990",
        "sizes": [],
        "total_sales": 10822,
        "month_sales": 0,
        "buy_limit": 0,
        "mark_discount": 0,
        "mark_new": 0,
        "mark_self": 0,
        "status": 1,
        "category_path": "58f9d213936edfe4568b569a,58fbf4bf936edfe3568b5990",
        "type": 0,
        "stockout_reserved": false,
        "is_promotion": 0,
        "sale_point_msg": [],
        "activity": [{
          "type": 6,
          "type_name": "特价",
          "tag": "实惠优"
        }],
        "is_presale": 0,
        "presale_delivery_date_display": "",
        "is_gift": 0,
        "is_onion": 0,
        "is_invoice": 1,
        "sub_list": [],
        "badge_img": "",
        "is_vod": false,
        "oid": 10391,
        "stock_number": 6,
        "today_stockout": "",
        "is_booking": 0
      }, {
        "id": "5d26f3f6b0055a0b565fbba1",
        "product_name": "天目山小香薯 500g",
        "name": "天目山小香薯 500g",
        "origin_price": "7.80",
        "price": "7.80",
        "vip_price": "6.90",
        "spec": "“网红”小香薯 香糯清甜~",
        "small_image": "http:\/\/img.ddimg.mobi\/product\/bd74eb304aa871562915020053.jpg!deliver.product.list",
        "category_id": "58fbf4ab936edf42508b4646",
        "sizes": [],
        "total_sales": 10709,
        "month_sales": 0,
        "buy_limit": 0,
        "mark_discount": 0,
        "mark_new": 0,
        "mark_self": 0,
        "status": 1,
        "category_path": "58f9d213936edfe4568b569a,58fbf4ab936edf42508b4646",
        "type": 0,
        "stockout_reserved": false,
        "is_promotion": 0,
        "sale_point_msg": [],
        "activity": [],
        "is_presale": 0,
        "presale_delivery_date_display": "",
        "is_gift": 0,
        "is_onion": 0,
        "is_invoice": 1,
        "sub_list": [],
        "badge_img": "",
        "is_vod": false,
        "oid": 12086,
        "stock_number": 10,
        "today_stockout": "",
        "is_booking": 0
      }, {
        "id": "5d159d3fb0055a0b4d3566b4",
        "product_name": "六鳌红蜜薯 750g\/袋",
        "name": "六鳌红蜜薯 750g\/袋",
        "origin_price": "8.50",
        "price": "5.90",
        "vip_price": "",
        "spec": "网红红薯 细腻无丝 非你莫“薯”~",
        "small_image": "http:\/\/img.ddimg.mobi\/product\/8ac9b25dd6cdd1562234382792.jpg!deliver.product.list",
        "category_id": "58fbf4ab936edf42508b4646",
        "sizes": [],
        "total_sales": 10907,
        "month_sales": 0,
        "buy_limit": 0,
        "mark_discount": 0,
        "mark_new": 0,
        "mark_self": 0,
        "status": 1,
        "category_path": "58f9d213936edfe4568b569a,58fbf4ab936edf42508b4646",
        "type": 0,
        "stockout_reserved": false,
        "is_promotion": 0,
        "sale_point_msg": [],
        "activity": [{
          "type": 6,
          "type_name": "特价",
          "tag": "实惠优"
        }],
        "is_presale": 0,
        "presale_delivery_date_display": "",
        "is_gift": 0,
        "is_onion": 0,
        "is_invoice": 1,
        "sub_list": [],
        "badge_img": "",
        "is_vod": false,
        "oid": 11881,
        "stock_number": 1,
        "today_stockout": "",
        "is_booking": 0
      }, {
        "id": "5d26f3277cdbf030fd52f443",
        "product_name": "崇明小冬瓜1个 750g以上",
        "name": "崇明小冬瓜1个 750g以上",
        "origin_price": "9.80",
        "price": "9.80",
        "vip_price": "",
        "spec": "源自崇明岛 口味纯正 每一个冬瓜都是精选",
        "small_image": "http:\/\/img.ddimg.mobi\/product\/af477d4097f591562924713299.jpg!deliver.product.list",
        "category_id": "58fbf4bf936edfe3568b5990",
        "sizes": [],
        "total_sales": 9228,
        "month_sales": 0,
        "buy_limit": 0,
        "mark_discount": 0,
        "mark_new": 0,
        "mark_self": 0,
        "status": 1,
        "category_path": "58f9d213936edfe4568b569a,58fbf4bf936edfe3568b5990",
        "type": 0,
        "stockout_reserved": false,
        "is_promotion": 0,
        "sale_point_msg": [],
        "activity": [],
        "is_presale": 0,
        "presale_delivery_date_display": "",
        "is_gift": 0,
        "is_onion": 0,
        "is_invoice": 1,
        "sub_list": [],
        "badge_img": "",
        "is_vod": false,
        "oid": 12085,
        "stock_number": 2,
        "today_stockout": "",
        "is_booking": 0
      }]
    }, {
      "id": "5d36e22210abf132ab38c10d",
      "name": "新鲜水果",
      "products": [{
        "id": "5d3ab1837cdbf0310369de26",
        "product_name": "新西兰红玫瑰苹果1个 160g以上",
        "name": "新西兰红玫瑰苹果1个 160g以上",
        "origin_price": "8.99",
        "price": "8.99",
        "vip_price": "",
        "spec": "新西兰浪漫之果~",
        "small_image": "http:\/\/img.ddimg.mobi\/product\/a831048fef2b31564131495309.jpg!deliver.product.list",
        "category_id": "593f5025936edfd87bb00ae5",
        "sizes": [],
        "total_sales": 6645,
        "month_sales": 0,
        "buy_limit": 0,
        "mark_discount": 0,
        "mark_new": 0,
        "mark_self": 0,
        "status": 1,
        "category_path": "58fd663f936edfe3568b5c15,58fd676e936edf88198b5c59,593f5025936edfd87bb00ae5",
        "type": 0,
        "stockout_reserved": false,
        "is_promotion": 0,
        "sale_point_msg": [],
        "activity": [],
        "is_presale": 0,
        "presale_delivery_date_display": "",
        "is_gift": 0,
        "is_onion": 0,
        "is_invoice": 1,
        "sub_list": [],
        "badge_img": "",
        "is_vod": false,
        "oid": 12396,
        "stock_number": 2,
        "today_stockout": "",
        "is_booking": 0
      }, {
        "id": "5c8095c92b12be5f10046557",
        "product_name": "枝纯串收红番茄 198g\/份",
        "name": "枝纯串收红番茄 198g\/份",
        "origin_price": "13.90",
        "price": "13.90",
        "vip_price": "",
        "spec": "撸高颜值的“串”~",
        "small_image": "http:\/\/img.ddimg.mobi\/product\/23a24847650471551930853918.jpg!deliver.product.list",
        "category_id": "593f5d21916edf4914a73288",
        "sizes": [],
        "total_sales": 9479,
        "month_sales": 0,
        "buy_limit": 0,
        "mark_discount": 0,
        "mark_new": 0,
        "mark_self": 0,
        "status": 1,
        "category_path": "58fd663f936edfe3568b5c15,58fd6d40916edf7c198b4b03,593f5d21916edf4914a73288",
        "type": 0,
        "stockout_reserved": false,
        "is_promotion": 0,
        "sale_point_msg": [],
        "activity": [],
        "is_presale": 0,
        "presale_delivery_date_display": "",
        "is_gift": 0,
        "is_onion": 0,
        "is_invoice": 1,
        "sub_list": [],
        "badge_img": "",
        "is_vod": false,
        "oid": 9629,
        "stock_number": 3,
        "today_stockout": "",
        "is_booking": 0
      }, {
        "id": "5aaa2f79c0a1ea0a4a8b4623",
        "product_name": "佳农皇帝蕉 300g",
        "name": "佳农皇帝蕉 300g",
        "origin_price": "9.90",
        "price": "9.90",
        "vip_price": "",
        "spec": "小巧精致就是我 香甜软萌就是我 ~",
        "small_image": "http:\/\/ddimg.ddxq.mobi\/3bb8e09487dda1542859447709.jpg!maicai.product.list",
        "category_id": "593f5902916edfa016a4b58d",
        "sizes": [],
        "total_sales": 10751,
        "month_sales": 0,
        "buy_limit": 0,
        "mark_discount": 0,
        "mark_new": 0,
        "mark_self": 0,
        "status": 1,
        "category_path": "58fd663f936edfe3568b5c15,58fd6a2b936edf88198b5c93,593f5902916edfa016a4b58d",
        "type": 0,
        "stockout_reserved": false,
        "is_promotion": 0,
        "sale_point_msg": [
          ["大品牌值得信赖", "小宝贝的最爱~"],
          ["细腻甜蜜", "一根不够吃哦~"]
        ],
        "activity": [],
        "is_presale": 0,
        "presale_delivery_date_display": "",
        "is_gift": 0,
        "is_onion": 0,
        "is_invoice": 1,
        "sub_list": [],
        "badge_img": "",
        "is_vod": false,
        "oid": 5414,
        "stock_number": 1,
        "today_stockout": "",
        "is_booking": 0
      }, {
        "id": "5c91acd152a95b4df9618ac3",
        "product_name": "新西兰姬娜果4个 600g以上",
        "name": "新西兰姬娜果4个 600g以上",
        "origin_price": "17.90",
        "price": "16.90",
        "vip_price": "",
        "spec": "果中小公主~",
        "small_image": "http:\/\/img.ddimg.mobi\/product\/866008acb26c21553481076794.png!deliver.product.list",
        "category_id": "593f5025936edfd87bb00ae5",
        "sizes": [],
        "total_sales": 10196,
        "month_sales": 0,
        "buy_limit": 0,
        "mark_discount": 0,
        "mark_new": 0,
        "mark_self": 0,
        "status": 1,
        "category_path": "58fd663f936edfe3568b5c15,58fd676e936edf88198b5c59,593f5025936edfd87bb00ae5",
        "type": 0,
        "stockout_reserved": false,
        "is_promotion": 0,
        "sale_point_msg": [],
        "activity": [{
          "type": 9,
          "type_name": "29.9元2件",
          "tag": "29.9元任选2件"
        }, {
          "type": 6,
          "type_name": "特价",
          "tag": "优选价"
        }],
        "is_presale": 0,
        "presale_delivery_date_display": "",
        "is_gift": 0,
        "is_onion": 0,
        "is_invoice": 1,
        "sub_list": [],
        "badge_img": "",
        "is_vod": false,
        "oid": 9832,
        "stock_number": 3,
        "today_stockout": "",
        "is_booking": 0
      }, {
        "id": "5d009d3ab0055a0b565fbb92",
        "product_name": "白金蜜瓜1个 1kg以上",
        "name": "白金蜜瓜1个 1kg以上",
        "origin_price": "8.90",
        "price": "8.90",
        "vip_price": "",
        "spec": "瓜中“白富美”~",
        "small_image": "http:\/\/img.ddimg.mobi\/product\/5af8b57ad0d311559212653363.JPG!deliver.product.list",
        "category_id": "5953861a936edf806f8d7722",
        "sizes": [],
        "total_sales": 10376,
        "month_sales": 0,
        "buy_limit": 0,
        "mark_discount": 0,
        "mark_new": 0,
        "mark_self": 0,
        "status": 1,
        "category_path": "58fd663f936edfe3568b5c15,58fd6a46936edfe5568b5c87,5953861a936edf806f8d7722",
        "type": 0,
        "stockout_reserved": false,
        "is_promotion": 0,
        "sale_point_msg": [],
        "activity": [],
        "is_presale": 0,
        "presale_delivery_date_display": "",
        "is_gift": 0,
        "is_onion": 0,
        "is_invoice": 1,
        "sub_list": [],
        "badge_img": "",
        "is_vod": false,
        "oid": 11122,
        "stock_number": 3,
        "today_stockout": "",
        "is_booking": 0
      }]
    }, {
      "id": "5d36e4d710abf132932b5da9",
      "name": "肉蛋海鲜",
      "products": [{
        "id": "5bf675cc716de100468c8a5a",
        "product_name": "黄天鹅可生食鲜鸡蛋8枚 400g",
        "name": "黄天鹅可生食鲜鸡蛋8枚 400g",
        "origin_price": "19.90",
        "price": "19.90",
        "vip_price": "16.80",
        "spec": "可以生吃的鸡蛋（新老包装随机发货）",
        "small_image": "http:\/\/img.ddimg.mobi\/product\/c7045a92f4eed1557125535672.jpg!deliver.product.list",
        "category_id": "58fa233c916edf7c198b4972",
        "sizes": [],
        "total_sales": 10072,
        "month_sales": 0,
        "buy_limit": 0,
        "mark_discount": 0,
        "mark_new": 0,
        "mark_self": 0,
        "status": 1,
        "category_path": "58f9e539936edf89778b567f,58fa233c916edf7c198b4972",
        "type": 0,
        "stockout_reserved": false,
        "is_promotion": 0,
        "sale_point_msg": [
          ["", ""],
          ["", ""]
        ],
        "activity": [{
          "type": 9,
          "type_name": "39元2件",
          "tag": "39元任选2件"
        }],
        "is_presale": 0,
        "presale_delivery_date_display": "",
        "is_gift": 0,
        "is_onion": 0,
        "is_invoice": 1,
        "sub_list": [],
        "badge_img": "",
        "is_vod": false,
        "oid": 8445,
        "stock_number": 4,
        "today_stockout": "",
        "is_booking": 0
      }, {
        "id": "58d07bd3916edf264dc5cd2a",
        "product_name": "清美绢豆腐 350g\/盒",
        "name": "清美绢豆腐 350g\/盒",
        "origin_price": "3.20",
        "price": "3.20",
        "vip_price": "",
        "spec": "质地细腻的哟~心动了么",
        "small_image": "http:\/\/img.ddimg.mobi\/product\/03cc0c150fc281558667096834.jpg!deliver.product.list",
        "category_id": "58fbf508936edfe3568b599f",
        "sizes": [],
        "total_sales": 10904,
        "month_sales": 0,
        "buy_limit": 0,
        "mark_discount": 0,
        "mark_new": 0,
        "mark_self": 0,
        "status": 1,
        "category_path": "58f9d233936edfe3568b5655,58fbf508936edfe3568b599f",
        "type": 0,
        "stockout_reserved": false,
        "is_promotion": 0,
        "sale_point_msg": [
          ["", ""],
          ["", ""]
        ],
        "activity": [],
        "is_presale": 0,
        "presale_delivery_date_display": "",
        "is_gift": 0,
        "is_onion": 0,
        "is_invoice": 1,
        "sub_list": [],
        "badge_img": "",
        "is_vod": false,
        "oid": 1882,
        "stock_number": 4,
        "today_stockout": "",
        "is_booking": 0
      }, {
        "id": "5c947c40ca203475646ed932",
        "product_name": "云南文山黄牛鲜牛肉丝 260g",
        "name": "云南文山黄牛鲜牛肉丝 260g",
        "origin_price": "37.80",
        "price": "37.80",
        "vip_price": "31.80",
        "spec": "云南草原上的牛肉丝 越嚼越香",
        "small_image": "http:\/\/img.ddimg.mobi\/product\/ce8081406a69c1566451616640.jpg!deliver.product.list",
        "category_id": "5b0fff48c5702e357f8bae78",
        "sizes": [],
        "total_sales": 10621,
        "month_sales": 0,
        "buy_limit": 0,
        "mark_discount": 0,
        "mark_new": 0,
        "mark_self": 0,
        "status": 1,
        "category_path": "58f9e51f936edf88198b5718,5b0fff48c5702e357f8bae78",
        "type": 0,
        "stockout_reserved": false,
        "is_promotion": 0,
        "sale_point_msg": [],
        "activity": [],
        "is_presale": 0,
        "presale_delivery_date_display": "",
        "is_gift": 0,
        "is_onion": 0,
        "is_invoice": 1,
        "sub_list": [],
        "badge_img": "",
        "is_vod": false,
        "oid": 9862,
        "stock_number": 2,
        "today_stockout": "",
        "is_booking": 0
      }, {
        "id": "5bab79c0d033a1de7d8b849d",
        "product_name": "泰森冷鲜鸡腿肉丁 500g",
        "name": "泰森冷鲜鸡腿肉丁 500g",
        "origin_price": "25.80",
        "price": "25.80",
        "vip_price": "",
        "spec": "鸡腿上的肉我都帮你处理好啦",
        "small_image": "http:\/\/img.ddimg.mobi\/product\/c9d398517ce4f1548408929390.jpg!deliver.product.list",
        "category_id": "58fa2219936edf89778b571f",
        "sizes": [],
        "total_sales": 10681,
        "month_sales": 0,
        "buy_limit": 0,
        "mark_discount": 0,
        "mark_new": 0,
        "mark_self": 0,
        "status": 1,
        "category_path": "58f9e531936edfe5568b5747,58fa2219936edf89778b571f",
        "type": 0,
        "stockout_reserved": false,
        "is_promotion": 0,
        "sale_point_msg": [
          ["", ""],
          ["", ""]
        ],
        "activity": [],
        "is_presale": 0,
        "presale_delivery_date_display": "",
        "is_gift": 0,
        "is_onion": 0,
        "is_invoice": 1,
        "sub_list": [],
        "badge_img": "",
        "is_vod": false,
        "oid": 7807,
        "stock_number": 4,
        "today_stockout": "",
        "is_booking": 0
      }, {
        "id": "58c367e9936edf64323def2f",
        "product_name": "鲜活鲈鱼1条 300g以上",
        "name": "鲜活鲈鱼1条 300g以上",
        "origin_price": "22.90",
        "price": "22.90",
        "vip_price": "",
        "spec": "活杀鲈鱼全程冷链配送，鱼体可能发硬，属于正常现象，介意者请选择不杀",
        "small_image": "http:\/\/img.ddimg.mobi\/product\/7fc8eb4dab1fb1544435611154.jpg!maicai.product.list",
        "category_id": "58fa23d8916edf7e198b496a",
        "sizes": [{
          "title": "处理方式",
          "id": 1,
          "_id": "59104272936edfa4218e2c61",
          "values": [{
            "name": "杀好（要内脏）",
            "id": 32,
            "_id": "5c1daf0b6079d1f33993f49c",
            "price": "0.00"
          }, {
            "name": "杀好（不要内脏）",
            "id": 1,
            "_id": "59104272936edfa4218e2c63",
            "price": "0.00"
          }, {
            "name": "不杀",
            "id": 25,
            "_id": "5a44e384916edfbd378f33fb",
            "price": "0.00"
          }]
        }],
        "total_sales": 10935,
        "month_sales": 0,
        "buy_limit": 0,
        "mark_discount": 0,
        "mark_new": 0,
        "mark_self": 0,
        "status": 1,
        "category_path": "58f9e568936edfe3568b5738,58fa23d8916edf7e198b496a",
        "type": 0,
        "stockout_reserved": false,
        "is_promotion": 0,
        "sale_point_msg": [
          ["肉质清香白嫩刺少", "有“淡水石斑”的美称"],
          ["推荐清蒸鲈鱼", "轻松品尝原汁原味鲜美"]
        ],
        "activity": [],
        "is_presale": 0,
        "presale_delivery_date_display": "",
        "is_gift": 0,
        "is_onion": 0,
        "is_invoice": 1,
        "sub_list": [],
        "badge_img": "",
        "is_vod": false,
        "oid": 248,
        "stock_number": 4,
        "today_stockout": "",
        "is_booking": 0
      }, {
        "id": "5bd91218716de100468bd909",
        "product_name": "乐鲜鲜急冻三文鱼块 100g",
        "name": "乐鲜鲜急冻三文鱼块 100g",
        "origin_price": "26.90",
        "price": "26.90",
        "vip_price": "22.80",
        "spec": "放置于冰箱0到4°自然解冻 内附芥末和酱油",
        "small_image": "http:\/\/img.ddimg.mobi\/product\/4df4b6306c78e1548469079386.jpg!deliver.product.list",
        "category_id": "58fa23d8916edf7e198b496a",
        "sizes": [],
        "total_sales": 10254,
        "month_sales": 0,
        "buy_limit": 0,
        "mark_discount": 0,
        "mark_new": 0,
        "mark_self": 0,
        "status": 1,
        "category_path": "58f9e568936edfe3568b5738,58fa23d8916edf7e198b496a",
        "type": 0,
        "stockout_reserved": false,
        "is_promotion": 0,
        "sale_point_msg": [
          ["源自智利", "专业加工"],
          ["", ""]
        ],
        "activity": [{
          "type": 9,
          "type_name": "39元2件",
          "tag": "39元任选2件"
        }],
        "is_presale": 0,
        "presale_delivery_date_display": "",
        "is_gift": 0,
        "is_onion": 0,
        "is_invoice": 1,
        "sub_list": [],
        "badge_img": "",
        "is_vod": false,
        "oid": 8174,
        "stock_number": 7,
        "today_stockout": "",
        "is_booking": 0
      }, {
        "id": "5bed1528716de100468c4e8e",
        "product_name": "海水来了冷冻太湖银鱼 180g",
        "name": "海水来了冷冻太湖银鱼 180g",
        "origin_price": "16.80",
        "price": "16.80",
        "vip_price": "",
        "spec": "色泽如银 肉质丰腴（我是小银鱼）",
        "small_image": "http:\/\/img.ddimg.mobi\/product\/38a2db28c01221551664670203.jpg!deliver.product.list",
        "category_id": "58fa23d8916edf7e198b496a",
        "sizes": [],
        "total_sales": 10093,
        "month_sales": 0,
        "buy_limit": 0,
        "mark_discount": 0,
        "mark_new": 0,
        "mark_self": 0,
        "status": 1,
        "category_path": "58f9e568936edfe3568b5738,58fa23d8916edf7e198b496a",
        "type": 0,
        "stockout_reserved": false,
        "is_promotion": 0,
        "sale_point_msg": [
          ["", ""],
          ["", ""]
        ],
        "activity": [],
        "is_presale": 0,
        "presale_delivery_date_display": "",
        "is_gift": 0,
        "is_onion": 0,
        "is_invoice": 1,
        "sub_list": [],
        "badge_img": "",
        "is_vod": false,
        "oid": 8303,
        "stock_number": 13,
        "today_stockout": "",
        "is_booking": 0
      }, {
        "id": "5b7a95bd01a6eaaf048ba658",
        "product_name": "海水来了冰冻巴沙鱼柳 200g",
        "name": "海水来了冰冻巴沙鱼柳 200g",
        "origin_price": "12.90",
        "price": "12.90",
        "vip_price": "",
        "spec": "去骨去刺 味道鲜美细滑",
        "small_image": "http:\/\/img.ddimg.mobi\/product\/1be4c19844df1548487941620.jpg!deliver.product.list",
        "category_id": "58fa23d8916edf7e198b496a",
        "sizes": [],
        "total_sales": 10427,
        "month_sales": 0,
        "buy_limit": 0,
        "mark_discount": 0,
        "mark_new": 0,
        "mark_self": 0,
        "status": 1,
        "category_path": "58f9e568936edfe3568b5738,58fa23d8916edf7e198b496a",
        "type": 0,
        "stockout_reserved": false,
        "is_promotion": 0,
        "sale_point_msg": [
          ["", ""],
          ["", ""]
        ],
        "activity": [],
        "is_presale": 0,
        "presale_delivery_date_display": "",
        "is_gift": 0,
        "is_onion": 0,
        "is_invoice": 1,
        "sub_list": [],
        "badge_img": "",
        "is_vod": false,
        "oid": 7236,
        "stock_number": 22,
        "today_stockout": "",
        "is_booking": 0
      }, {
        "id": "5cdd16747cdbf00b4b622cb9",
        "product_name": "加费尔德巴沙鱼片 300g",
        "name": "加费尔德巴沙鱼片 300g",
        "origin_price": "17.90",
        "price": "17.90",
        "vip_price": "14.80",
        "spec": "肉质肥嫩 晶莹剔透 ",
        "small_image": "http:\/\/img.ddimg.mobi\/product\/046862b25c1e51567579054033.jpg!deliver.product.list",
        "category_id": "58fa23d8916edf7e198b496a",
        "sizes": [],
        "total_sales": 9517,
        "month_sales": 0,
        "buy_limit": 0,
        "mark_discount": 0,
        "mark_new": 0,
        "mark_self": 0,
        "status": 1,
        "category_path": "58f9e568936edfe3568b5738,58fa23d8916edf7e198b496a",
        "type": 0,
        "stockout_reserved": false,
        "is_promotion": 0,
        "sale_point_msg": [],
        "activity": [],
        "is_presale": 0,
        "presale_delivery_date_display": "",
        "is_gift": 0,
        "is_onion": 0,
        "is_invoice": 1,
        "sub_list": [],
        "badge_img": "",
        "is_vod": false,
        "oid": 10718,
        "stock_number": 5,
        "today_stockout": "",
        "is_booking": 0
      }, {
        "id": "5b751c4b01a6eaaf048b8fd0",
        "product_name": "海水来了冷冻黑虎虾仁 200g",
        "name": "海水来了冷冻黑虎虾仁 200g",
        "origin_price": "32.90",
        "price": "32.90",
        "vip_price": "25.80",
        "spec": "虾类珍品 肥美无比（18-24粒\/袋）",
        "small_image": "http:\/\/img.ddimg.mobi\/product\/db8ba925abbce1548487886415.jpg!deliver.product.list",
        "category_id": "58fa23fe916edf9b278b495a",
        "sizes": [],
        "total_sales": 9393,
        "month_sales": 0,
        "buy_limit": 0,
        "mark_discount": 0,
        "mark_new": 0,
        "mark_self": 0,
        "status": 1,
        "category_path": "58f9e568936edfe3568b5738,58fa23fe916edf9b278b495a",
        "type": 0,
        "stockout_reserved": false,
        "is_promotion": 0,
        "sale_point_msg": [
          ["", ""],
          ["", ""]
        ],
        "activity": [],
        "is_presale": 0,
        "presale_delivery_date_display": "",
        "is_gift": 0,
        "is_onion": 0,
        "is_invoice": 1,
        "sub_list": [],
        "badge_img": "",
        "is_vod": false,
        "oid": 7240,
        "stock_number": 11,
        "today_stockout": "",
        "is_booking": 0
      }]
    }, {
      "id": "5d36e501b0055a0b4a45309b",
      "name": "更多",
      "products": [{
        "id": "59957fd9936edf1f5d8d30ba",
        "product_name": "新东阳猪肉松 205g\/袋",
        "name": "新东阳猪肉松 205g\/袋",
        "origin_price": "28.80",
        "price": "28.80",
        "vip_price": "",
        "spec": "新老包装混发~",
        "small_image": "http:\/\/img.ddimg.mobi\/product\/0d5dbb3bca6221551426344501.jpg!deliver.product.list",
        "category_id": "5b0ff291c5702e62168bcee5",
        "sizes": [],
        "total_sales": 9715,
        "month_sales": 0,
        "buy_limit": 0,
        "mark_discount": 0,
        "mark_new": 0,
        "mark_self": 0,
        "status": 1,
        "category_path": "58f9e5b3936edfe3568b5742,5b0ff291c5702e62168bcee5",
        "type": 0,
        "stockout_reserved": false,
        "is_promotion": 0,
        "sale_point_msg": [
          ["白粥配肉松", "孩子能多吃两碗~"],
          ["做面包蛋糕三明治", "哇~~太香了！"]
        ],
        "activity": [],
        "is_presale": 0,
        "presale_delivery_date_display": "",
        "is_gift": 0,
        "is_onion": 0,
        "is_invoice": 1,
        "sub_list": [],
        "badge_img": "",
        "is_vod": false,
        "oid": 3508,
        "stock_number": 6,
        "today_stockout": "",
        "is_booking": 0
      }, {
        "id": "5d2706e67cdbf031161bf7a7",
        "product_name": "德亚儿童牛奶调制乳（汪汪队版） 200ml*3瓶",
        "name": "德亚儿童牛奶调制乳（汪汪队版） 200ml*3瓶",
        "origin_price": "19.90",
        "price": "19.90",
        "vip_price": "",
        "spec": "营养多多 快乐萌萌哒~",
        "small_image": "http:\/\/img.ddimg.mobi\/product\/13e3c2c82bfd21562838879182.jpg!deliver.product.list",
        "category_id": "5b10163ac5702ecd1c8c478e",
        "sizes": [],
        "total_sales": 7448,
        "month_sales": 0,
        "buy_limit": 0,
        "mark_discount": 0,
        "mark_new": 0,
        "mark_self": 0,
        "status": 1,
        "category_path": "58f9e574936edfe4568b5789,5b10163ac5702ecd1c8c478e",
        "type": 0,
        "stockout_reserved": false,
        "is_promotion": 0,
        "sale_point_msg": [],
        "activity": [],
        "is_presale": 0,
        "presale_delivery_date_display": "",
        "is_gift": 0,
        "is_onion": 0,
        "is_invoice": 1,
        "sub_list": [],
        "badge_img": "",
        "is_vod": false,
        "oid": 12095,
        "stock_number": 7,
        "today_stockout": "",
        "is_booking": 0
      }, {
        "id": "5aaa25a0c0a1ea0a4a8b457e",
        "product_name": "波力海苔 6g\/袋",
        "name": "波力海苔 6g\/袋",
        "origin_price": "5.90",
        "price": "5.90",
        "vip_price": "",
        "spec": "来自海洋的蔬菜 口感脆美",
        "small_image": "http:\/\/img.ddimg.mobi\/product\/2e98f53c17f51544957247963.jpg!maicai.product.list",
        "category_id": "5b0ff8d306752e25278bdb24",
        "sizes": [],
        "total_sales": 10070,
        "month_sales": 0,
        "buy_limit": 0,
        "mark_discount": 0,
        "mark_new": 0,
        "mark_self": 0,
        "status": 1,
        "category_path": "59701e80936edf4f38915857,5b0ff8d306752e25278bdb24",
        "type": 0,
        "stockout_reserved": false,
        "is_promotion": 0,
        "sale_point_msg": [
          ["", ""],
          ["", ""]
        ],
        "activity": [],
        "is_presale": 0,
        "presale_delivery_date_display": "",
        "is_gift": 0,
        "is_onion": 0,
        "is_invoice": 1,
        "sub_list": [],
        "badge_img": "",
        "is_vod": false,
        "oid": 5411,
        "stock_number": 4,
        "today_stockout": "",
        "is_booking": 0
      }, {
        "id": "5d2c47c410abf1329f4465f8",
        "product_name": "ZEK海苔（原味） 15g\/包",
        "name": "ZEK海苔（原味） 15g\/包",
        "origin_price": "12.80",
        "price": "12.80",
        "vip_price": "10.90",
        "spec": "酥脆可口 营养健康",
        "small_image": "http:\/\/img.ddimg.mobi\/product\/c57f76a2630e31563183182974.jpg!deliver.product.list",
        "category_id": "5b0ff8d306752e25278bdb24",
        "sizes": [],
        "total_sales": 7771,
        "month_sales": 0,
        "buy_limit": 0,
        "mark_discount": 0,
        "mark_new": 0,
        "mark_self": 0,
        "status": 1,
        "category_path": "59701e80936edf4f38915857,5b0ff8d306752e25278bdb24",
        "type": 0,
        "stockout_reserved": false,
        "is_promotion": 0,
        "sale_point_msg": [],
        "activity": [],
        "is_presale": 0,
        "presale_delivery_date_display": "",
        "is_gift": 0,
        "is_onion": 0,
        "is_invoice": 1,
        "sub_list": [],
        "badge_img": "",
        "is_vod": false,
        "oid": 12175,
        "stock_number": 2,
        "today_stockout": "",
        "is_booking": 0
      }, {
        "id": "5c6aa780ca203475690e58d7",
        "product_name": "妙可蓝多奶酪棒（原味) 100g\/袋",
        "name": "妙可蓝多奶酪棒（原味) 100g\/袋",
        "origin_price": "17.80",
        "price": "17.80",
        "vip_price": "12.50",
        "spec": "高钙美味 成长好滋味",
        "small_image": "http:\/\/img.ddimg.mobi\/product\/84e1f4ba973a11565687360718.jpg!deliver.product.list",
        "category_id": "58fb3ac2936edfe5568b58e1",
        "sizes": [],
        "total_sales": 9311,
        "month_sales": 0,
        "buy_limit": 0,
        "mark_discount": 0,
        "mark_new": 0,
        "mark_self": 0,
        "status": 1,
        "category_path": "58f9e574936edfe4568b5789,58fb3ac2936edfe5568b58e1",
        "type": 0,
        "stockout_reserved": false,
        "is_promotion": 0,
        "sale_point_msg": [],
        "activity": [],
        "is_presale": 0,
        "presale_delivery_date_display": "",
        "is_gift": 0,
        "is_onion": 0,
        "is_invoice": 1,
        "sub_list": [],
        "badge_img": "",
        "is_vod": false,
        "oid": 9427,
        "stock_number": 6,
        "today_stockout": "",
        "is_booking": 0
      }, {
        "id": "5b6a766ec0a1ea333a8b6f04",
        "product_name": "妙可蓝多马苏里拉奶酪碎 125g\/袋",
        "name": "妙可蓝多马苏里拉奶酪碎 125g\/袋",
        "origin_price": "11.90",
        "price": "11.90",
        "vip_price": "",
        "spec": "奶香浓郁 口感顺滑",
        "small_image": "http:\/\/img.ddimg.mobi\/product\/8e32ec8532d621565677613739.jpg!deliver.product.list",
        "category_id": "58fb3ac2936edfe5568b58e1",
        "sizes": [],
        "total_sales": 9421,
        "month_sales": 0,
        "buy_limit": 0,
        "mark_discount": 0,
        "mark_new": 0,
        "mark_self": 0,
        "status": 1,
        "category_path": "58f9e574936edfe4568b5789,58fb3ac2936edfe5568b58e1",
        "type": 0,
        "stockout_reserved": false,
        "is_promotion": 0,
        "sale_point_msg": [
          ["", ""],
          ["", ""]
        ],
        "activity": [{
          "type": 2,
          "type_name": "满折",
          "tag": "第2件半价"
        }],
        "is_presale": 0,
        "presale_delivery_date_display": "",
        "is_gift": 0,
        "is_onion": 0,
        "is_invoice": 1,
        "sub_list": [],
        "badge_img": "",
        "is_vod": false,
        "oid": 7121,
        "stock_number": 5,
        "today_stockout": "",
        "is_booking": 0
      }, {
        "id": "5adf05e4c0a1eacf218b459a",
        "product_name": "百吉福原味棒棒奶酪 120g\/袋",
        "name": "百吉福原味棒棒奶酪 120g\/袋",
        "origin_price": "19.80",
        "price": "19.80",
        "vip_price": "",
        "spec": "新老包装交替 健康奶香 玩味成长",
        "small_image": "http:\/\/img.ddimg.mobi\/product\/ad7161b92e661565686633381.jpg!deliver.product.list",
        "category_id": "58fb3ac2936edfe5568b58e1",
        "sizes": [],
        "total_sales": 9063,
        "month_sales": 0,
        "buy_limit": 0,
        "mark_discount": 0,
        "mark_new": 0,
        "mark_self": 0,
        "status": 1,
        "category_path": "58f9e574936edfe4568b5789,58fb3ac2936edfe5568b58e1",
        "type": 0,
        "stockout_reserved": false,
        "is_promotion": 0,
        "sale_point_msg": [
          ["法国奶酪技术", "安全奶源 妈妈放心"],
          ["高钙质助力成长", "能涨知识的儿童零食~"]
        ],
        "activity": [],
        "is_presale": 0,
        "presale_delivery_date_display": "",
        "is_gift": 0,
        "is_onion": 0,
        "is_invoice": 1,
        "sub_list": [],
        "badge_img": "",
        "is_vod": false,
        "oid": 5896,
        "stock_number": 2,
        "today_stockout": "",
        "is_booking": 0
      }, {
        "id": "5adf0599c0a1eacf218b4572",
        "product_name": "百吉福混合水果味棒棒奶酪 120g\/袋",
        "name": "百吉福混合水果味棒棒奶酪 120g\/袋",
        "origin_price": "19.80",
        "price": "19.80",
        "vip_price": "",
        "spec": "混合果味 缤纷滋味",
        "small_image": "http:\/\/img.ddimg.mobi\/product\/2338d61d91f5a1565686617185.jpg!deliver.product.list",
        "category_id": "58fb3ac2936edfe5568b58e1",
        "sizes": [],
        "total_sales": 8871,
        "month_sales": 0,
        "buy_limit": 0,
        "mark_discount": 0,
        "mark_new": 0,
        "mark_self": 0,
        "status": 1,
        "category_path": "58f9e574936edfe4568b5789,58fb3ac2936edfe5568b58e1",
        "type": 0,
        "stockout_reserved": false,
        "is_promotion": 0,
        "sale_point_msg": [
          ["奶源安全纯净", "口感细腻顺滑含钙丰富"],
          ["独立封装工艺", "只为让你每一口都放心"]
        ],
        "activity": [],
        "is_presale": 0,
        "presale_delivery_date_display": "",
        "is_gift": 0,
        "is_onion": 0,
        "is_invoice": 1,
        "sub_list": [],
        "badge_img": "",
        "is_vod": false,
        "oid": 5895,
        "stock_number": 6,
        "today_stockout": "",
        "is_booking": 0
      }, {
        "id": "59c37b466ec2c49d438b45cc",
        "product_name": "陈克明宝贝蔬菜小面 280g\/袋",
        "name": "陈克明宝贝蔬菜小面 280g\/袋",
        "origin_price": "10.90",
        "price": "10.90",
        "vip_price": "7.90",
        "spec": "建议三岁以上儿童食用 口感细滑易于消化",
        "small_image": "http:\/\/img.ddimg.mobi\/product\/f20b2dc6dc4151563338016937.jpg!deliver.product.list",
        "category_id": "58fb3b03936edf89778b57e1",
        "sizes": [],
        "total_sales": 9685,
        "month_sales": 0,
        "buy_limit": 0,
        "mark_discount": 0,
        "mark_new": 0,
        "mark_self": 0,
        "status": 1,
        "category_path": "58f9e58b936edfe2568b580d,58fb3b03936edf89778b57e1",
        "type": 0,
        "stockout_reserved": false,
        "is_promotion": 0,
        "sale_point_msg": [
          ["", ""],
          ["", ""]
        ],
        "activity": [],
        "is_presale": 0,
        "presale_delivery_date_display": "",
        "is_gift": 0,
        "is_onion": 0,
        "is_invoice": 1,
        "sub_list": [],
        "badge_img": "",
        "is_vod": false,
        "oid": 3809,
        "stock_number": 8,
        "today_stockout": "",
        "is_booking": 0
      }, {
        "id": "58b7d672916edf0d4dc24b5c",
        "product_name": "禾煜虾皮 80g\/袋",
        "name": "禾煜虾皮 80g\/袋",
        "origin_price": "18.90",
        "price": "18.90",
        "vip_price": "",
        "spec": "做汤 拌凉菜 蒸鸡蛋 提鲜小能手",
        "small_image": "http:\/\/ddimg.ddxq.mobi\/e92935311495520547391.jpg!maicai.product.list",
        "category_id": "58fb3b42936edf89778b57ed",
        "sizes": [],
        "total_sales": 9610,
        "month_sales": 0,
        "buy_limit": 0,
        "mark_discount": 0,
        "mark_new": 0,
        "mark_self": 0,
        "status": 1,
        "category_path": "58f9e593936edfe5568b575b,58fb3b42936edf89778b57ed",
        "type": 0,
        "stockout_reserved": false,
        "is_promotion": 0,
        "sale_point_msg": [
          ["", ""],
          ["", ""]
        ],
        "activity": [],
        "is_presale": 0,
        "presale_delivery_date_display": "",
        "is_gift": 0,
        "is_onion": 0,
        "is_invoice": 1,
        "sub_list": [],
        "badge_img": "",
        "is_vod": false,
        "oid": 75,
        "stock_number": 7,
        "today_stockout": "",
        "is_booking": 0
      }, {
        "id": "58f821b6916edfdd4ccbaef3",
        "product_name": "禾煜黑芝麻 98g\/袋",
        "name": "禾煜黑芝麻 98g\/袋",
        "origin_price": "9.80",
        "price": "9.80",
        "vip_price": "",
        "spec": "小颗粒 大健康~",
        "small_image": "http:\/\/ddimg.ddxq.mobi\/f708c5fbe70be1539521255812.jpg!maicai.product.list",
        "category_id": "58fb3b10936edfe5568b58f1",
        "sizes": [],
        "total_sales": 9008,
        "month_sales": 0,
        "buy_limit": 0,
        "mark_discount": 0,
        "mark_new": 0,
        "mark_self": 0,
        "status": 1,
        "category_path": "58f9e58b936edfe2568b580d,58fb3b10936edfe5568b58f1",
        "type": 0,
        "stockout_reserved": false,
        "is_promotion": 0,
        "sale_point_msg": [
          ["", ""],
          ["", ""]
        ],
        "activity": [],
        "is_presale": 0,
        "presale_delivery_date_display": "",
        "is_gift": 0,
        "is_onion": 0,
        "is_invoice": 1,
        "sub_list": [],
        "badge_img": "",
        "is_vod": false,
        "oid": 1308,
        "stock_number": 11,
        "today_stockout": "",
        "is_booking": 0
      }, {
        "id": "5ab23e67c0a1ea5a628b45fa",
        "product_name": "金龙鱼香芝麻油 400ml\/瓶",
        "name": "金龙鱼香芝麻油 400ml\/瓶",
        "origin_price": "24.90",
        "price": "24.90",
        "vip_price": "",
        "spec": "精选原料 醇香持久",
        "small_image": "http:\/\/ddimg.ddxq.mobi\/e6f246d3414a71527220071699.jpg!maicai.product.list",
        "category_id": "58fb3bcc936edfe6568b5a27",
        "sizes": [],
        "total_sales": 9464,
        "month_sales": 0,
        "buy_limit": 0,
        "mark_discount": 0,
        "mark_new": 0,
        "mark_self": 0,
        "status": 1,
        "category_path": "58f9e5a1936edf89778b568b,58fb3bcc936edfe6568b5a27",
        "type": 0,
        "stockout_reserved": false,
        "is_promotion": 0,
        "sale_point_msg": [
          ["原料颗颗精选", "多道工艺使香味持久"],
          ["盖不住的纯芝麻香", "夏天凉拌少不了这一味"]
        ],
        "activity": [],
        "is_presale": 0,
        "presale_delivery_date_display": "",
        "is_gift": 0,
        "is_onion": 0,
        "is_invoice": 1,
        "sub_list": [],
        "badge_img": "",
        "is_vod": false,
        "oid": 5500,
        "stock_number": 3,
        "today_stockout": "",
        "is_booking": 0
      }, {
        "id": "5aa5eacfc0a1ea2f338b473f",
        "product_name": "新良玉米淀粉 200g\/袋",
        "name": "新良玉米淀粉 200g\/袋",
        "origin_price": "3.50",
        "price": "3.50",
        "vip_price": "",
        "spec": "烹饪勾芡做糕点 样样精通",
        "small_image": "http:\/\/ddimg.ddxq.mobi\/11363de41520839603716.jpg!maicai.product.list",
        "category_id": "58fb4042936edfe4568b5904",
        "sizes": [],
        "total_sales": 10670,
        "month_sales": 0,
        "buy_limit": 0,
        "mark_discount": 0,
        "mark_new": 0,
        "mark_self": 0,
        "status": 1,
        "category_path": "58f9e5a1936edf89778b568b,58fb4042936edfe4568b5904",
        "type": 0,
        "stockout_reserved": false,
        "is_promotion": 0,
        "sale_point_msg": [
          ["", ""],
          ["", ""]
        ],
        "activity": [],
        "is_presale": 0,
        "presale_delivery_date_display": "",
        "is_gift": 0,
        "is_onion": 0,
        "is_invoice": 1,
        "sub_list": [],
        "badge_img": "",
        "is_vod": false,
        "oid": 5331,
        "stock_number": 4,
        "today_stockout": "",
        "is_booking": 0
      }, {
        "id": "5c46893cca2034756265f885",
        "product_name": "九洲丰园有机儿童馒头 260g\/袋",
        "name": "九洲丰园有机儿童馒头 260g\/袋",
        "origin_price": "12.80",
        "price": "12.80",
        "vip_price": "10.80",
        "spec": "绿色健康，好吃又好看",
        "small_image": "http:\/\/img.ddimg.mobi\/product\/56c3071fc97fa1565600111768.jpg!deliver.product.list",
        "category_id": "5b0ffb3845cd42cb548c913c",
        "sizes": [],
        "total_sales": 9539,
        "month_sales": 0,
        "buy_limit": 0,
        "mark_discount": 0,
        "mark_new": 0,
        "mark_self": 0,
        "status": 1,
        "category_path": "58f9e5b3936edfe3568b5742,5b0ffb3845cd42cb548c913c",
        "type": 0,
        "stockout_reserved": false,
        "is_promotion": 0,
        "sale_point_msg": [],
        "activity": [{
          "type": 5,
          "type_name": "满赠",
          "tag": "满49赠鲜奶"
        }],
        "is_presale": 0,
        "presale_delivery_date_display": "",
        "is_gift": 0,
        "is_onion": 0,
        "is_invoice": 1,
        "sub_list": [],
        "badge_img": "",
        "is_vod": false,
        "oid": 9330,
        "stock_number": 5,
        "today_stockout": "",
        "is_booking": 0
      }, {
        "id": "5c0cd70ed033a11a148b4cc8",
        "product_name": "三全儿童虾仁玉米馄饨 210g\/袋",
        "name": "三全儿童虾仁玉米馄饨 210g\/袋",
        "origin_price": "22.80",
        "price": "22.80",
        "vip_price": "19.90",
        "spec": "为宝宝量身打造的馄饨~",
        "small_image": "http:\/\/img.ddimg.mobi\/product\/4932e69dc80b51565600726690.jpg!deliver.product.list",
        "category_id": "5b0ffb3845cd42cb548c913c",
        "sizes": [],
        "total_sales": 8917,
        "month_sales": 0,
        "buy_limit": 0,
        "mark_discount": 0,
        "mark_new": 0,
        "mark_self": 0,
        "status": 1,
        "category_path": "58f9e5b3936edfe3568b5742,5b0ffb3845cd42cb548c913c",
        "type": 0,
        "stockout_reserved": false,
        "is_promotion": 0,
        "sale_point_msg": [
          ["", ""],
          ["", ""]
        ],
        "activity": [{
          "type": 5,
          "type_name": "满赠",
          "tag": "满49赠鲜奶"
        }],
        "is_presale": 0,
        "presale_delivery_date_display": "",
        "is_gift": 0,
        "is_onion": 0,
        "is_invoice": 1,
        "sub_list": [],
        "badge_img": "",
        "is_vod": false,
        "oid": 8618,
        "stock_number": 3,
        "today_stockout": "",
        "is_booking": 0
      }, {
        "id": "5b5ac718c0a1eaef368b7629",
        "product_name": "三全虾仁胡萝卜儿童水饺 300g\/袋",
        "name": "三全虾仁胡萝卜儿童水饺 300g\/袋",
        "origin_price": "22.90",
        "price": "22.90",
        "vip_price": "19.90",
        "spec": "菠菜汁入皮 美味又营养~",
        "small_image": "http:\/\/img.ddimg.mobi\/product\/1e5687a5894f1565677551774.jpg!deliver.product.list",
        "category_id": "5b0ffb3845cd42cb548c913c",
        "sizes": [],
        "total_sales": 9686,
        "month_sales": 0,
        "buy_limit": 0,
        "mark_discount": 0,
        "mark_new": 0,
        "mark_self": 0,
        "status": 1,
        "category_path": "58f9e5b3936edfe3568b5742,5b0ffb3845cd42cb548c913c",
        "type": 0,
        "stockout_reserved": false,
        "is_promotion": 0,
        "sale_point_msg": [
          ["菠菜汁入皮", "好吃 好看 有童趣"],
          ["专为儿童研制", "深得小朋友们的倾心~"]
        ],
        "activity": [{
          "type": 5,
          "type_name": "满赠",
          "tag": "满49赠鲜奶"
        }],
        "is_presale": 0,
        "presale_delivery_date_display": "",
        "is_gift": 0,
        "is_onion": 0,
        "is_invoice": 1,
        "sub_list": [],
        "badge_img": "",
        "is_vod": false,
        "oid": 6960,
        "stock_number": 4,
        "today_stockout": "",
        "is_booking": 0
      }, {
        "id": "58db972e916edf524dc77338",
        "product_name": "金龙鱼多用途麦芯粉 1kg\/袋",
        "name": "金龙鱼多用途麦芯粉 1kg\/袋",
        "origin_price": "12.90",
        "price": "12.90",
        "vip_price": "9.90",
        "spec": "你想做什么面点 就做什么面点",
        "small_image": "http:\/\/ddimg.ddxq.mobi\/f73c63914049e1499667943368.jpg!maicai.product.list",
        "category_id": "58fb3b03936edf89778b57e1",
        "sizes": [],
        "total_sales": 10231,
        "month_sales": 0,
        "buy_limit": 0,
        "mark_discount": 0,
        "mark_new": 0,
        "mark_self": 0,
        "status": 1,
        "category_path": "58f9e58b936edfe2568b580d,58fb3b03936edf89778b57e1",
        "type": 0,
        "stockout_reserved": false,
        "is_promotion": 0,
        "sale_point_msg": [
          ["", ""],
          ["", ""]
        ],
        "activity": [],
        "is_presale": 0,
        "presale_delivery_date_display": "",
        "is_gift": 0,
        "is_onion": 0,
        "is_invoice": 1,
        "sub_list": [],
        "badge_img": "",
        "is_vod": false,
        "oid": 573,
        "stock_number": 10,
        "today_stockout": "",
        "is_booking": 0
      }, {
        "id": "5d022d4410abf114ac215d61",
        "product_name": "崇明鲜米 5kg\/袋",
        "name": "崇明鲜米 5kg\/袋",
        "origin_price": "59.90",
        "price": "53.90",
        "vip_price": "",
        "spec": "崇明生态种植 鲜碾现磨 每一口都是甘甜的味道~",
        "small_image": "http:\/\/img.ddimg.mobi\/product\/4502b4e9931591560423804453.jpg!deliver.product.list",
        "category_id": "58fb3af5936edfe6568b5a05",
        "sizes": [],
        "total_sales": 9014,
        "month_sales": 0,
        "buy_limit": 0,
        "mark_discount": 0,
        "mark_new": 0,
        "mark_self": 0,
        "status": 1,
        "category_path": "58f9e58b936edfe2568b580d,58fb3af5936edfe6568b5a05",
        "type": 0,
        "stockout_reserved": false,
        "is_promotion": 0,
        "sale_point_msg": [],
        "activity": [{
          "type": 6,
          "type_name": "特价",
          "tag": "丰收节"
        }],
        "is_presale": 0,
        "presale_delivery_date_display": "",
        "is_gift": 0,
        "is_onion": 0,
        "is_invoice": 1,
        "sub_list": [],
        "badge_img": "",
        "is_vod": false,
        "oid": 11171,
        "stock_number": 7,
        "today_stockout": "",
        "is_booking": 0
      }, {
        "id": "5d5bde58b0055a0b5f763e4e",
        "product_name": "三全儿童三文鱼荠菜水饺 300g\/盒",
        "name": "三全儿童三文鱼荠菜水饺 300g\/盒",
        "origin_price": "22.90",
        "price": "22.90",
        "vip_price": "",
        "spec": "松软细腻如现做",
        "small_image": "http:\/\/img.ddimg.mobi\/product\/52a8d7e45bde41566301809159.jpg!deliver.product.list",
        "category_id": "5b0ffb3845cd42cb548c913c",
        "sizes": [],
        "total_sales": 7212,
        "month_sales": 0,
        "buy_limit": 0,
        "mark_discount": 0,
        "mark_new": 0,
        "mark_self": 0,
        "status": 1,
        "category_path": "58f9e5b3936edfe3568b5742,5b0ffb3845cd42cb548c913c",
        "type": 0,
        "stockout_reserved": false,
        "is_promotion": 0,
        "sale_point_msg": [],
        "activity": [{
          "type": 5,
          "type_name": "满赠",
          "tag": "满49赠鲜奶"
        }],
        "is_presale": 0,
        "presale_delivery_date_display": "",
        "is_gift": 0,
        "is_onion": 0,
        "is_invoice": 1,
        "sub_list": [],
        "badge_img": "",
        "is_vod": false,
        "oid": 14308,
        "stock_number": 3,
        "today_stockout": "",
        "is_booking": 0
      }]
    }, {
      "id": "stock_no",
      "name": "缺货商品",
      "products": [{
        "id": "59919562936edf20548eb111",
        "product_name": "西兰花 约500g",
        "name": "西兰花 约500g",
        "origin_price": "4.90",
        "price": "3.90",
        "vip_price": "",
        "spec": "生食炒食凉拌 总有一种你爱的",
        "small_image": "http:\/\/img.ddimg.mobi\/product\/2558c821a46ae1545281569308.jpg!maicai.product.list",
        "category_id": "599fda09936edf10388f85fb",
        "sizes": [],
        "total_sales": 10952,
        "month_sales": 0,
        "buy_limit": 0,
        "mark_discount": 0,
        "mark_new": 0,
        "mark_self": 0,
        "status": 1,
        "category_path": "58f9d213936edfe4568b569a,599fda09936edf10388f85fb",
        "type": 0,
        "stockout_reserved": false,
        "is_promotion": 0,
        "sale_point_msg": [
          ["可制作沙拉与清炒", "餐桌百变女王"],
          ["散而入味营养丰富", "被誉为“蔬菜皇冠”"]
        ],
        "activity": [{
          "type": 6,
          "type_name": "特价",
          "tag": "实惠优"
        }],
        "is_presale": 0,
        "presale_delivery_date_display": "",
        "is_gift": 0,
        "is_onion": 0,
        "is_invoice": 1,
        "sub_list": [],
        "badge_img": "",
        "is_vod": false,
        "oid": 3451,
        "stock_number": 0,
        "today_stockout": "",
        "is_booking": 0
      }, {
        "id": "5a5089a26ec2c4ae648b45b8",
        "product_name": "膳博士黑猪肉丝 250g",
        "name": "膳博士黑猪肉丝 250g",
        "origin_price": "25.80",
        "price": "23.90",
        "vip_price": "21.80",
        "spec": "精切肉丝 肉质鲜香 回味无穷",
        "small_image": "http:\/\/img.ddimg.mobi\/product\/cbe4baa799aba1562325710898.jpg!deliver.product.list",
        "category_id": "58fa24c5916edf7a198b49b7",
        "sizes": [],
        "total_sales": 10799,
        "month_sales": 0,
        "buy_limit": 0,
        "mark_discount": 0,
        "mark_new": 0,
        "mark_self": 0,
        "status": 1,
        "category_path": "58f9e514936edfe3568b572e,58fa24c5916edf7a198b49b7",
        "type": 0,
        "stockout_reserved": false,
        "is_promotion": 0,
        "sale_point_msg": [
          ["", ""],
          ["", ""]
        ],
        "activity": [{
          "type": 9,
          "type_name": "39元2件",
          "tag": "39元任选2件"
        }, {
          "type": 6,
          "type_name": "特价",
          "tag": "推荐"
        }],
        "is_presale": 0,
        "presale_delivery_date_display": "",
        "is_gift": 0,
        "is_onion": 0,
        "is_invoice": 1,
        "sub_list": [],
        "badge_img": "",
        "is_vod": false,
        "oid": 4853,
        "stock_number": 0,
        "today_stockout": "",
        "is_booking": 0
      }, {
        "id": "58ba5995916edfec4cc2b2b7",
        "product_name": "新鲜菠菜 250g",
        "name": "新鲜菠菜 250g",
        "origin_price": "6.80",
        "price": "4.80",
        "vip_price": "",
        "spec": "新鲜带根 大力菠菜",
        "small_image": "http:\/\/img.ddimg.mobi\/product\/54715edf070a51545281398065.jpg!maicai.product.list",
        "category_id": "58fbf49b936edfe6568b5ac5",
        "sizes": [],
        "total_sales": 10969,
        "month_sales": 0,
        "buy_limit": 0,
        "mark_discount": 0,
        "mark_new": 0,
        "mark_self": 0,
        "status": 1,
        "category_path": "58f9d213936edfe4568b569a,58fbf49b936edfe6568b5ac5",
        "type": 0,
        "stockout_reserved": false,
        "is_promotion": 0,
        "sale_point_msg": [
          ["", ""],
          ["", ""]
        ],
        "activity": [{
          "type": 9,
          "type_name": "19.9元3件",
          "tag": "19.9元任选3件"
        }, {
          "type": 6,
          "type_name": "特价",
          "tag": "实惠优"
        }],
        "is_presale": 0,
        "presale_delivery_date_display": "",
        "is_gift": 0,
        "is_onion": 0,
        "is_invoice": 1,
        "sub_list": [],
        "badge_img": "",
        "is_vod": false,
        "oid": 153,
        "stock_number": 0,
        "today_stockout": "",
        "is_booking": 0
      }, {
        "id": "5a41fff26ec2c496368b4571",
        "product_name": "精选富硒贝贝南瓜 约300g",
        "name": "精选富硒贝贝南瓜 约300g",
        "origin_price": "9.90",
        "price": "9.90",
        "vip_price": "6.99",
        "spec": "新瓜 我很迷小 和大苹果差不多大~",
        "small_image": "http:\/\/img.ddimg.mobi\/product\/0e7e3cf6f9d031545372200067.jpg!maicai.product.list",
        "category_id": "58fbf4bf936edfe3568b5990",
        "sizes": [],
        "total_sales": 10755,
        "month_sales": 0,
        "buy_limit": 0,
        "mark_discount": 0,
        "mark_new": 0,
        "mark_self": 0,
        "status": 1,
        "category_path": "58f9d213936edfe4568b569a,58fbf4bf936edfe3568b5990",
        "type": 0,
        "stockout_reserved": false,
        "is_promotion": 0,
        "sale_point_msg": [
          ["香甜似板栗", "蒸熟后软糯细嫩"],
          ["迷你“小甜心”", "融化你的心"]
        ],
        "activity": [{
          "type": 9,
          "type_name": "19.9元3件",
          "tag": "19.9元任选3件"
        }],
        "is_presale": 0,
        "presale_delivery_date_display": "",
        "is_gift": 0,
        "is_onion": 0,
        "is_invoice": 1,
        "sub_list": [],
        "badge_img": "",
        "is_vod": false,
        "oid": 4721,
        "stock_number": 0,
        "today_stockout": "",
        "is_booking": 0
      }, {
        "id": "5add94b5c0a1ead2158b4596",
        "product_name": "小紫薯 250g",
        "name": "小紫薯 250g",
        "origin_price": "5.90",
        "price": "5.90",
        "vip_price": "3.90",
        "spec": "个头小小哒 一口一个哦~",
        "small_image": "http:\/\/img.ddimg.mobi\/product\/b20069e84693d1545281653333.jpg!maicai.product.list",
        "category_id": "58fbf4ab936edf42508b4646",
        "sizes": [],
        "total_sales": 10884,
        "month_sales": 0,
        "buy_limit": 0,
        "mark_discount": 0,
        "mark_new": 0,
        "mark_self": 0,
        "status": 1,
        "category_path": "58f9d213936edfe4568b569a,58fbf4ab936edf42508b4646",
        "type": 0,
        "stockout_reserved": false,
        "is_promotion": 0,
        "sale_point_msg": [
          ["", ""],
          ["", ""]
        ],
        "activity": [{
          "type": 9,
          "type_name": "9.9元3件",
          "tag": "9.9元3件"
        }],
        "is_presale": 0,
        "presale_delivery_date_display": "",
        "is_gift": 0,
        "is_onion": 0,
        "is_invoice": 1,
        "sub_list": [],
        "badge_img": "",
        "is_vod": false,
        "oid": 5861,
        "stock_number": 0,
        "today_stockout": "",
        "is_booking": 0
      }, {
        "id": "5c94692bca203475690e58e0",
        "product_name": "嘉仕有机胡萝卜 250g",
        "name": "嘉仕有机胡萝卜 250g",
        "origin_price": "12.80",
        "price": "12.80",
        "vip_price": "",
        "spec": "有机食品·脆嫩清甜 有机味更鲜~",
        "small_image": "http:\/\/img.ddimg.mobi\/product\/f172cc19bf38d1556424281594.jpg!deliver.product.list",
        "category_id": "58fbf4ab936edf42508b4646",
        "sizes": [],
        "total_sales": 9742,
        "month_sales": 0,
        "buy_limit": 0,
        "mark_discount": 0,
        "mark_new": 0,
        "mark_self": 0,
        "status": 1,
        "category_path": "58f9d213936edfe4568b569a,58fbf4ab936edf42508b4646",
        "type": 0,
        "stockout_reserved": false,
        "is_promotion": 0,
        "sale_point_msg": [],
        "activity": [],
        "is_presale": 0,
        "presale_delivery_date_display": "",
        "is_gift": 0,
        "is_onion": 0,
        "is_invoice": 1,
        "sub_list": [],
        "badge_img": "",
        "is_vod": false,
        "oid": 9855,
        "stock_number": 0,
        "today_stockout": "",
        "is_booking": 0
      }, {
        "id": "5cb99a45b0055a4fb65c2f84",
        "product_name": "滕州小土豆 约400g",
        "name": "滕州小土豆 约400g",
        "origin_price": "3.80",
        "price": "3.80",
        "vip_price": "",
        "spec": "产自滕州的小可爱",
        "small_image": "http:\/\/img.ddimg.mobi\/product\/28d2df03e13fd1545281636555.jpg!maicai.product.list",
        "category_id": "58fbf4ab936edf42508b4646",
        "sizes": [],
        "total_sales": 10786,
        "month_sales": 0,
        "buy_limit": 0,
        "mark_discount": 0,
        "mark_new": 0,
        "mark_self": 0,
        "status": 1,
        "category_path": "58f9d213936edfe4568b569a,58fbf4ab936edf42508b4646",
        "type": 0,
        "stockout_reserved": false,
        "is_promotion": 0,
        "sale_point_msg": [],
        "activity": [{
          "type": 9,
          "type_name": "9.9元3件",
          "tag": "9.9元3件"
        }],
        "is_presale": 0,
        "presale_delivery_date_display": "",
        "is_gift": 0,
        "is_onion": 0,
        "is_invoice": 1,
        "sub_list": [],
        "badge_img": "",
        "is_vod": false,
        "oid": 10232,
        "stock_number": 0,
        "today_stockout": "",
        "is_booking": 0
      }, {
        "id": "5cb81c637cdbf06d101db661",
        "product_name": "食菌纪双孢菇（白蘑菇） 150g",
        "name": "食菌纪双孢菇（白蘑菇） 150g",
        "origin_price": "6.90",
        "price": "6.90",
        "vip_price": "",
        "spec": "非一般的嫩滑跃然舌尖",
        "small_image": "http:\/\/img.ddimg.mobi\/product\/0756f78514d371555935772011.jpg!deliver.product.list",
        "category_id": "58fbf4ed936edfe6568b5ace",
        "sizes": [],
        "total_sales": 10372,
        "month_sales": 0,
        "buy_limit": 0,
        "mark_discount": 0,
        "mark_new": 0,
        "mark_self": 0,
        "status": 1,
        "category_path": "58f9d213936edfe4568b569a,58fbf4ed936edfe6568b5ace",
        "type": 0,
        "stockout_reserved": false,
        "is_promotion": 0,
        "sale_point_msg": [],
        "activity": [],
        "is_presale": 0,
        "presale_delivery_date_display": "",
        "is_gift": 0,
        "is_onion": 0,
        "is_invoice": 1,
        "sub_list": [],
        "badge_img": "",
        "is_vod": false,
        "oid": 10180,
        "stock_number": 0,
        "today_stockout": "",
        "is_booking": 0
      }, {
        "id": "5cc6d398b0055a0b517a9d92",
        "product_name": "小杏鲍菇 200g",
        "name": "小杏鲍菇 200g",
        "origin_price": "5.90",
        "price": "5.90",
        "vip_price": "",
        "spec": "小而美 香味似杏仁 口感如鲍鱼",
        "small_image": "http:\/\/img.ddimg.mobi\/product\/8c5513a8d305d1557991000324.jpg!deliver.product.list",
        "category_id": "58fbf4ed936edfe6568b5ace",
        "sizes": [],
        "total_sales": 10207,
        "month_sales": 0,
        "buy_limit": 0,
        "mark_discount": 0,
        "mark_new": 0,
        "mark_self": 0,
        "status": 1,
        "category_path": "58f9d213936edfe4568b569a,58fbf4ed936edfe6568b5ace",
        "type": 0,
        "stockout_reserved": false,
        "is_promotion": 0,
        "sale_point_msg": [],
        "activity": [],
        "is_presale": 0,
        "presale_delivery_date_display": "",
        "is_gift": 0,
        "is_onion": 0,
        "is_invoice": 1,
        "sub_list": [],
        "badge_img": "",
        "is_vod": false,
        "oid": 10447,
        "stock_number": 0,
        "today_stockout": "",
        "is_booking": 0
      }, {
        "id": "5b7e6bd0c0a1ea1a0c8b7609",
        "product_name": "鲜黑木耳 250g",
        "name": "鲜黑木耳 250g",
        "origin_price": "3.90",
        "price": "3.90",
        "vip_price": "",
        "spec": "质软味鲜 食用前清洗 但不可久泡哦~",
        "small_image": "http:\/\/img.ddimg.mobi\/product\/06f9c1dcd53471545274090881.jpg!maicai.product.list",
        "category_id": "58fbf4ed936edfe6568b5ace",
        "sizes": [],
        "total_sales": 10801,
        "month_sales": 0,
        "buy_limit": 0,
        "mark_discount": 0,
        "mark_new": 0,
        "mark_self": 0,
        "status": 1,
        "category_path": "58f9d213936edfe4568b569a,58fbf4ed936edfe6568b5ace",
        "type": 0,
        "stockout_reserved": false,
        "is_promotion": 0,
        "sale_point_msg": [
          ["", ""],
          ["", ""]
        ],
        "activity": [{
          "type": 9,
          "type_name": "9.9元3件",
          "tag": "9.9元3件"
        }],
        "is_presale": 0,
        "presale_delivery_date_display": "",
        "is_gift": 0,
        "is_onion": 0,
        "is_invoice": 1,
        "sub_list": [],
        "badge_img": "",
        "is_vod": false,
        "oid": 7362,
        "stock_number": 0,
        "today_stockout": "",
        "is_booking": 0
      }, {
        "id": "5c9799352b12be5efb643e1c",
        "product_name": "西葫芦 约450g",
        "name": "西葫芦 约450g",
        "origin_price": "3.20",
        "price": "3.20",
        "vip_price": "2.50",
        "spec": "虾仁炒西葫芦 你知道吗？",
        "small_image": "http:\/\/img.ddimg.mobi\/product\/c913aecbc22241545281846432.jpg!maicai.product.list",
        "category_id": "58fbf4bf936edfe3568b5990",
        "sizes": [],
        "total_sales": 10668,
        "month_sales": 0,
        "buy_limit": 0,
        "mark_discount": 0,
        "mark_new": 0,
        "mark_self": 0,
        "status": 1,
        "category_path": "58f9d213936edfe4568b569a,58fbf4bf936edfe3568b5990",
        "type": 0,
        "stockout_reserved": false,
        "is_promotion": 0,
        "sale_point_msg": [],
        "activity": [],
        "is_presale": 0,
        "presale_delivery_date_display": "",
        "is_gift": 0,
        "is_onion": 0,
        "is_invoice": 1,
        "sub_list": [],
        "badge_img": "",
        "is_vod": false,
        "oid": 9881,
        "stock_number": 0,
        "today_stockout": "",
        "is_booking": 0
      }, {
        "id": "5d6dc6a010abf1329d4f0b8c",
        "product_name": "沙地蜜薯 500g\/袋",
        "name": "沙地蜜薯 500g\/袋",
        "origin_price": "9.90",
        "price": "9.90",
        "vip_price": "",
        "spec": "蜜罐里长大的番薯 一口就爱上",
        "small_image": "http:\/\/img.ddimg.mobi\/product\/58871b5ada1f21567475381523.jpg!deliver.product.list",
        "category_id": "58fbf4ab936edf42508b4646",
        "sizes": [],
        "total_sales": 8439,
        "month_sales": 0,
        "buy_limit": 0,
        "mark_discount": 0,
        "mark_new": 0,
        "mark_self": 0,
        "status": 1,
        "category_path": "58f9d213936edfe4568b569a,58fbf4ab936edf42508b4646",
        "type": 0,
        "stockout_reserved": false,
        "is_promotion": 0,
        "sale_point_msg": [],
        "activity": [],
        "is_presale": 0,
        "presale_delivery_date_display": "",
        "is_gift": 0,
        "is_onion": 0,
        "is_invoice": 1,
        "sub_list": [],
        "badge_img": "",
        "is_vod": false,
        "oid": 14623,
        "stock_number": 0,
        "today_stockout": "",
        "is_booking": 0
      }, {
        "id": "5953744c936edfc30d8cae82",
        "product_name": "兰皇鸡蛋10枚 600g",
        "name": "兰皇鸡蛋10枚 600g",
        "origin_price": "30.80",
        "price": "30.80",
        "vip_price": "26.80",
        "spec": "杜绝沙门氏菌 15天内可生吃的高营养鸡蛋",
        "small_image": "http:\/\/img.ddimg.mobi\/product\/aea9217062e711566587595694.jpg!deliver.product.list",
        "category_id": "58fa233c916edf7c198b4972",
        "sizes": [],
        "total_sales": 10597,
        "month_sales": 0,
        "buy_limit": 0,
        "mark_discount": 0,
        "mark_new": 0,
        "mark_self": 0,
        "status": 1,
        "category_path": "58f9e539936edf89778b567f,58fa233c916edf7c198b4972",
        "type": 0,
        "stockout_reserved": false,
        "is_promotion": 0,
        "sale_point_msg": [
          ["杜绝沙门氏菌", "传承日本科学饲料配方"],
          ["可生吃！可生吃！", "色泽光亮 腥味很少~"]
        ],
        "activity": [],
        "is_presale": 0,
        "presale_delivery_date_display": "",
        "is_gift": 0,
        "is_onion": 0,
        "is_invoice": 1,
        "sub_list": [],
        "badge_img": "",
        "is_vod": false,
        "oid": 3004,
        "stock_number": 0,
        "today_stockout": "",
        "is_booking": 0
      }, {
        "id": "5cc55edd7cdbf00b4840f2f1",
        "product_name": "苏食农场猪精肉片 200g",
        "name": "苏食农场猪精肉片 200g",
        "origin_price": "18.80",
        "price": "18.80",
        "vip_price": "16.80",
        "spec": "肉嫩菜香 这顿要吃两碗饭",
        "small_image": "http:\/\/img.ddimg.mobi\/product\/81298f8553be51564293809394.jpg!deliver.product.list",
        "category_id": "58fa2046936edfe2568b5869",
        "sizes": [],
        "total_sales": 10414,
        "month_sales": 0,
        "buy_limit": 0,
        "mark_discount": 0,
        "mark_new": 0,
        "mark_self": 0,
        "status": 1,
        "category_path": "58f9e514936edfe3568b572e,58fa2046936edfe2568b5869",
        "type": 0,
        "stockout_reserved": false,
        "is_promotion": 0,
        "sale_point_msg": [],
        "activity": [{
          "type": 9,
          "type_name": "39元2件",
          "tag": "39元任选2件"
        }],
        "is_presale": 0,
        "presale_delivery_date_display": "",
        "is_gift": 0,
        "is_onion": 0,
        "is_invoice": 1,
        "sub_list": [],
        "badge_img": "",
        "is_vod": false,
        "oid": 10420,
        "stock_number": 0,
        "today_stockout": "",
        "is_booking": 0
      }, {
        "id": "5d1f088810abf1329a311096",
        "product_name": "苏食农场猪冷鲜排骨粒 400g",
        "name": "苏食农场猪冷鲜排骨粒 400g",
        "origin_price": "45.80",
        "price": "45.80",
        "vip_price": "",
        "spec": "肋排+脆骨 一种选择两种享受",
        "small_image": "http:\/\/img.ddimg.mobi\/product\/97f9f599ae7fb1564292095206.jpg!deliver.product.list",
        "category_id": "5b0ff44306752ec0298bcd85",
        "sizes": [],
        "total_sales": 10246,
        "month_sales": 0,
        "buy_limit": 0,
        "mark_discount": 0,
        "mark_new": 0,
        "mark_self": 0,
        "status": 1,
        "category_path": "58f9e514936edfe3568b572e,5b0ff44306752ec0298bcd85",
        "type": 0,
        "stockout_reserved": false,
        "is_promotion": 0,
        "sale_point_msg": [],
        "activity": [],
        "is_presale": 0,
        "presale_delivery_date_display": "",
        "is_gift": 0,
        "is_onion": 0,
        "is_invoice": 1,
        "sub_list": [],
        "badge_img": "",
        "is_vod": false,
        "oid": 12021,
        "stock_number": 0,
        "today_stockout": "",
        "is_booking": 0
      }, {
        "id": "5c4582eb7b37a12d475b6a02",
        "product_name": "青莲上选冷鲜猪肝 250g",
        "name": "青莲上选冷鲜猪肝 250g",
        "origin_price": "10.90",
        "price": "10.90",
        "vip_price": "",
        "spec": "煮汤爆炒 美味鲜香",
        "small_image": "http:\/\/img.ddimg.mobi\/product\/138e15c47390c1548405864718.jpg!deliver.product.list",
        "category_id": "58fa1f97936edf89778b56c7",
        "sizes": [],
        "total_sales": 10292,
        "month_sales": 0,
        "buy_limit": 0,
        "mark_discount": 0,
        "mark_new": 0,
        "mark_self": 0,
        "status": 1,
        "category_path": "58f9e514936edfe3568b572e,58fa1f97936edf89778b56c7",
        "type": 0,
        "stockout_reserved": false,
        "is_promotion": 0,
        "sale_point_msg": [],
        "activity": [],
        "is_presale": 0,
        "presale_delivery_date_display": "",
        "is_gift": 0,
        "is_onion": 0,
        "is_invoice": 1,
        "sub_list": [],
        "badge_img": "",
        "is_vod": false,
        "oid": 9300,
        "stock_number": 0,
        "today_stockout": "",
        "is_booking": 0
      }, {
        "id": "5c94794752a95b4de50115c1",
        "product_name": "云南文山黄牛鲜牛肉糜 100g",
        "name": "云南文山黄牛鲜牛肉糜 100g",
        "origin_price": "15.80",
        "price": "15.80",
        "vip_price": "",
        "spec": "想想牛肉馅儿的水饺 口水都要溢出来啦~",
        "small_image": "http:\/\/img.ddimg.mobi\/product\/aa1f97cc8d27c1566451808202.jpg!deliver.product.list",
        "category_id": "5b0fff48c5702e357f8bae78",
        "sizes": [],
        "total_sales": 10434,
        "month_sales": 0,
        "buy_limit": 0,
        "mark_discount": 0,
        "mark_new": 0,
        "mark_self": 0,
        "status": 1,
        "category_path": "58f9e51f936edf88198b5718,5b0fff48c5702e357f8bae78",
        "type": 0,
        "stockout_reserved": false,
        "is_promotion": 0,
        "sale_point_msg": [],
        "activity": [],
        "is_presale": 0,
        "presale_delivery_date_display": "",
        "is_gift": 0,
        "is_onion": 0,
        "is_invoice": 1,
        "sub_list": [],
        "badge_img": "",
        "is_vod": false,
        "oid": 9861,
        "stock_number": 0,
        "today_stockout": "",
        "is_booking": 0
      }]
    }],
    "ad_info": {},
    "cache_life_time": 0
  },
  "server_time": 1569232233
}