{
  "success": true,
  "code": 0,
  "msg": "success",
  "data": {
    "user_info": {
      "username": "极客James",
      "avatar": "https:\/\/img.dduser.mobi\/user_avatar\/201910\/15705278885d9c5a900a0e4_168445.jpg"
    },
    "status": 0,
    "vip_point_rate": 2,
    "ticket_num": 0,
    "point_num": 0,
    "product_num": 0,
    "save_product_money": "0.00",
    "save_coupon_money": "0.00",
    "save_point_money": "0.00",
    "save_money": "0.00",
    "expire_time": "",
    "label": "",
    "today_ticket": {
      "tickets": [{
        "id": "5da5c90b4ed5bdec238c2439",
        "num": 1,
        "ticket_id": "5da5b1994ed5bdb9248c07ff",
        "money": 6,
        "discount": 0,
        "type": 1,
        "pay_min": "49",
        "name": "【绿卡】6元天天抢鲜券",
        "description": "全场通用，浙江不可用",
        "description_new": "",
        "native_url": "",
        "h5_url": "",
        "is_receive": 0
      }],
      "notice": "每天0点更新"
    },
    "week_ticket": {
      "tickets": [{
        "id": "5da5c9354ed5bd67248c2a69",
        "num": 1,
        "ticket_id": "5da5b1de4df3e3910f8c083a",
        "money": 8,
        "discount": 0,
        "type": 1,
        "pay_min": "59",
        "name": "【绿卡】8元专享券",
        "description": "全场通用，浙江不可用",
        "description_new": "",
        "native_url": "",
        "h5_url": "",
        "is_receive": 0
      }, {
        "id": "5da5c94f4ed5bddd238c27ab",
        "num": 1,
        "ticket_id": "5da5b20d4df3e37a0f8c0a8c",
        "money": 10,
        "discount": 0,
        "type": 1,
        "pay_min": "69",
        "name": "【绿卡】10元专享券",
        "description": "全场通用，浙江不可用",
        "description_new": "",
        "native_url": "",
        "h5_url": "",
        "is_receive": 0
      }, {
        "id": "5da5c9724df3e3240f8c2d69",
        "num": 1,
        "ticket_id": "5da5b24e4fb7972c398beba1",
        "money": 16,
        "discount": 0,
        "type": 1,
        "pay_min": "109",
        "name": "【绿卡】16元专享券",
        "description": "全场通用，浙江不可用",
        "description_new": "",
        "native_url": "",
        "h5_url": "",
        "is_receive": 0
      }, {
        "id": "5da5c99e4df3e3450f8c2dc7",
        "num": 1,
        "ticket_id": "5bbf21cc01b311a564933bb4",
        "money": 5,
        "discount": 0,
        "type": 1,
        "pay_min": "39",
        "name": "【绿卡】5元蔬果券",
        "description": "仅限蔬菜和水果（除组合商品）",
        "description_new": "",
        "native_url": "",
        "h5_url": "",
        "is_receive": 0
      }],
      "notice": "还可领取4张, 还剩5天过期"
    },
    "cate": [{
      "id": "",
      "name": "全部"
    }, {
      "id": "58fd69dc936edf42508b48de",
      "name": "安心蔬菜"
    }, {
      "id": "590c1928936edf767a8daa6f",
      "name": "豆制品"
    }, {
      "id": "595edd01916edf5011ca395d",
      "name": "新鲜水果"
    }, {
      "id": "58fefa38916edf9b128b45fc",
      "name": "肉禽蛋"
    }, {
      "id": "58fefb94936edf5f5d8b4767",
      "name": "海鲜水产"
    }, {
      "id": "58ff04e6936edfc57a8b464f",
      "name": "乳品烘焙"
    }, {
      "id": "5d88cfb4b0055a0b55181d6c",
      "name": "火锅来了"
    }, {
      "id": "5ab06a0845cd42b3598bfa55",
      "name": "营养早餐"
    }, {
      "id": "5cd53472b0055a0b517a9d97",
      "name": "叮咚心选"
    }, {
      "id": "58ff04c5936edf777a8b46af",
      "name": "米面粮油"
    }, {
      "id": "58ff0496936edf747a8b4612",
      "name": "调味品"
    }, {
      "id": "5a27abc0936edf39418c236c",
      "name": "方便速食"
    }, {
      "id": "58ff04d2936edf747a8b461b",
      "name": "酒水饮料"
    }, {
      "id": "5a279d78916edf1544959b5a",
      "name": "休闲零食"
    }, {
      "id": "5a69bc6a936edf9b3f8bf82a",
      "name": "快手菜"
    }, {
      "id": "58ff0481936edfc57a8b463d",
      "name": "南北干货"
    }, {
      "id": "59925f17936edf1d6f8c5a2a",
      "name": "宝宝餐"
    }, {
      "id": "58ff043c916edf48288b45a3",
      "name": "厨房用品"
    }],
    "cate_detail": [{
      "id": "5bc0b7f1716de1a94f8b4d57",
      "product_name": "国产甘蔗1根 1.8kg以上",
      "name": "国产甘蔗1根 1.8kg以上",
      "origin_price": "14.90",
      "price": "12.90",
      "vip_price": "9.90",
      "spec": "去皮前1.8kg 脆爽多汁~可新鲜削皮哦",
      "small_image": "https://img.ddimg.mobi\/product\/ac6fcbd258cfc1570687583182.jpg!deliver.product.list",
      "category_id": "58fd6a71936edfe4568b5c52",
      "sizes": [{
        "title": "处理方式",
        "id": 7,
        "_id": "5a043bcc936edf28678db9e3",
        "values": [{
          "name": "削皮切断",
          "id": 14,
          "_id": "5a043bcc936edf28678db9e4",
          "price": "0.00"
        }, {
          "name": "【不削皮】切断",
          "id": 15,
          "_id": "5a043bcc936edf28678db9e5",
          "price": "0.00"
        }]
      }],
      "total_sales": 11339,
      "month_sales": 0,
      "buy_limit": 0,
      "mark_discount": 0,
      "mark_new": 0,
      "mark_self": 0,
      "status": 1,
      "category_path": "58fd663f936edfe3568b5c15,58fd6a71936edfe4568b5c52",
      "type": 0,
      "stockout_reserved": false,
      "is_promotion": 0,
      "sale_point_msg": [
        ["", ""],
        ["", ""]
      ],
      "activity": [{
        "type": 6,
        "type_name": "特价",
        "tag": "时令抢鲜"
      }],
      "is_presale": 0,
      "presale_delivery_date_display": "",
      "is_gift": 0,
      "is_onion": 0,
      "is_invoice": 1,
      "sub_list": [],
      "badge_img": "",
      "is_vod": false,
      "oid": 7940,
      "stock_number": 41,
      "today_stockout": "",
      "is_booking": 0
    }, {
      "id": "5d53ca7410abf1329643a275",
      "product_name": "芥蓝 400g\/份",
      "name": "芥蓝 400g\/份",
      "origin_price": "7.90",
      "price": "7.90",
      "vip_price": "5.90",
      "spec": "嫩脆小清新 回味清香",
      "small_image": "https://img.ddimg.mobi\/product\/011b36387c7151560498414610.jpg!deliver.product.list",
      "category_id": "58fbf49b936edfe6568b5ac5",
      "sizes": [],
      "total_sales": 10273,
      "month_sales": 0,
      "buy_limit": 0,
      "mark_discount": 0,
      "mark_new": 0,
      "mark_self": 0,
      "status": 1,
      "category_path": "58f9d213936edfe4568b569a,58fbf49b936edfe6568b5ac5",
      "type": 0,
      "stockout_reserved": false,
      "is_promotion": 0,
      "sale_point_msg": [],
      "activity": [],
      "is_presale": 0,
      "presale_delivery_date_display": "",
      "is_gift": 0,
      "is_onion": 0,
      "is_invoice": 1,
      "sub_list": [],
      "badge_img": "",
      "is_vod": false,
      "oid": 12925,
      "stock_number": 4,
      "today_stockout": "",
      "is_booking": 0
    }, {
      "id": "5d24033e7cdbf03113461445",
      "product_name": "隆钿澳洲冷冻肥牛片 320g",
      "name": "隆钿澳洲冷冻肥牛片 320g",
      "origin_price": "38.80",
      "price": "38.80",
      "vip_price": "36.90",
      "spec": "酸汤肥牛 鲜香又开胃",
      "small_image": "https://img.ddimg.mobi\/product\/a1a3e228bb63c1563156837569.jpg!deliver.product.list",
      "category_id": "5ad476cbc3c442736a8b4a50",
      "sizes": [],
      "total_sales": 10283,
      "month_sales": 0,
      "buy_limit": 0,
      "mark_discount": 0,
      "mark_new": 0,
      "mark_self": 0,
      "status": 1,
      "category_path": "58f9e51f936edf88198b5718,5ad476cbc3c442736a8b4a50",
      "type": 0,
      "stockout_reserved": false,
      "is_promotion": 0,
      "sale_point_msg": [],
      "activity": [],
      "is_presale": 0,
      "presale_delivery_date_display": "",
      "is_gift": 0,
      "is_onion": 0,
      "is_invoice": 1,
      "sub_list": [],
      "badge_img": "",
      "is_vod": false,
      "oid": 12042,
      "stock_number": 14,
      "today_stockout": "",
      "is_booking": 0
    }, {
      "id": "5d099fd2b0055a0b601eaade",
      "product_name": "崇明冷冻生态鸽 300g",
      "name": "崇明冷冻生态鸽 300g",
      "origin_price": "39.90",
      "price": "39.90",
      "vip_price": "36.90",
      "spec": "一鸽胜九鸡 不是说说而已~",
      "small_image": "https://img.ddimg.mobi\/product\/4c507343d7ec1560911930376.jpg!deliver.product.list",
      "category_id": "5aec18f3c3c442c7508b8304",
      "sizes": [],
      "total_sales": 10098,
      "month_sales": 0,
      "buy_limit": 0,
      "mark_discount": 0,
      "mark_new": 0,
      "mark_self": 0,
      "status": 1,
      "category_path": "58f9e531936edfe5568b5747,5aec18f3c3c442c7508b8304",
      "type": 0,
      "stockout_reserved": false,
      "is_promotion": 0,
      "sale_point_msg": [],
      "activity": [],
      "is_presale": 0,
      "presale_delivery_date_display": "",
      "is_gift": 0,
      "is_onion": 0,
      "is_invoice": 1,
      "sub_list": [],
      "badge_img": "",
      "is_vod": false,
      "oid": 11259,
      "stock_number": 8,
      "today_stockout": "",
      "is_booking": 0
    }, {
      "id": "5a027b5e6ec2c4ae5d8b463e",
      "product_name": "鲜活鲍鱼1只 60g以上",
      "name": "鲜活鲍鱼1只 60g以上",
      "origin_price": "13.90",
      "price": "13.90",
      "vip_price": "9.90",
      "spec": "一身绣壳如彩月 两片温软化丰腴",
      "small_image": "https://img.ddimg.mobi\/product\/4aaf5372a77821557113684454.jpg!deliver.product.list",
      "category_id": "58fa2412916edfd62d8b495b",
      "sizes": [{
        "title": "处理方式",
        "id": 11,
        "_id": "5a39c295936edfbe6d8c66f7",
        "values": [{
          "name": "不杀",
          "id": 23,
          "_id": "5a39c295936edfbe6d8c66f8",
          "price": "0.00"
        }, {
          "name": "杀好",
          "id": 24,
          "_id": "5a39c295936edfbe6d8c66f9",
          "price": "0.00"
        }]
      }],
      "total_sales": 10934,
      "month_sales": 0,
      "buy_limit": 0,
      "mark_discount": 0,
      "mark_new": 0,
      "mark_self": 0,
      "status": 1,
      "category_path": "58f9e568936edfe3568b5738,58fa2412916edfd62d8b495b",
      "type": 0,
      "stockout_reserved": false,
      "is_promotion": 0,
      "sale_point_msg": [
        ["", ""],
        ["", ""]
      ],
      "activity": [],
      "is_presale": 0,
      "presale_delivery_date_display": "",
      "is_gift": 0,
      "is_onion": 0,
      "is_invoice": 1,
      "sub_list": [],
      "badge_img": "",
      "is_vod": false,
      "oid": 4134,
      "stock_number": 1,
      "today_stockout": "",
      "is_booking": 0
    }, {
      "id": "5d9de21510abf10ecd3c3ae2",
      "product_name": "秘鲁Athos雪山蓝莓 125g\/盒",
      "name": "秘鲁Athos雪山蓝莓 125g\/盒",
      "origin_price": "16.80",
      "price": "15.90",
      "vip_price": "9.90",
      "spec": "进口中的精品 甘甜爽口",
      "small_image": "https://img.ddimg.mobi\/product\/edf70429c7b11571020827548.jpg!deliver.product.list",
      "category_id": "58fd6ac3936edf89778b5bfe",
      "sizes": [],
      "total_sales": 10479,
      "month_sales": 0,
      "buy_limit": 0,
      "mark_discount": 0,
      "mark_new": 0,
      "mark_self": 0,
      "status": 1,
      "category_path": "58fd663f936edfe3568b5c15,58fd6ac3936edf89778b5bfe",
      "type": 0,
      "stockout_reserved": false,
      "is_promotion": 0,
      "sale_point_msg": [],
      "activity": [{
        "type": 2,
        "type_name": "满折",
        "tag": "第二件半价"
      }, {
        "type": 6,
        "type_name": "特价",
        "tag": "双11提前购"
      }],
      "is_presale": 0,
      "presale_delivery_date_display": "",
      "is_gift": 0,
      "is_onion": 0,
      "is_invoice": 1,
      "sub_list": [],
      "badge_img": "https:\/\/img.ddimg.mobi\/da70e8da4fc491570728657970.png",
      "is_vod": false,
      "oid": 15317,
      "stock_number": 41,
      "today_stockout": "",
      "is_booking": 0
    }, {
      "id": "5d651f7fb0055a0b5774591a",
      "product_name": "光明渔业鲈鱼片 280g",
      "name": "光明渔业鲈鱼片 280g",
      "origin_price": "49.90",
      "price": "49.90",
      "vip_price": "43.90",
      "spec": "免切鲈鱼片 做起大菜来得心应手",
      "small_image": "https://img.ddimg.mobi\/product\/06ccbce7b61d51567171303026.jpg!deliver.product.list",
      "category_id": "58fa23d8916edf7e198b496a",
      "sizes": [],
      "total_sales": 5199,
      "month_sales": 0,
      "buy_limit": 0,
      "mark_discount": 0,
      "mark_new": 0,
      "mark_self": 0,
      "status": 1,
      "category_path": "58f9e568936edfe3568b5738,58fa23d8916edf7e198b496a",
      "type": 0,
      "stockout_reserved": false,
      "is_promotion": 0,
      "sale_point_msg": [],
      "activity": [],
      "is_presale": 0,
      "presale_delivery_date_display": "",
      "is_gift": 0,
      "is_onion": 0,
      "is_invoice": 1,
      "sub_list": [],
      "badge_img": "",
      "is_vod": false,
      "oid": 14424,
      "stock_number": 3,
      "today_stockout": "",
      "is_booking": 0
    }, {
      "id": "5ab1baaac0a1ea39528b460f",
      "product_name": "鲜活小昂刺鱼 300g以上",
      "name": "鲜活小昂刺鱼 300g以上",
      "origin_price": "16.90",
      "price": "16.90",
      "vip_price": "12.90",
      "spec": "体型小巧 肉质细嫩 适合炖汤（一份多条）",
      "small_image": "https://img.ddimg.mobi\/product\/7a4e67cc7c3061554781709225.jpg!deliver.product.list",
      "category_id": "58fa23d8916edf7e198b496a",
      "sizes": [{
        "title": "处理方式",
        "id": 1,
        "_id": "59104272936edfa4218e2c61",
        "values": [{
          "name": "杀好（不要内脏）",
          "id": 1,
          "_id": "59104272936edfa4218e2c63",
          "price": "0.00"
        }, {
          "name": "不杀",
          "id": 25,
          "_id": "5a44e384916edfbd378f33fb",
          "price": "0.00"
        }]
      }],
      "total_sales": 11440,
      "month_sales": 0,
      "buy_limit": 0,
      "mark_discount": 0,
      "mark_new": 0,
      "mark_self": 0,
      "status": 1,
      "category_path": "58f9e568936edfe3568b5738,58fa23d8916edf7e198b496a",
      "type": 0,
      "stockout_reserved": false,
      "is_promotion": 0,
      "sale_point_msg": [
        ["体型较小，肉质鲜美", ""],
        ["", ""]
      ],
      "activity": [],
      "is_presale": 0,
      "presale_delivery_date_display": "",
      "is_gift": 0,
      "is_onion": 0,
      "is_invoice": 1,
      "sub_list": [],
      "badge_img": "",
      "is_vod": false,
      "oid": 5458,
      "stock_number": 11,
      "today_stockout": "",
      "is_booking": 0
    }, {
      "id": "5cb419ebca2034755e5605b5",
      "product_name": "皇家米博士虎林大米 5kg\/袋",
      "name": "皇家米博士虎林大米 5kg\/袋",
      "origin_price": "39.90",
      "price": "39.90",
      "vip_price": "32.90",
      "spec": "来自优质有机大米示范基地，香甜可口，清淡劲道~",
      "small_image": "https://img.ddimg.mobi\/product\/316666518219c1555307066184.jpg!deliver.product.list",
      "category_id": "58fb3af5936edfe6568b5a05",
      "sizes": [],
      "total_sales": 10453,
      "month_sales": 0,
      "buy_limit": 0,
      "mark_discount": 0,
      "mark_new": 0,
      "mark_self": 0,
      "status": 1,
      "category_path": "58f9e58b936edfe2568b580d,58fb3af5936edfe6568b5a05",
      "type": 0,
      "stockout_reserved": false,
      "is_promotion": 0,
      "sale_point_msg": [],
      "activity": [],
      "is_presale": 0,
      "presale_delivery_date_display": "",
      "is_gift": 0,
      "is_onion": 0,
      "is_invoice": 1,
      "sub_list": [],
      "badge_img": "",
      "is_vod": false,
      "oid": 10072,
      "stock_number": 3,
      "today_stockout": "",
      "is_booking": 0
    }, {
      "id": "5b7f5ebcc0a1ea3a278b473e",
      "product_name": "澳大利亚红心脐橙2个 约360g",
      "name": "澳大利亚红心脐橙2个 约360g",
      "origin_price": "19.80",
      "price": "19.80",
      "vip_price": "17.90",
      "spec": "细嫩多汁的红玫瑰~",
      "small_image": "https://img.ddimg.mobi\/product\/43428c71739341565060704743.jpg!deliver.product.list",
      "category_id": "59f9b6db916edfa63b9bde81",
      "sizes": [],
      "total_sales": 9717,
      "month_sales": 0,
      "buy_limit": 0,
      "mark_discount": 0,
      "mark_new": 0,
      "mark_self": 0,
      "status": 1,
      "category_path": "58fd663f936edfe3568b5c15,59f9b6db916edfa63b9bde81",
      "type": 0,
      "stockout_reserved": false,
      "is_promotion": 0,
      "sale_point_msg": [
        ["", ""],
        ["", ""]
      ],
      "activity": [],
      "is_presale": 0,
      "presale_delivery_date_display": "",
      "is_gift": 0,
      "is_onion": 0,
      "is_invoice": 1,
      "sub_list": [],
      "badge_img": "",
      "is_vod": false,
      "oid": 7386,
      "stock_number": 1,
      "today_stockout": "",
      "is_booking": 0
    }, {
      "id": "5d68d5f7b0055a0b5774591f",
      "product_name": "黄蕉苹果4个 约800g",
      "name": "黄蕉苹果4个 约800g",
      "origin_price": "19.90",
      "price": "19.90",
      "vip_price": "17.90",
      "spec": "当季新果 酸甜清脆~",
      "small_image": "https://img.ddimg.mobi\/product\/5b62a0b97d0041567414243622.jpg!deliver.product.list",
      "category_id": "593f5035936edfa801afd001",
      "sizes": [],
      "total_sales": 8864,
      "month_sales": 0,
      "buy_limit": 0,
      "mark_discount": 0,
      "mark_new": 0,
      "mark_self": 0,
      "status": 1,
      "category_path": "58fd663f936edfe3568b5c15,58fd676e936edf88198b5c59,593f5035936edfa801afd001",
      "type": 0,
      "stockout_reserved": false,
      "is_promotion": 0,
      "sale_point_msg": [],
      "activity": [],
      "is_presale": 0,
      "presale_delivery_date_display": "",
      "is_gift": 0,
      "is_onion": 0,
      "is_invoice": 1,
      "sub_list": [],
      "badge_img": "",
      "is_vod": false,
      "oid": 14547,
      "stock_number": 3,
      "today_stockout": "",
      "is_booking": 0
    }, {
      "id": "5d8c2bfa7cdbf030fe7f6fd0",
      "product_name": "荷兰啤梨4个 520g以上",
      "name": "荷兰啤梨4个 520g以上",
      "origin_price": "18.80",
      "price": "18.80",
      "vip_price": "16.80",
      "spec": "吃的就是熟软后的甜蜜~",
      "small_image": "https://img.ddimg.mobi\/product\/4a0b5cd1637ff1569633127203.jpg!deliver.product.list",
      "category_id": "5a573814936edf63048e212d",
      "sizes": [],
      "total_sales": 8255,
      "month_sales": 0,
      "buy_limit": 0,
      "mark_discount": 0,
      "mark_new": 0,
      "mark_self": 0,
      "status": 1,
      "category_path": "58fd663f936edfe3568b5c15,58fd6a18936edfe4568b5c37,5a573814936edf63048e212d",
      "type": 0,
      "stockout_reserved": false,
      "is_promotion": 0,
      "sale_point_msg": [],
      "activity": [],
      "is_presale": 0,
      "presale_delivery_date_display": "",
      "is_gift": 0,
      "is_onion": 0,
      "is_invoice": 1,
      "sub_list": [],
      "badge_img": "",
      "is_vod": false,
      "oid": 15135,
      "stock_number": 2,
      "today_stockout": "",
      "is_booking": 0
    }, {
      "id": "5bbf4037d033a19c678bc578",
      "product_name": "云南七彩人参果 约500g",
      "name": "云南七彩人参果 约500g",
      "origin_price": "14.90",
      "price": "14.90",
      "vip_price": "12.90",
      "spec": "多汁小清新~",
      "small_image": "https://ddimg.ddxq.mobi\/5219c7240508e1539357441086.jpg!maicai.product.list",
      "category_id": "59ad2f2f936edfe62490e16b",
      "sizes": [],
      "total_sales": 10151,
      "month_sales": 0,
      "buy_limit": 0,
      "mark_discount": 0,
      "mark_new": 0,
      "mark_self": 0,
      "status": 1,
      "category_path": "58fd663f936edfe3568b5c15,59ad2f2f936edfe62490e16b",
      "type": 0,
      "stockout_reserved": false,
      "is_promotion": 0,
      "sale_point_msg": [
        ["", ""],
        ["", ""]
      ],
      "activity": [],
      "is_presale": 0,
      "presale_delivery_date_display": "",
      "is_gift": 0,
      "is_onion": 0,
      "is_invoice": 1,
      "sub_list": [],
      "badge_img": "",
      "is_vod": false,
      "oid": 7933,
      "stock_number": 3,
      "today_stockout": "",
      "is_booking": 0
    }],
    "load_banner": "https:\/\/img.ddimg.mobi\/30830ea150e971571636931157.png?width=750&height=380",
    "gift_ticket": {
      "tickets": [],
      "notice": ""
    },
    "upgrade_notice": "",
    "is_more": true,
    "user_status": 1,
    "renew_remain": 0,
    "cards": [{
      "id": "5afcedffc5702e747c8b46c7",
      "name": "季卡",
      "description": "相当于约0.33元\/天",
      "days": 90,
      "origin_price": 45,
      "price": 30,
      "discount": 7
    }, {
      "id": "5afcee1ec5702e171a954006",
      "name": "年卡",
      "description": "相当于约0.24元\/天",
      "days": 365,
      "origin_price": 180,
      "price": 88,
      "discount": 5
    }],
    "friends_card": ""
  },
  "server_time": 1572337157
}