{
	"success": true,
	"code": 0,
	"msg": "success",
	"data": {
		"product_list": [{
			"id": "5d75e6737cdbf031026a7bea",
			"product_name": "琯溪三红蜜柚1个 1.25kg以上",
			"name": "琯溪三红蜜柚1个 1.25kg以上",
			"origin_price": "15.90",
			"price": "13.90",
			"vip_price": "",
			"spec": "皮红 瓤红 肉红 故名三红蜜柚",
			"small_image": "http:\/\/img.ddimg.mobi\/product\/4d143e2d8ccee1568048072835.png!deliver.product.list",
			"category_id": "599bcb09936edf633e8e4132",
			"sizes": [],
			"total_sales": 10702,
			"month_sales": 0,
			"buy_limit": 0,
			"mark_discount": 0,
			"mark_new": 0,
			"mark_self": 0,
			"status": 1,
			"category_path": "58fd663f936edfe3568b5c15,58fd6a99936edfe6568b5ddf,599bcb09936edf633e8e4132",
			"type": 0,
			"stockout_reserved": false,
			"is_promotion": 0,
			"sale_point_msg": [],
			"activity": [{
				"type": 2,
				"type_name": "满折",
				"tag": "第二件半价"
			}, {
				"type": 6,
				"type_name": "特价",
				"tag": "当季热销"
			}],
			"is_presale": 0,
			"presale_delivery_date_display": "",
			"is_gift": 0,
			"is_onion": 0,
			"is_invoice": 1,
			"sub_list": [],
			"badge_img": "https:\/\/img.ddimg.mobi\/56ab3a24843261569634406893.png",
			"is_vod": false,
			"oid": 14775,
			"stock_number": 27,
			"today_stockout": "",
			"is_booking": 0
		}, {
			"id": "5d74c2067cdbf0311126b12e",
			"product_name": "琯溪红心蜜柚1个 1.25kg以上",
			"name": "琯溪红心蜜柚1个 1.25kg以上",
			"origin_price": "14.90",
			"price": "12.90",
			"vip_price": "",
			"spec": "每一口都是诱人的芳香~",
			"small_image": "http:\/\/img.ddimg.mobi\/product\/01687313250c81568173312616.jpg!deliver.product.list",
			"category_id": "599bcb09936edf633e8e4132",
			"sizes": [],
			"total_sales": 10896,
			"month_sales": 0,
			"buy_limit": 0,
			"mark_discount": 0,
			"mark_new": 0,
			"mark_self": 0,
			"status": 1,
			"category_path": "58fd663f936edfe3568b5c15,58fd6a99936edfe6568b5ddf,599bcb09936edf633e8e4132",
			"type": 0,
			"stockout_reserved": false,
			"is_promotion": 0,
			"sale_point_msg": [],
			"activity": [{
				"type": 4,
				"type_name": "满送",
				"tag": "买二送一"
			}, {
				"type": 6,
				"type_name": "特价",
				"tag": "当季热销"
			}],
			"is_presale": 0,
			"presale_delivery_date_display": "",
			"is_gift": 0,
			"is_onion": 0,
			"is_invoice": 1,
			"sub_list": [],
			"badge_img": "https:\/\/img.ddimg.mobi\/17c343777929e1570122504004.png",
			"is_vod": true,
			"oid": 14760,
			"stock_number": 45,
			"today_stockout": "",
			"is_booking": 0
		}, {
			"id": "5d80da14b0055a0b4b17e18f",
			"product_name": "琯溪红心蜜柚1个 1kg以上",
			"name": "琯溪红心蜜柚1个 1kg以上",
			"origin_price": "13.90",
			"price": "9.90",
			"vip_price": "",
			"spec": "每一口都是诱人的芳香~",
			"small_image": "http:\/\/img.ddimg.mobi\/product\/b156a08dc15411568173287951.jpg!deliver.product.list",
			"category_id": "599bcb09936edf633e8e4132",
			"sizes": [],
			"total_sales": 10341,
			"month_sales": 0,
			"buy_limit": 0,
			"mark_discount": 0,
			"mark_new": 0,
			"mark_self": 0,
			"status": 1,
			"category_path": "58fd663f936edfe3568b5c15,58fd6a99936edfe6568b5ddf,599bcb09936edf633e8e4132",
			"type": 0,
			"stockout_reserved": false,
			"is_promotion": 0,
			"sale_point_msg": [],
			"activity": [{
				"type": 2,
				"type_name": "满折",
				"tag": "任选2件8.8折"
			}, {
				"type": 6,
				"type_name": "特价",
				"tag": "当季热销"
			}],
			"is_presale": 0,
			"presale_delivery_date_display": "",
			"is_gift": 0,
			"is_onion": 0,
			"is_invoice": 1,
			"sub_list": [],
			"badge_img": "",
			"is_vod": true,
			"oid": 14934,
			"stock_number": 24,
			"today_stockout": "",
			"is_booking": 0
		}, {
			"id": "5d80d993b0055a0b4f3e6166",
			"product_name": "琯溪白心蜜柚1个 1kg以上",
			"name": "琯溪白心蜜柚1个 1kg以上",
			"origin_price": "7.90",
			"price": "5.99",
			"vip_price": "",
			"spec": "口齿留香 水润多汁~",
			"small_image": "http:\/\/ddimg.ddxq.mobi\/74cf3d3d362471542873490783.jpg!maicai.product.list",
			"category_id": "59c8964a916edfd16d8f477a",
			"sizes": [],
			"total_sales": 10375,
			"month_sales": 0,
			"buy_limit": 0,
			"mark_discount": 0,
			"mark_new": 0,
			"mark_self": 0,
			"status": 1,
			"category_path": "58fd663f936edfe3568b5c15,58fd6a99936edfe6568b5ddf,59c8964a916edfd16d8f477a",
			"type": 0,
			"stockout_reserved": false,
			"is_promotion": 0,
			"sale_point_msg": [],
			"activity": [{
				"type": 2,
				"type_name": "满折",
				"tag": "任选2件8.8折"
			}, {
				"type": 6,
				"type_name": "特价",
				"tag": "民生好货"
			}],
			"is_presale": 0,
			"presale_delivery_date_display": "",
			"is_gift": 0,
			"is_onion": 0,
			"is_invoice": 1,
			"sub_list": [],
			"badge_img": "",
			"is_vod": true,
			"oid": 14932,
			"stock_number": 5,
			"today_stockout": "",
			"is_booking": 0
		}, {
			"id": "5d41948bb0055a0b52777eab",
			"product_name": "四川脆红李 500g",
			"name": "四川脆红李 500g",
			"origin_price": "10.80",
			"price": "10.80",
			"vip_price": "",
			"spec": "脆甜脱骨 咬上一口“嘎嘣脆”",
			"small_image": "http:\/\/img.ddimg.mobi\/product\/1c11c28151c2c1564712874504.jpg!deliver.product.list",
			"category_id": "59884542936edf754e8d8ef7",
			"sizes": [],
			"total_sales": 10323,
			"month_sales": 0,
			"buy_limit": 0,
			"mark_discount": 0,
			"mark_new": 0,
			"mark_self": 0,
			"status": 1,
			"category_path": "58fd663f936edfe3568b5c15,58fd6c2f916edf7e198b4aa7,59884542936edf754e8d8ef7",
			"type": 0,
			"stockout_reserved": false,
			"is_promotion": 0,
			"sale_point_msg": [],
			"activity": [],
			"is_presale": 0,
			"presale_delivery_date_display": "",
			"is_gift": 0,
			"is_onion": 0,
			"is_invoice": 1,
			"sub_list": [],
			"badge_img": "",
			"is_vod": false,
			"oid": 12536,
			"stock_number": 5,
			"today_stockout": "",
			"is_booking": 0
		}, {
			"id": "5d43e079b0055a0b577458ee",
			"product_name": "迷你红珍珠小番茄 300g",
			"name": "迷你红珍珠小番茄 300g",
			"origin_price": "12.80",
			"price": "12.80",
			"vip_price": "",
			"spec": "小小身材 大大美味",
			"small_image": "http:\/\/img.ddimg.mobi\/product\/bf6a208d90c831564757264390.JPG!deliver.product.list",
			"category_id": "593f5d21916edf4914a73288",
			"sizes": [],
			"total_sales": 9750,
			"month_sales": 0,
			"buy_limit": 0,
			"mark_discount": 0,
			"mark_new": 0,
			"mark_self": 0,
			"status": 1,
			"category_path": "58fd663f936edfe3568b5c15,58fd6d40916edf7c198b4b03,593f5d21916edf4914a73288",
			"type": 0,
			"stockout_reserved": false,
			"is_promotion": 0,
			"sale_point_msg": [],
			"activity": [],
			"is_presale": 0,
			"presale_delivery_date_display": "",
			"is_gift": 0,
			"is_onion": 0,
			"is_invoice": 1,
			"sub_list": [],
			"badge_img": "",
			"is_vod": false,
			"oid": 12583,
			"stock_number": 3,
			"today_stockout": "",
			"is_booking": 0
		}, {
			"id": "5bbadd15d033a1bd418c00c2",
			"product_name": "味全慢一点发酵乳（原味） 100g*8\/盒",
			"name": "味全慢一点发酵乳（原味） 100g*8\/盒",
			"origin_price": "13.90",
			"price": "13.90",
			"vip_price": "",
			"spec": "好喝 简单 无负担",
			"small_image": "http:\/\/img.ddimg.mobi\/product\/3e491dc0060f71566478867919.jpg!deliver.product.list",
			"category_id": "58fb3a67936edf89778b57d1",
			"sizes": [],
			"total_sales": 8761,
			"month_sales": 0,
			"buy_limit": 0,
			"mark_discount": 0,
			"mark_new": 0,
			"mark_self": 0,
			"status": 1,
			"category_path": "58f9e574936edfe4568b5789,58fb3a67936edf89778b57d1",
			"type": 0,
			"stockout_reserved": false,
			"is_promotion": 0,
			"sale_point_msg": [
				["", ""],
				["", ""]
			],
			"activity": [],
			"is_presale": 0,
			"presale_delivery_date_display": "",
			"is_gift": 0,
			"is_onion": 0,
			"is_invoice": 1,
			"sub_list": [],
			"badge_img": "",
			"is_vod": false,
			"oid": 7886,
			"stock_number": 2,
			"today_stockout": "",
			"is_booking": 0
		}, {
			"id": "5aab854fc0a1ea35178b45db",
			"product_name": "留夫鸭微辣鸭锁骨 120g\/盒",
			"name": "留夫鸭微辣鸭锁骨 120g\/盒",
			"origin_price": "11.90",
			"price": "11.90",
			"vip_price": "9.90",
			"spec": "新老包装更替 恰到好处的骨感小鲜肉儿",
			"small_image": "http:\/\/img.ddimg.mobi\/product\/2f74d8e20e55e1565686392292.jpg!deliver.product.list",
			"category_id": "5b101134846c2e87048cba8e",
			"sizes": [],
			"total_sales": 10673,
			"month_sales": 0,
			"buy_limit": 0,
			"mark_discount": 0,
			"mark_new": 0,
			"mark_self": 0,
			"status": 1,
			"category_path": "58f9e5b3936edfe3568b5742,5b101134846c2e87048cba8e",
			"type": 0,
			"stockout_reserved": false,
			"is_promotion": 0,
			"sale_point_msg": [
				["", ""],
				["", ""]
			],
			"activity": [],
			"is_presale": 0,
			"presale_delivery_date_display": "",
			"is_gift": 0,
			"is_onion": 0,
			"is_invoice": 1,
			"sub_list": [],
			"badge_img": "",
			"is_vod": false,
			"oid": 5423,
			"stock_number": 1,
			"today_stockout": "",
			"is_booking": 0
		}, {
			"id": "5d724434b0055a0b4d356705",
			"product_name": "CP正大泰虾南美白对虾 500g",
			"name": "CP正大泰虾南美白对虾 500g",
			"origin_price": "59.00",
			"price": "59.00",
			"vip_price": "",
			"spec": "30\/40 肉质紧致 口感Q甜清爽",
			"small_image": "http:\/\/img.ddimg.mobi\/product\/da2b8e89447aa1567769857263.jpg!deliver.product.list",
			"category_id": "58fa23fe916edf9b278b495a",
			"sizes": [],
			"total_sales": 6657,
			"month_sales": 0,
			"buy_limit": 0,
			"mark_discount": 0,
			"mark_new": 0,
			"mark_self": 0,
			"status": 1,
			"category_path": "58f9e568936edfe3568b5738,58fa23fe916edf9b278b495a",
			"type": 0,
			"stockout_reserved": false,
			"is_promotion": 0,
			"sale_point_msg": [],
			"activity": [],
			"is_presale": 0,
			"presale_delivery_date_display": "",
			"is_gift": 0,
			"is_onion": 0,
			"is_invoice": 1,
			"sub_list": [],
			"badge_img": "",
			"is_vod": true,
			"oid": 14747,
			"stock_number": 8,
			"today_stockout": "",
			"is_booking": 0
		}, {
			"id": "5b89630fc0a1ea3a278b7f45",
			"product_name": "新疆巴郎夏黑葡萄 500g",
			"name": "新疆巴郎夏黑葡萄 500g",
			"origin_price": "12.80",
			"price": "7.90",
			"vip_price": "",
			"spec": "脆甜爆汁小精灵 气味芬芳的XXL 蓝莓",
			"small_image": "http:\/\/img.ddimg.mobi\/product\/c150a39d6b18c1567733871158.jpg!deliver.product.list",
			"category_id": "593f5d0a916edf0d18921621",
			"sizes": [],
			"total_sales": 10806,
			"month_sales": 0,
			"buy_limit": 0,
			"mark_discount": 1,
			"mark_new": 0,
			"mark_self": 0,
			"status": 1,
			"category_path": "58fd663f936edfe3568b5c15,58fd6d31916edf7a198b4b29,593f5d0a916edf0d18921621",
			"type": 0,
			"stockout_reserved": false,
			"is_promotion": 1,
			"sale_point_msg": [
				["甜美“黑珍珠”", "带有醉人草莓香气"],
				["紧实细脆自然浓甜", "每一口都成“榨”汁水"]
			],
			"activity": [],
			"is_presale": 0,
			"presale_delivery_date_display": "",
			"is_gift": 0,
			"is_onion": 0,
			"is_invoice": 1,
			"sub_list": [],
			"badge_img": "",
			"is_vod": false,
			"oid": 7463,
			"stock_number": 35,
			"today_stockout": "",
			"is_booking": 0
		}, {
			"id": "5d5fbffc10abf1329457b1a5",
			"product_name": "鲜活皮皮虾 350g",
			"name": "鲜活皮皮虾 350g",
			"origin_price": "38.90",
			"price": "38.90",
			"vip_price": "34.90",
			"spec": "个大饱满 生猛鲜活 到家给你表演个翻跟头",
			"small_image": "http:\/\/img.ddimg.mobi\/product\/1527414eee8f21566556285780.jpg!deliver.product.list",
			"category_id": "58fa23fe916edf9b278b495a",
			"sizes": [],
			"total_sales": 10262,
			"month_sales": 0,
			"buy_limit": 0,
			"mark_discount": 0,
			"mark_new": 0,
			"mark_self": 0,
			"status": 1,
			"category_path": "58f9e568936edfe3568b5738,58fa23fe916edf9b278b495a",
			"type": 0,
			"stockout_reserved": false,
			"is_promotion": 0,
			"sale_point_msg": [],
			"activity": [],
			"is_presale": 0,
			"presale_delivery_date_display": "",
			"is_gift": 0,
			"is_onion": 0,
			"is_invoice": 1,
			"sub_list": [],
			"badge_img": "",
			"is_vod": false,
			"oid": 14382,
			"stock_number": 2,
			"today_stockout": "",
			"is_booking": 0
		}, {
			"id": "5a0283026ec2c4bd4c8b4685",
			"product_name": "鲜活大头虾 350g",
			"name": "鲜活大头虾 350g",
			"origin_price": "34.90",
			"price": "29.90",
			"vip_price": "",
			"spec": "活蹦乱跳个头大 每一只精挑细选！",
			"small_image": "http:\/\/img.ddimg.mobi\/product\/613d3a1bf57b61559014527815.jpg!deliver.product.list",
			"category_id": "58fa23fe916edf9b278b495a",
			"sizes": [],
			"total_sales": 11101,
			"month_sales": 0,
			"buy_limit": 0,
			"mark_discount": 0,
			"mark_new": 0,
			"mark_self": 0,
			"status": 1,
			"category_path": "58f9e568936edfe3568b5738,58fa23fe916edf9b278b495a",
			"type": 0,
			"stockout_reserved": false,
			"is_promotion": 0,
			"sale_point_msg": [
				["鲜活有氧配送", "到家活蹦乱跳哦~"],
				["个个人工精心挑选", "鲜嫩肉厚 吃着爽！"]
			],
			"activity": [{
				"type": 6,
				"type_name": "特价",
				"tag": "鲜活价"
			}],
			"is_presale": 0,
			"presale_delivery_date_display": "",
			"is_gift": 0,
			"is_onion": 0,
			"is_invoice": 1,
			"sub_list": [],
			"badge_img": "",
			"is_vod": true,
			"oid": 4142,
			"stock_number": 16,
			"today_stockout": "",
			"is_booking": 0
		}, {
			"id": "5d411177b0055a0b565fbbaf",
			"product_name": "【大闸蟹礼券】红泥香牌大闸蟹8只（1688型）",
			"name": "【大闸蟹礼券】红泥香牌大闸蟹8只（1688型）",
			"origin_price": "178.00",
			"price": "159.00",
			"vip_price": "",
			"spec": "公蟹3.5两4只  母蟹2.5两4只 每年9月中下旬开始提货",
			"small_image": "http:\/\/img.ddimg.mobi\/product\/ada7b7602934d1564545465025.jpg!deliver.product.list",
			"category_id": "58fa242b916edf7a198b49ac",
			"sizes": [],
			"total_sales": 6177,
			"month_sales": 0,
			"buy_limit": 0,
			"mark_discount": 0,
			"mark_new": 0,
			"mark_self": 0,
			"status": 1,
			"category_path": "58f9e568936edfe3568b5738,58fa242b916edf7a198b49ac",
			"type": 0,
			"stockout_reserved": false,
			"is_promotion": 0,
			"sale_point_msg": [],
			"activity": [{
				"type": 6,
				"type_name": "特价",
				"tag": "浓情好礼"
			}],
			"is_presale": 0,
			"presale_delivery_date_display": "",
			"is_gift": 0,
			"is_onion": 0,
			"is_invoice": 1,
			"sub_list": [],
			"badge_img": "",
			"is_vod": false,
			"oid": 12502,
			"stock_number": 10,
			"today_stockout": "",
			"is_booking": 0
		}, {
			"id": "5d4fc9c37cdbf0310369de32",
			"product_name": "【酸汤肥牛】恒都精选冷冻肥牛卷+家乐酸汤肥牛菜用调味料",
			"name": "【酸汤肥牛】恒都精选冷冻肥牛卷+家乐酸汤肥牛菜用调味料",
			"origin_price": "45.80",
			"price": "34.80",
			"vip_price": "",
			"spec": "无需调味，只需4步，轻松做出餐厅招牌菜",
			"small_image": "http:\/\/img.ddimg.mobi\/product\/5e691d37229d51565510057535.jpg!deliver.product.list",
			"category_id": "",
			"sizes": [],
			"total_sales": 8908,
			"month_sales": 0,
			"buy_limit": 0,
			"mark_discount": 0,
			"mark_new": 0,
			"mark_self": 0,
			"status": 1,
			"category_path": "",
			"type": 2,
			"stockout_reserved": false,
			"is_promotion": 0,
			"sale_point_msg": [],
			"activity": [],
			"is_presale": 0,
			"presale_delivery_date_display": "",
			"is_gift": 0,
			"is_onion": 0,
			"is_invoice": 0,
			"sub_list": [{
				"id": "5c1364e6716de1e77d8b61d9",
				"count": 1,
				"product_name": "恒都精选冷冻肥牛卷 300g",
				"name": "恒都精选冷冻肥牛卷 300g",
				"origin_price": "32.90",
				"price": "24.90",
				"small_image": "http:\/\/img.ddimg.mobi\/product\/dd6461d23af591548470818889.jpg!deliver.product.list",
				"stock_number": 23,
				"status": 1,
				"is_invoice": 1
			}, {
				"id": "5d41881e10abf13297343880",
				"count": 1,
				"product_name": "家乐酸汤肥牛菜用调味料 100g\/袋",
				"name": "家乐酸汤肥牛菜用调味料 100g\/袋",
				"origin_price": "12.90",
				"price": "9.90",
				"small_image": "http:\/\/img.ddimg.mobi\/product\/74a30d8787e281564575816465.jpg!deliver.product.list",
				"stock_number": 27,
				"status": 1,
				"is_invoice": 1
			}],
			"badge_img": "",
			"is_vod": false,
			"oid": 12773,
			"stock_number": 23,
			"today_stockout": "",
			"is_booking": 0
		}, {
			"id": "5be1d244716de100468c0b14",
			"product_name": "龙须牌红薯宽粉 300g\/袋",
			"name": "龙须牌红薯宽粉 300g\/袋",
			"origin_price": "9.90",
			"price": "9.90",
			"vip_price": "",
			"spec": "我要一碗炖粉条！",
			"small_image": "http:\/\/img.ddimg.mobi\/product\/b0554f7dc392f1545278015297.png!maicai.product.list",
			"category_id": "58fb3b5b936edfe5568b58fd",
			"sizes": [],
			"total_sales": 10062,
			"month_sales": 0,
			"buy_limit": 0,
			"mark_discount": 0,
			"mark_new": 0,
			"mark_self": 0,
			"status": 1,
			"category_path": "58f9e593936edfe5568b575b,58fb3b5b936edfe5568b58fd",
			"type": 0,
			"stockout_reserved": false,
			"is_promotion": 0,
			"sale_point_msg": [
				["", ""],
				["", ""]
			],
			"activity": [],
			"is_presale": 0,
			"presale_delivery_date_display": "",
			"is_gift": 0,
			"is_onion": 0,
			"is_invoice": 1,
			"sub_list": [],
			"badge_img": "",
			"is_vod": false,
			"oid": 8238,
			"stock_number": 7,
			"today_stockout": "",
			"is_booking": 0
		}, {
			"id": "58ba5ba9936edf4e323d164b",
			"product_name": "香芹 300g",
			"name": "香芹 300g",
			"origin_price": "2.80",
			"price": "2.80",
			"vip_price": "2.29",
			"spec": "嫩叶嫩茎 适合炒肉丝包饺子",
			"small_image": "http:\/\/img.ddimg.mobi\/product\/ba09cfb9583ae1545281600781.jpg!maicai.product.list",
			"category_id": "58fbf49b936edfe6568b5ac5",
			"sizes": [],
			"total_sales": 11175,
			"month_sales": 0,
			"buy_limit": 0,
			"mark_discount": 0,
			"mark_new": 0,
			"mark_self": 0,
			"status": 1,
			"category_path": "58f9d213936edfe4568b569a,58fbf49b936edfe6568b5ac5",
			"type": 0,
			"stockout_reserved": false,
			"is_promotion": 0,
			"sale_point_msg": [
				["", ""],
				["", ""]
			],
			"activity": [],
			"is_presale": 0,
			"presale_delivery_date_display": "",
			"is_gift": 0,
			"is_onion": 0,
			"is_invoice": 1,
			"sub_list": [],
			"badge_img": "",
			"is_vod": false,
			"oid": 159,
			"stock_number": 21,
			"today_stockout": "",
			"is_booking": 0
		}, {
			"id": "59ca2d866ec2c4491d8b4625",
			"product_name": "老姜 150g",
			"name": "老姜 150g",
			"origin_price": "2.50",
			"price": "2.50",
			"vip_price": "",
			"spec": "干干的 姜还是老的辣~",
			"small_image": "http:\/\/img.ddimg.mobi\/product\/a735985049fed1544086867550.jpg!maicai.product.list",
			"category_id": "58fbf4fb936edf42508b4654",
			"sizes": [],
			"total_sales": 11180,
			"month_sales": 0,
			"buy_limit": 0,
			"mark_discount": 0,
			"mark_new": 0,
			"mark_self": 0,
			"status": 1,
			"category_path": "58f9d213936edfe4568b569a,58fbf4fb936edf42508b4654",
			"type": 0,
			"stockout_reserved": false,
			"is_promotion": 0,
			"sale_point_msg": [
				["辛辣十足", "姜还是老的辣"],
				["炖汤泡茶", "天凉了暖暖身"]
			],
			"activity": [],
			"is_presale": 0,
			"presale_delivery_date_display": "",
			"is_gift": 0,
			"is_onion": 0,
			"is_invoice": 1,
			"sub_list": [],
			"badge_img": "",
			"is_vod": false,
			"oid": 3855,
			"stock_number": 69,
			"today_stockout": "",
			"is_booking": 0
		}, {
			"id": "59919303936edf15718f3694",
			"product_name": "长丝瓜 约600g",
			"name": "长丝瓜 约600g",
			"origin_price": "5.90",
			"price": "4.90",
			"vip_price": "4.29",
			"spec": "想要肌肤更有弹性 吃我吖",
			"small_image": "http:\/\/img.ddimg.mobi\/product\/1fd281a15a2cc1545281689207.jpg!maicai.product.list",
			"category_id": "58fbf4bf936edfe3568b5990",
			"sizes": [],
			"total_sales": 11138,
			"month_sales": 0,
			"buy_limit": 0,
			"mark_discount": 0,
			"mark_new": 0,
			"mark_self": 0,
			"status": 1,
			"category_path": "58f9d213936edfe4568b569a,58fbf4bf936edfe3568b5990",
			"type": 0,
			"stockout_reserved": false,
			"is_promotion": 0,
			"sale_point_msg": [
				["小仙女夏季必备", "丝滑爽口“美人水”"],
				["全身皆是宝", "富含维生素c"]
			],
			"activity": [{
				"type": 6,
				"type_name": "特价",
				"tag": "鲜抢价"
			}],
			"is_presale": 0,
			"presale_delivery_date_display": "",
			"is_gift": 0,
			"is_onion": 0,
			"is_invoice": 1,
			"sub_list": [],
			"badge_img": "",
			"is_vod": false,
			"oid": 3448,
			"stock_number": 2,
			"today_stockout": "",
			"is_booking": 0
		}, {
			"id": "58b8d04e916edfb44cc26a9d",
			"product_name": "土鸡蛋8枚",
			"name": "土鸡蛋8枚",
			"origin_price": "8.90",
			"price": "8.90",
			"vip_price": "",
			"spec": "民生鸡蛋 物美价廉",
			"small_image": "http:\/\/img.ddimg.mobi\/product\/2d489406e91691544062166784.jpg!maicai.product.list",
			"category_id": "58fa233c916edf7c198b4972",
			"sizes": [],
			"total_sales": 11191,
			"month_sales": 0,
			"buy_limit": 0,
			"mark_discount": 0,
			"mark_new": 0,
			"mark_self": 0,
			"status": 1,
			"category_path": "58f9e539936edf89778b567f,58fa233c916edf7c198b4972",
			"type": 0,
			"stockout_reserved": false,
			"is_promotion": 0,
			"sale_point_msg": [
				["蛋黄橙红饱满", "蛋白弹嫩细滑"],
				["鲜香可口自然美味", "给家人值得上好食材"]
			],
			"activity": [],
			"is_presale": 0,
			"presale_delivery_date_display": "",
			"is_gift": 0,
			"is_onion": 0,
			"is_invoice": 1,
			"sub_list": [],
			"badge_img": "",
			"is_vod": false,
			"oid": 130,
			"stock_number": 40,
			"today_stockout": "",
			"is_booking": 0
		}, {
			"id": "5d2da300b0055a0b52777e9f",
			"product_name": "广西皱皮蜜宝红心火龙果2个 约700g",
			"name": "广西皱皮蜜宝红心火龙果2个 约700g",
			"origin_price": "12.80",
			"price": "8.90",
			"vip_price": "",
			"spec": "独特皱皮品种  外表较丑 口感更甜糯 ",
			"small_image": "http:\/\/img.ddimg.mobi\/product\/510c9dbcfb8951562929478475.jpg!deliver.product.list",
			"category_id": "5951c18b936edf0e298cc22a",
			"sizes": [],
			"total_sales": 11112,
			"month_sales": 0,
			"buy_limit": 0,
			"mark_discount": 0,
			"mark_new": 0,
			"mark_self": 0,
			"status": 1,
			"category_path": "58fd663f936edfe3568b5c15,58fd6c11916edf7c198b4acd,5951c18b936edf0e298cc22a",
			"type": 0,
			"stockout_reserved": false,
			"is_promotion": 0,
			"sale_point_msg": [],
			"activity": [{
				"type": 6,
				"type_name": "特价",
				"tag": "优选价"
			}],
			"is_presale": 0,
			"presale_delivery_date_display": "",
			"is_gift": 0,
			"is_onion": 0,
			"is_invoice": 1,
			"sub_list": [],
			"badge_img": "",
			"is_vod": false,
			"oid": 12201,
			"stock_number": 55,
			"today_stockout": "",
			"is_booking": 0
		}, {
			"id": "5d2837727cdbf031026a7ba9",
			"product_name": "陕西大荔冬枣 约400g",
			"name": "陕西大荔冬枣 约400g",
			"origin_price": "9.90",
			"price": "9.90",
			"vip_price": "",
			"spec": "树上长的“蜜罐子”~",
			"small_image": "http:\/\/img.ddimg.mobi\/product\/ea681aefceab21561515788322.jpg!deliver.product.list",
			"category_id": "58fd6c1d916edfd62d8b4a83",
			"sizes": [],
			"total_sales": 11151,
			"month_sales": 0,
			"buy_limit": 0,
			"mark_discount": 0,
			"mark_new": 0,
			"mark_self": 0,
			"status": 1,
			"category_path": "58fd663f936edfe3568b5c15,58fd6c1d916edfd62d8b4a83",
			"type": 0,
			"stockout_reserved": false,
			"is_promotion": 0,
			"sale_point_msg": [],
			"activity": [{
				"type": 2,
				"type_name": "满折",
				"tag": "第二件0元"
			}],
			"is_presale": 0,
			"presale_delivery_date_display": "",
			"is_gift": 0,
			"is_onion": 0,
			"is_invoice": 1,
			"sub_list": [],
			"badge_img": "",
			"is_vod": false,
			"oid": 12148,
			"stock_number": 75,
			"today_stockout": "",
			"is_booking": 0
		}, {
			"id": "5d77903810abf132a76f2d6a",
			"product_name": "琯溪白心蜜柚1个 1.25kg以上",
			"name": "琯溪白心蜜柚1个 1.25kg以上",
			"origin_price": "8.80",
			"price": "8.80",
			"vip_price": "6.90",
			"spec": "口感酸甜 回味略甘甜 耐人寻味",
			"small_image": "http:\/\/img.ddimg.mobi\/product\/d16c8522a833e1568270970131.jpg!deliver.product.list",
			"category_id": "59c8964a916edfd16d8f477a",
			"sizes": [],
			"total_sales": 10198,
			"month_sales": 0,
			"buy_limit": 0,
			"mark_discount": 0,
			"mark_new": 0,
			"mark_self": 0,
			"status": 1,
			"category_path": "58fd663f936edfe3568b5c15,58fd6a99936edfe6568b5ddf,59c8964a916edfd16d8f477a",
			"type": 0,
			"stockout_reserved": false,
			"is_promotion": 0,
			"sale_point_msg": [],
			"activity": [{
				"type": 2,
				"type_name": "满折",
				"tag": "任选2件8.8折"
			}],
			"is_presale": 0,
			"presale_delivery_date_display": "",
			"is_gift": 0,
			"is_onion": 0,
			"is_invoice": 1,
			"sub_list": [],
			"badge_img": "",
			"is_vod": true,
			"oid": 14831,
			"stock_number": 13,
			"today_stockout": "",
			"is_booking": 0
		}, {
			"id": "59ae052c6ec2c456648b45be",
			"product_name": "台湾麻豆文旦1个 400g以上",
			"name": "台湾麻豆文旦1个 400g以上",
			"origin_price": "13.90",
			"price": "10.90",
			"vip_price": "",
			"spec": "温馨提示：文旦个头小巧 老时色衰 越丑越甜~",
			"small_image": "http:\/\/img.ddimg.mobi\/product\/85f73f1874cf81568602005164.jpg!deliver.product.list",
			"category_id": "59c8964a916edfd16d8f477a",
			"sizes": [],
			"total_sales": 10166,
			"month_sales": 0,
			"buy_limit": 0,
			"mark_discount": 0,
			"mark_new": 0,
			"mark_self": 0,
			"status": 1,
			"category_path": "58fd663f936edfe3568b5c15,58fd6a99936edfe6568b5ddf,59c8964a916edfd16d8f477a",
			"type": 0,
			"stockout_reserved": false,
			"is_promotion": 0,
			"sale_point_msg": [
				["老树育丑果", "but清甜如少女"],
				["宝岛台湾精品", "细腻醉人"]
			],
			"activity": [{
				"type": 2,
				"type_name": "满折",
				"tag": "任选2件8.8折"
			}, {
				"type": 6,
				"type_name": "特价",
				"tag": "优选价"
			}],
			"is_presale": 0,
			"presale_delivery_date_display": "",
			"is_gift": 0,
			"is_onion": 0,
			"is_invoice": 1,
			"sub_list": [],
			"badge_img": "",
			"is_vod": false,
			"oid": 3669,
			"stock_number": 2,
			"today_stockout": "",
			"is_booking": 0
		}, {
			"id": "5d80da827cdbf03100008e79",
			"product_name": "琯溪三红蜜柚1个 1kg以上",
			"name": "琯溪三红蜜柚1个 1kg以上",
			"origin_price": "13.90",
			"price": "9.90",
			"vip_price": "",
			"spec": "皮红 瓤红 肉红 故名三红蜜柚",
			"small_image": "http:\/\/img.ddimg.mobi\/product\/a0799c34dc1541568048050261.png!deliver.product.list",
			"category_id": "599bcb09936edf633e8e4132",
			"sizes": [],
			"total_sales": 9126,
			"month_sales": 0,
			"buy_limit": 0,
			"mark_discount": 0,
			"mark_new": 0,
			"mark_self": 0,
			"status": 1,
			"category_path": "58fd663f936edfe3568b5c15,58fd6a99936edfe6568b5ddf,599bcb09936edf633e8e4132",
			"type": 0,
			"stockout_reserved": false,
			"is_promotion": 0,
			"sale_point_msg": [],
			"activity": [{
				"type": 2,
				"type_name": "满折",
				"tag": "任选2件8.8折"
			}, {
				"type": 6,
				"type_name": "特价",
				"tag": "当季热销"
			}],
			"is_presale": 0,
			"presale_delivery_date_display": "",
			"is_gift": 0,
			"is_onion": 0,
			"is_invoice": 1,
			"sub_list": [],
			"badge_img": "",
			"is_vod": false,
			"oid": 14936,
			"stock_number": 12,
			"today_stockout": "",
			"is_booking": 0
		}, {
			"id": "5d551a397cdbf0310908c48f",
			"product_name": "云南蒙自甜石榴4个 约800g",
			"name": "云南蒙自甜石榴4个 约800g",
			"origin_price": "13.90",
			"price": "8.90",
			"vip_price": "",
			"spec": "汁多味甜 如饮琼浆~",
			"small_image": "http:\/\/img.ddimg.mobi\/product\/56d1db06971891568791697481.jpg!deliver.product.list",
			"category_id": "58fd6b8f916edf7d198b4a3d",
			"sizes": [],
			"total_sales": 10913,
			"month_sales": 0,
			"buy_limit": 0,
			"mark_discount": 0,
			"mark_new": 0,
			"mark_self": 0,
			"status": 1,
			"category_path": "58fd663f936edfe3568b5c15,58fd6b8f916edf7d198b4a3d",
			"type": 0,
			"stockout_reserved": false,
			"is_promotion": 0,
			"sale_point_msg": [],
			"activity": [{
				"type": 6,
				"type_name": "特价",
				"tag": "优选价"
			}],
			"is_presale": 0,
			"presale_delivery_date_display": "",
			"is_gift": 0,
			"is_onion": 0,
			"is_invoice": 1,
			"sub_list": [],
			"badge_img": "",
			"is_vod": false,
			"oid": 13520,
			"stock_number": 18,
			"today_stockout": "",
			"is_booking": 0
		}, {
			"id": "5d5bd9267cdbf0311126b121",
			"product_name": "台湾麻豆文旦1个 约650g",
			"name": "台湾麻豆文旦1个 约650g",
			"origin_price": "14.90",
			"price": "14.90",
			"vip_price": "",
			"spec": "温馨提示：文旦个头小巧 老时色衰 越丑越甜~",
			"small_image": "http:\/\/img.ddimg.mobi\/product\/9d6c67ff216951568599653084.jpg!deliver.product.list",
			"category_id": "59c8964a916edfd16d8f477a",
			"sizes": [],
			"total_sales": 10173,
			"month_sales": 0,
			"buy_limit": 0,
			"mark_discount": 0,
			"mark_new": 0,
			"mark_self": 0,
			"status": 1,
			"category_path": "58fd663f936edfe3568b5c15,58fd6a99936edfe6568b5ddf,59c8964a916edfd16d8f477a",
			"type": 0,
			"stockout_reserved": false,
			"is_promotion": 0,
			"sale_point_msg": [],
			"activity": [{
				"type": 2,
				"type_name": "满折",
				"tag": "任选2件8.8折"
			}],
			"is_presale": 0,
			"presale_delivery_date_display": "",
			"is_gift": 0,
			"is_onion": 0,
			"is_invoice": 1,
			"sub_list": [],
			"badge_img": "",
			"is_vod": false,
			"oid": 14304,
			"stock_number": 2,
			"today_stockout": "",
			"is_booking": 0
		}, {
			"id": "5d317309b0055a0b5d145b37",
			"product_name": "凡谷高原千禧 450g",
			"name": "凡谷高原千禧 450g",
			"origin_price": "8.80",
			"price": "8.80",
			"vip_price": "",
			"spec": "来自高原上的“红珍珠”~皮薄肉甜",
			"small_image": "http:\/\/img.ddimg.mobi\/product\/53b8bcd1ffb8d1563641748396.JPG!deliver.product.list",
			"category_id": "593f5d21916edf4914a73288",
			"sizes": [],
			"total_sales": 10204,
			"month_sales": 0,
			"buy_limit": 0,
			"mark_discount": 0,
			"mark_new": 0,
			"mark_self": 0,
			"status": 1,
			"category_path": "58fd663f936edfe3568b5c15,58fd6d40916edf7c198b4b03,593f5d21916edf4914a73288",
			"type": 0,
			"stockout_reserved": false,
			"is_promotion": 0,
			"sale_point_msg": [],
			"activity": [],
			"is_presale": 0,
			"presale_delivery_date_display": "",
			"is_gift": 0,
			"is_onion": 0,
			"is_invoice": 1,
			"sub_list": [],
			"badge_img": "",
			"is_vod": false,
			"oid": 12263,
			"stock_number": 2,
			"today_stockout": "",
			"is_booking": 0
		}, {
			"id": "5d778e8610abf132a97997b4",
			"product_name": "阳光小番茄 450g",
			"name": "阳光小番茄 450g",
			"origin_price": "12.80",
			"price": "12.80",
			"vip_price": "",
			"spec": "清甜多汁 一口一个吃不停",
			"small_image": "http:\/\/img.ddimg.mobi\/product\/49657ec191b121568272031426.jpg!deliver.product.list",
			"category_id": "593f5d21916edf4914a73288",
			"sizes": [],
			"total_sales": 8769,
			"month_sales": 0,
			"buy_limit": 0,
			"mark_discount": 0,
			"mark_new": 0,
			"mark_self": 0,
			"status": 1,
			"category_path": "58fd663f936edfe3568b5c15,58fd6d40916edf7c198b4b03,593f5d21916edf4914a73288",
			"type": 0,
			"stockout_reserved": false,
			"is_promotion": 0,
			"sale_point_msg": [],
			"activity": [],
			"is_presale": 0,
			"presale_delivery_date_display": "",
			"is_gift": 0,
			"is_onion": 0,
			"is_invoice": 1,
			"sub_list": [],
			"badge_img": "",
			"is_vod": false,
			"oid": 14829,
			"stock_number": 2,
			"today_stockout": "",
			"is_booking": 0
		}, {
			"id": "5d1583ecb0055a0b517a9db5",
			"product_name": "阳光玫瑰葡萄 约350g",
			"name": "阳光玫瑰葡萄 约350g",
			"origin_price": "19.90",
			"price": "16.90",
			"vip_price": "15.90",
			"spec": "口感脆甜\/玫瑰浓香\/无籽\/个头中大饱满\/葡萄中精品",
			"small_image": "http:\/\/img.ddimg.mobi\/product\/9ba3789baac561561994711837.JPG!deliver.product.list",
			"category_id": "5957072a936edf19088c56f0",
			"sizes": [],
			"total_sales": 10981,
			"month_sales": 0,
			"buy_limit": 0,
			"mark_discount": 0,
			"mark_new": 0,
			"mark_self": 0,
			"status": 1,
			"category_path": "58fd663f936edfe3568b5c15,58fd6d31916edf7a198b4b29,5957072a936edf19088c56f0",
			"type": 0,
			"stockout_reserved": false,
			"is_promotion": 0,
			"sale_point_msg": [],
			"activity": [{
				"type": 2,
				"type_name": "满折",
				"tag": "第二件半价"
			}, {
				"type": 6,
				"type_name": "特价",
				"tag": "当季热销"
			}],
			"is_presale": 0,
			"presale_delivery_date_display": "",
			"is_gift": 0,
			"is_onion": 0,
			"is_invoice": 1,
			"sub_list": [],
			"badge_img": "https:\/\/img.ddimg.mobi\/b54b2f342ae281569634148479.png",
			"is_vod": false,
			"oid": 11871,
			"stock_number": 71,
			"today_stockout": "",
			"is_booking": 0
		}, {
			"id": "5c93a602ca2034756d45daa2",
			"product_name": "简爱0添加糖·裸酸奶 135g\/瓶",
			"name": "简爱0添加糖·裸酸奶 135g\/瓶",
			"origin_price": "8.50",
			"price": "8.50",
			"vip_price": "",
			"spec": "生牛乳 乳酸菌 其他没了~",
			"small_image": "http:\/\/img.ddimg.mobi\/product\/272e07284ceff1565761795802.jpg!deliver.product.list",
			"category_id": "58fb3a67936edf89778b57d1",
			"sizes": [],
			"total_sales": 10164,
			"month_sales": 0,
			"buy_limit": 0,
			"mark_discount": 0,
			"mark_new": 0,
			"mark_self": 0,
			"status": 1,
			"category_path": "58f9e574936edfe4568b5789,58fb3a67936edf89778b57d1",
			"type": 0,
			"stockout_reserved": false,
			"is_promotion": 0,
			"sale_point_msg": [],
			"activity": [],
			"is_presale": 0,
			"presale_delivery_date_display": "",
			"is_gift": 0,
			"is_onion": 0,
			"is_invoice": 1,
			"sub_list": [],
			"badge_img": "",
			"is_vod": false,
			"oid": 9846,
			"stock_number": 5,
			"today_stockout": "",
			"is_booking": 0
		}, {
			"id": "5ccffb2d7cdbf00b5630e3a7",
			"product_name": "达能碧悠原味发酵乳 100g*8杯\/组",
			"name": "达能碧悠原味发酵乳 100g*8杯\/组",
			"origin_price": "16.80",
			"price": "16.80",
			"vip_price": "14.90",
			"spec": "入口浓郁绵密 富有层次感",
			"small_image": "http:\/\/img.ddimg.mobi\/product\/17b8d83c87c091565762180780.jpg!deliver.product.list",
			"category_id": "58fb3a67936edf89778b57d1",
			"sizes": [],
			"total_sales": 10306,
			"month_sales": 0,
			"buy_limit": 0,
			"mark_discount": 0,
			"mark_new": 0,
			"mark_self": 0,
			"status": 1,
			"category_path": "58f9e574936edfe4568b5789,58fb3a67936edf89778b57d1",
			"type": 0,
			"stockout_reserved": false,
			"is_promotion": 0,
			"sale_point_msg": [],
			"activity": [],
			"is_presale": 0,
			"presale_delivery_date_display": "",
			"is_gift": 0,
			"is_onion": 0,
			"is_invoice": 1,
			"sub_list": [],
			"badge_img": "",
			"is_vod": false,
			"oid": 10590,
			"stock_number": 7,
			"today_stockout": "",
			"is_booking": 0
		}, {
			"id": "5c04b27c716de1403a8b6718",
			"product_name": "煌上煌卤鸭翅（小盒） 150g\/盒",
			"name": "煌上煌卤鸭翅（小盒） 150g\/盒",
			"origin_price": "15.80",
			"price": "15.80",
			"vip_price": "",
			"spec": "锁鲜包装 香卤嫩辣",
			"small_image": "http:\/\/img.ddimg.mobi\/product\/d79cc2b2ea28e1565687123753.jpg!deliver.product.list",
			"category_id": "5b101134846c2e87048cba8e",
			"sizes": [],
			"total_sales": 10549,
			"month_sales": 0,
			"buy_limit": 0,
			"mark_discount": 0,
			"mark_new": 0,
			"mark_self": 0,
			"status": 1,
			"category_path": "58f9e5b3936edfe3568b5742,5b101134846c2e87048cba8e",
			"type": 0,
			"stockout_reserved": false,
			"is_promotion": 0,
			"sale_point_msg": [
				["", ""],
				["", ""]
			],
			"activity": [],
			"is_presale": 0,
			"presale_delivery_date_display": "",
			"is_gift": 0,
			"is_onion": 0,
			"is_invoice": 1,
			"sub_list": [],
			"badge_img": "",
			"is_vod": false,
			"oid": 8538,
			"stock_number": 4,
			"today_stockout": "",
			"is_booking": 0
		}, {
			"id": "5ab1bb9ec0a1ea39528b4648",
			"product_name": "留夫鸭微辣鸭翅 120g\/盒",
			"name": "留夫鸭微辣鸭翅 120g\/盒",
			"origin_price": "11.00",
			"price": "11.00",
			"vip_price": "",
			"spec": "新老包装更替 口感劲道 回味鲜香",
			"small_image": "http:\/\/img.ddimg.mobi\/product\/6f21f400d03d11565686408012.jpg!deliver.product.list",
			"category_id": "5b101134846c2e87048cba8e",
			"sizes": [],
			"total_sales": 10330,
			"month_sales": 0,
			"buy_limit": 0,
			"mark_discount": 0,
			"mark_new": 0,
			"mark_self": 0,
			"status": 1,
			"category_path": "58f9e5b3936edfe3568b5742,5b101134846c2e87048cba8e",
			"type": 0,
			"stockout_reserved": false,
			"is_promotion": 0,
			"sale_point_msg": [
				["", ""],
				["", ""]
			],
			"activity": [],
			"is_presale": 0,
			"presale_delivery_date_display": "",
			"is_gift": 0,
			"is_onion": 0,
			"is_invoice": 1,
			"sub_list": [],
			"badge_img": "",
			"is_vod": false,
			"oid": 5459,
			"stock_number": 2,
			"today_stockout": "",
			"is_booking": 0
		}, {
			"id": "5d80db807cdbf031010f1168",
			"product_name": "国产红布林 500g\/盒",
			"name": "国产红布林 500g\/盒",
			"origin_price": "9.80",
			"price": "9.80",
			"vip_price": "",
			"spec": "厚实甘甜 美味不用等~",
			"small_image": "http:\/\/img.ddimg.mobi\/product\/625e49140c5e71568813384003.jpg!deliver.product.list",
			"category_id": "596427f8936edf78668ba06e",
			"sizes": [],
			"total_sales": 8421,
			"month_sales": 0,
			"buy_limit": 0,
			"mark_discount": 0,
			"mark_new": 0,
			"mark_self": 0,
			"status": 1,
			"category_path": "58fd663f936edfe3568b5c15,58fd6c2f916edf7e198b4aa7,596427f8936edf78668ba06e",
			"type": 0,
			"stockout_reserved": false,
			"is_promotion": 0,
			"sale_point_msg": [],
			"activity": [],
			"is_presale": 0,
			"presale_delivery_date_display": "",
			"is_gift": 0,
			"is_onion": 0,
			"is_invoice": 1,
			"sub_list": [],
			"badge_img": "",
			"is_vod": false,
			"oid": 14938,
			"stock_number": 5,
			"today_stockout": "",
			"is_booking": 0
		}, {
			"id": "5ba31cc1d033a1de7d8b4f47",
			"product_name": "寰球渔市生冻厄瓜多尔白虾 300g",
			"name": "寰球渔市生冻厄瓜多尔白虾 300g",
			"origin_price": "28.80",
			"price": "28.80",
			"vip_price": "",
			"spec": "壳薄体肥肉质饱满 口感很美妙哦~（15-18只\/袋）",
			"small_image": "http:\/\/img.ddimg.mobi\/product\/4a89acc4f920b1548493770896.jpg!deliver.product.list",
			"category_id": "58fa23fe916edf9b278b495a",
			"sizes": [],
			"total_sales": 10361,
			"month_sales": 0,
			"buy_limit": 0,
			"mark_discount": 0,
			"mark_new": 0,
			"mark_self": 0,
			"status": 1,
			"category_path": "58f9e568936edfe3568b5738,58fa23fe916edf9b278b495a",
			"type": 0,
			"stockout_reserved": false,
			"is_promotion": 0,
			"sale_point_msg": [
				["", ""],
				["", ""]
			],
			"activity": [],
			"is_presale": 0,
			"presale_delivery_date_display": "",
			"is_gift": 0,
			"is_onion": 0,
			"is_invoice": 1,
			"sub_list": [],
			"badge_img": "",
			"is_vod": false,
			"oid": 7720,
			"stock_number": 14,
			"today_stockout": "",
			"is_booking": 0
		}, {
			"id": "5bd91424716de100468bda71",
			"product_name": "乐鲜鲜冷冻野生黑虎虾（约22只） 380g",
			"name": "乐鲜鲜冷冻野生黑虎虾（约22只） 380g",
			"origin_price": "46.90",
			"price": "46.90",
			"vip_price": "",
			"spec": "（草虾）虾类珍品 肥美无比",
			"small_image": "http:\/\/img.ddimg.mobi\/product\/7da1b383cd9831548469018086.jpg!deliver.product.list",
			"category_id": "58fa23fe916edf9b278b495a",
			"sizes": [],
			"total_sales": 9841,
			"month_sales": 0,
			"buy_limit": 0,
			"mark_discount": 0,
			"mark_new": 0,
			"mark_self": 0,
			"status": 1,
			"category_path": "58f9e568936edfe3568b5738,58fa23fe916edf9b278b495a",
			"type": 0,
			"stockout_reserved": false,
			"is_promotion": 0,
			"sale_point_msg": [
				["", ""],
				["", ""]
			],
			"activity": [],
			"is_presale": 0,
			"presale_delivery_date_display": "",
			"is_gift": 0,
			"is_onion": 0,
			"is_invoice": 1,
			"sub_list": [],
			"badge_img": "",
			"is_vod": false,
			"oid": 8178,
			"stock_number": 10,
			"today_stockout": "",
			"is_booking": 0
		}, {
			"id": "5d2c5b3110abf132a20f24fa",
			"product_name": "进口香蕉 约500g",
			"name": "进口香蕉 约500g",
			"origin_price": "6.90",
			"price": "6.90",
			"vip_price": "",
			"spec": "香甜软糯 老少皆宜",
			"small_image": "http:\/\/ddimg.ddxq.mobi\/e3bc73c314eb71542860077803.jpg!maicai.product.list",
			"category_id": "593f58f9916edff62ca6cdfd",
			"sizes": [],
			"total_sales": 11157,
			"month_sales": 0,
			"buy_limit": 0,
			"mark_discount": 0,
			"mark_new": 0,
			"mark_self": 0,
			"status": 1,
			"category_path": "58fd663f936edfe3568b5c15,58fd6a2b936edf88198b5c93,593f58f9916edff62ca6cdfd",
			"type": 0,
			"stockout_reserved": false,
			"is_promotion": 0,
			"sale_point_msg": [],
			"activity": [{
				"type": 2,
				"type_name": "满折",
				"tag": "两件75折"
			}],
			"is_presale": 0,
			"presale_delivery_date_display": "",
			"is_gift": 0,
			"is_onion": 0,
			"is_invoice": 1,
			"sub_list": [],
			"badge_img": "",
			"is_vod": false,
			"oid": 12186,
			"stock_number": 27,
			"today_stockout": "",
			"is_booking": 0
		}, {
			"id": "58bf91a3936edff5313e081b",
			"product_name": "清美盐卤五香干 120g\/袋",
			"name": "清美盐卤五香干 120g\/袋",
			"origin_price": "3.30",
			"price": "3.30",
			"vip_price": "",
			"spec": "新老包装交替中 皖北风味~",
			"small_image": "http:\/\/ddimg.ddxq.mobi\/0ee98edc76e5c1539672112924.jpg!maicai.product.list",
			"category_id": "58fbf528936edfe6568b5ad7",
			"sizes": [],
			"total_sales": 11169,
			"month_sales": 0,
			"buy_limit": 0,
			"mark_discount": 0,
			"mark_new": 0,
			"mark_self": 0,
			"status": 1,
			"category_path": "58f9d233936edfe3568b5655,58fbf528936edfe6568b5ad7",
			"type": 0,
			"stockout_reserved": false,
			"is_promotion": 0,
			"sale_point_msg": [
				["", ""],
				["", ""]
			],
			"activity": [],
			"is_presale": 0,
			"presale_delivery_date_display": "",
			"is_gift": 0,
			"is_onion": 0,
			"is_invoice": 1,
			"sub_list": [],
			"badge_img": "",
			"is_vod": false,
			"oid": 1860,
			"stock_number": 12,
			"today_stockout": "",
			"is_booking": 0
		}, {
			"id": "5d439d1210abf132ab38c114",
			"product_name": "精品高山巨峰葡萄 500g",
			"name": "精品高山巨峰葡萄 500g",
			"origin_price": "9.90",
			"price": "8.90",
			"vip_price": "",
			"spec": "海拔更高 口味更赞",
			"small_image": "http:\/\/img.ddimg.mobi\/product\/006a41aa523df1564738635780.jpg!deliver.product.list",
			"category_id": "593f5d15916edf4226a57aa7",
			"sizes": [],
			"total_sales": 11020,
			"month_sales": 0,
			"buy_limit": 0,
			"mark_discount": 0,
			"mark_new": 0,
			"mark_self": 0,
			"status": 1,
			"category_path": "58fd663f936edfe3568b5c15,58fd6d31916edf7a198b4b29,593f5d15916edf4226a57aa7",
			"type": 0,
			"stockout_reserved": false,
			"is_promotion": 0,
			"sale_point_msg": [],
			"activity": [{
				"type": 6,
				"type_name": "特价",
				"tag": "优选价"
			}],
			"is_presale": 0,
			"presale_delivery_date_display": "",
			"is_gift": 0,
			"is_onion": 0,
			"is_invoice": 1,
			"sub_list": [],
			"badge_img": "",
			"is_vod": false,
			"oid": 12565,
			"stock_number": 10,
			"today_stockout": "",
			"is_booking": 0
		}, {
			"id": "58b7bb24916edf034dc1a514",
			"product_name": "味好美椒盐 52g\/瓶",
			"name": "味好美椒盐 52g\/瓶",
			"origin_price": "7.90",
			"price": "7.90",
			"vip_price": "",
			"spec": "椒盐排条 人人爱（新旧包装交替发货）",
			"small_image": "http:\/\/ddimg.ddxq.mobi\/efc29231d3df11494265791231.jpg!maicai.product.list",
			"category_id": "58fb4042936edfe4568b5904",
			"sizes": [],
			"total_sales": 10001,
			"month_sales": 0,
			"buy_limit": 0,
			"mark_discount": 0,
			"mark_new": 0,
			"mark_self": 0,
			"status": 1,
			"category_path": "58f9e5a1936edf89778b568b,58fb4042936edfe4568b5904",
			"type": 0,
			"stockout_reserved": false,
			"is_promotion": 0,
			"sale_point_msg": [
				["", ""],
				["", ""]
			],
			"activity": [],
			"is_presale": 0,
			"presale_delivery_date_display": "",
			"is_gift": 0,
			"is_onion": 0,
			"is_invoice": 1,
			"sub_list": [],
			"badge_img": "",
			"is_vod": false,
			"oid": 14,
			"stock_number": 4,
			"today_stockout": "",
			"is_booking": 0
		}, {
			"id": "5a0283226ec2c4bd4c8b4691",
			"product_name": "鲜活基围虾 350g",
			"name": "鲜活基围虾 350g",
			"origin_price": "34.90",
			"price": "27.90",
			"vip_price": "",
			"spec": "精挑细选大个头 到家活蹦乱跳哒~",
			"small_image": "http:\/\/img.ddimg.mobi\/product\/aba793c26fe751544415551443.jpg!maicai.product.list",
			"category_id": "58fa23fe916edf9b278b495a",
			"sizes": [],
			"total_sales": 11155,
			"month_sales": 0,
			"buy_limit": 0,
			"mark_discount": 0,
			"mark_new": 0,
			"mark_self": 0,
			"status": 1,
			"category_path": "58f9e568936edfe3568b5738,58fa23fe916edf9b278b495a",
			"type": 0,
			"stockout_reserved": false,
			"is_promotion": 0,
			"sale_point_msg": [
				["叮咚家的虾，顶呱呱", "个大鲜活，棒棒哒"],
				["椒盐味，嘎嘣脆", "白灼蘸酱香甜嫩"]
			],
			"activity": [{
				"type": 6,
				"type_name": "特价",
				"tag": "鲜活价"
			}],
			"is_presale": 0,
			"presale_delivery_date_display": "",
			"is_gift": 0,
			"is_onion": 0,
			"is_invoice": 1,
			"sub_list": [],
			"badge_img": "",
			"is_vod": false,
			"oid": 4143,
			"stock_number": 25,
			"today_stockout": "",
			"is_booking": 0
		}, {
			"id": "5d4112387cdbf031161bf7b9",
			"product_name": "【大闸蟹礼券】红泥香牌大闸蟹8只（2088型）",
			"name": "【大闸蟹礼券】红泥香牌大闸蟹8只（2088型）",
			"origin_price": "238.00",
			"price": "199.00",
			"vip_price": "",
			"spec": "公蟹4.0两4只  母蟹3.0两4只 每年9月中下旬开始提货",
			"small_image": "http:\/\/img.ddimg.mobi\/product\/ada7b7602934d1564545465025.jpg!deliver.product.list",
			"category_id": "58fa242b916edf7a198b49ac",
			"sizes": [],
			"total_sales": 6658,
			"month_sales": 0,
			"buy_limit": 0,
			"mark_discount": 0,
			"mark_new": 0,
			"mark_self": 0,
			"status": 1,
			"category_path": "58f9e568936edfe3568b5738,58fa242b916edf7a198b49ac",
			"type": 0,
			"stockout_reserved": false,
			"is_promotion": 0,
			"sale_point_msg": [],
			"activity": [{
				"type": 6,
				"type_name": "特价",
				"tag": "浓情好礼"
			}],
			"is_presale": 0,
			"presale_delivery_date_display": "",
			"is_gift": 0,
			"is_onion": 0,
			"is_invoice": 1,
			"sub_list": [],
			"badge_img": "",
			"is_vod": false,
			"oid": 12503,
			"stock_number": 8,
			"today_stockout": "",
			"is_booking": 0
		}, {
			"id": "5d4116457cdbf031067d2582",
			"product_name": "【大闸蟹礼券】施庄主牌大闸蟹6只（398型）",
			"name": "【大闸蟹礼券】施庄主牌大闸蟹6只（398型）",
			"origin_price": "158.00",
			"price": "99.00",
			"vip_price": "",
			"spec": "公蟹3两3只  母蟹2两3只 每年9月中下旬开始提货",
			"small_image": "http:\/\/img.ddimg.mobi\/product\/d8e97431835aa1564546653348.jpg!deliver.product.list",
			"category_id": "58fa242b916edf7a198b49ac",
			"sizes": [],
			"total_sales": 6717,
			"month_sales": 0,
			"buy_limit": 0,
			"mark_discount": 0,
			"mark_new": 0,
			"mark_self": 0,
			"status": 1,
			"category_path": "58f9e568936edfe3568b5738,58fa242b916edf7a198b49ac",
			"type": 0,
			"stockout_reserved": false,
			"is_promotion": 0,
			"sale_point_msg": [],
			"activity": [{
				"type": 6,
				"type_name": "特价",
				"tag": "浓情好礼"
			}],
			"is_presale": 0,
			"presale_delivery_date_display": "",
			"is_gift": 0,
			"is_onion": 0,
			"is_invoice": 1,
			"sub_list": [],
			"badge_img": "",
			"is_vod": false,
			"oid": 12505,
			"stock_number": 15,
			"today_stockout": "",
			"is_booking": 0
		}, {
			"id": "5d84d0aeb0055a0b4a4530dc",
			"product_name": "【酸汤肥牛】隆钿澳洲冷冻肥牛片+家乐酸汤肥牛调料",
			"name": "【酸汤肥牛】隆钿澳洲冷冻肥牛片+家乐酸汤肥牛调料",
			"origin_price": "48.80",
			"price": "38.90",
			"vip_price": "",
			"spec": "无需调味，只需4步，轻松做出餐厅招牌菜",
			"small_image": "http:\/\/img.ddimg.mobi\/product\/2e4c64440e6581568985177001.png!deliver.product.list",
			"category_id": "",
			"sizes": [],
			"total_sales": 7265,
			"month_sales": 0,
			"buy_limit": 0,
			"mark_discount": 0,
			"mark_new": 0,
			"mark_self": 0,
			"status": 1,
			"category_path": "",
			"type": 2,
			"stockout_reserved": false,
			"is_promotion": 0,
			"sale_point_msg": [],
			"activity": [],
			"is_presale": 0,
			"presale_delivery_date_display": "",
			"is_gift": 0,
			"is_onion": 0,
			"is_invoice": 0,
			"sub_list": [{
				"id": "5d41881e10abf13297343880",
				"count": 1,
				"product_name": "家乐酸汤肥牛菜用调味料 100g\/袋",
				"name": "家乐酸汤肥牛菜用调味料 100g\/袋",
				"origin_price": "12.90",
				"price": "9.00",
				"small_image": "http:\/\/img.ddimg.mobi\/product\/74a30d8787e281564575816465.jpg!deliver.product.list",
				"stock_number": 27,
				"status": 1,
				"is_invoice": 1
			}, {
				"id": "5d24033e7cdbf03113461445",
				"count": 1,
				"product_name": "隆钿澳洲冷冻肥牛片 320g",
				"name": "隆钿澳洲冷冻肥牛片 320g",
				"origin_price": "35.90",
				"price": "29.90",
				"small_image": "http:\/\/img.ddimg.mobi\/product\/a1a3e228bb63c1563156837569.jpg!deliver.product.list",
				"stock_number": 4,
				"status": 1,
				"is_invoice": 1
			}],
			"badge_img": "",
			"is_vod": false,
			"oid": 15004,
			"stock_number": 4,
			"today_stockout": "",
			"is_booking": 0
		}, {
			"id": "5bc0e3a5716de1a94f8b4fa5",
			"product_name": "龙须牌红薯粉条 300g\/袋",
			"name": "龙须牌红薯粉条 300g\/袋",
			"origin_price": "9.90",
			"price": "9.90",
			"vip_price": "8.90",
			"spec": "炖粉条 走起~",
			"small_image": "http:\/\/ddimg.ddxq.mobi\/913cadfe829411539522607357.jpg!maicai.product.list",
			"category_id": "58fb3b5b936edfe5568b58fd",
			"sizes": [],
			"total_sales": 9840,
			"month_sales": 0,
			"buy_limit": 0,
			"mark_discount": 0,
			"mark_new": 0,
			"mark_self": 0,
			"status": 1,
			"category_path": "58f9e593936edfe5568b575b,58fb3b5b936edfe5568b58fd",
			"type": 0,
			"stockout_reserved": false,
			"is_promotion": 0,
			"sale_point_msg": [
				["", ""],
				["", ""]
			],
			"activity": [],
			"is_presale": 0,
			"presale_delivery_date_display": "",
			"is_gift": 0,
			"is_onion": 0,
			"is_invoice": 1,
			"sub_list": [],
			"badge_img": "",
			"is_vod": false,
			"oid": 7948,
			"stock_number": 8,
			"today_stockout": "",
			"is_booking": 0
		}, {
			"id": "58ba74eb936edf3a323d3159",
			"product_name": "洋鸡蛋10枚",
			"name": "洋鸡蛋10枚",
			"origin_price": "9.90",
			"price": "9.90",
			"vip_price": "",
			"spec": "胆固醇和脂肪更低 适合爷爷奶奶",
			"small_image": "http:\/\/img.ddimg.mobi\/product\/dfc6e1ba03bc21544171340138.jpg!maicai.product.list",
			"category_id": "58fa233c916edf7c198b4972",
			"sizes": [],
			"total_sales": 11153,
			"month_sales": 0,
			"buy_limit": 0,
			"mark_discount": 0,
			"mark_new": 0,
			"mark_self": 0,
			"status": 1,
			"category_path": "58f9e539936edf89778b567f,58fa233c916edf7c198b4972",
			"type": 0,
			"stockout_reserved": false,
			"is_promotion": 0,
			"sale_point_msg": [
				["", ""],
				["", ""]
			],
			"activity": [],
			"is_presale": 0,
			"presale_delivery_date_display": "",
			"is_gift": 0,
			"is_onion": 0,
			"is_invoice": 1,
			"sub_list": [],
			"badge_img": "",
			"is_vod": false,
			"oid": 164,
			"stock_number": 14,
			"today_stockout": "",
			"is_booking": 0
		}, {
			"id": "595ca3fb936edf2e4c8d5d8b",
			"product_name": "苏北草鸡蛋6枚",
			"name": "苏北草鸡蛋6枚",
			"origin_price": "9.90",
			"price": "5.90",
			"vip_price": "",
			"spec": "用做一份蒸蛋的时间 来享受生活",
			"small_image": "http:\/\/img.ddimg.mobi\/product\/7a6a8542735081544061879340.jpg!maicai.product.list",
			"category_id": "58fa233c916edf7c198b4972",
			"sizes": [],
			"total_sales": 11162,
			"month_sales": 0,
			"buy_limit": 0,
			"mark_discount": 0,
			"mark_new": 0,
			"mark_self": 0,
			"status": 1,
			"category_path": "58f9e539936edf89778b567f,58fa233c916edf7c198b4972",
			"type": 0,
			"stockout_reserved": false,
			"is_promotion": 0,
			"sale_point_msg": [
				["", ""],
				["", ""]
			],
			"activity": [{
				"type": 6,
				"type_name": "特价",
				"tag": "民生好货"
			}],
			"is_presale": 0,
			"presale_delivery_date_display": "",
			"is_gift": 0,
			"is_onion": 0,
			"is_invoice": 1,
			"sub_list": [],
			"badge_img": "",
			"is_vod": false,
			"oid": 3127,
			"stock_number": 60,
			"today_stockout": "",
			"is_booking": 0
		}, {
			"id": "5d6d0d627cdbf0311b4888d5",
			"product_name": "金坛鲜脆水芹 350g\/袋",
			"name": "金坛鲜脆水芹 350g\/袋",
			"origin_price": "13.90",
			"price": "13.90",
			"vip_price": "11.90",
			"spec": "清脆爽口 鲜嫩多汁",
			"small_image": "http:\/\/img.ddimg.mobi\/product\/69cf3a99013ed1567428031112.jpg!deliver.product.list",
			"category_id": "58fbf49b936edfe6568b5ac5",
			"sizes": [],
			"total_sales": 9162,
			"month_sales": 0,
			"buy_limit": 0,
			"mark_discount": 0,
			"mark_new": 0,
			"mark_self": 0,
			"status": 1,
			"category_path": "58f9d213936edfe4568b569a,58fbf49b936edfe6568b5ac5",
			"type": 0,
			"stockout_reserved": false,
			"is_promotion": 0,
			"sale_point_msg": [],
			"activity": [],
			"is_presale": 0,
			"presale_delivery_date_display": "",
			"is_gift": 0,
			"is_onion": 0,
			"is_invoice": 1,
			"sub_list": [],
			"badge_img": "",
			"is_vod": false,
			"oid": 14612,
			"stock_number": 1,
			"today_stockout": "",
			"is_booking": 0
		}, {
			"id": "5a3a4f0c6ec2c40d6c8b45fc",
			"product_name": "味全简单点原味优酪乳 230g\/瓶",
			"name": "味全简单点原味优酪乳 230g\/瓶",
			"origin_price": "6.80",
			"price": "6.80",
			"vip_price": "",
			"spec": "新老包装更替 简单点 入口的香醇更浓点~",
			"small_image": "http:\/\/img.ddimg.mobi\/product\/71d00678f95651565760917866.jpg!deliver.product.list",
			"category_id": "58fb3a67936edf89778b57d1",
			"sizes": [],
			"total_sales": 10658,
			"month_sales": 0,
			"buy_limit": 0,
			"mark_discount": 0,
			"mark_new": 0,
			"mark_self": 0,
			"status": 1,
			"category_path": "58f9e574936edfe4568b5789,58fb3a67936edf89778b57d1",
			"type": 0,
			"stockout_reserved": false,
			"is_promotion": 0,
			"sale_point_msg": [
				["", ""],
				["", ""]
			],
			"activity": [],
			"is_presale": 0,
			"presale_delivery_date_display": "",
			"is_gift": 0,
			"is_onion": 0,
			"is_invoice": 1,
			"sub_list": [],
			"badge_img": "",
			"is_vod": false,
			"oid": 4696,
			"stock_number": 1,
			"today_stockout": "",
			"is_booking": 0
		}, {
			"id": "58b7ce3e936edf3a323cba69",
			"product_name": "生姜 170g",
			"name": "生姜 170g",
			"origin_price": "2.90",
			"price": "2.90",
			"vip_price": "",
			"spec": "我有点湿 生姜界的叮当猫",
			"small_image": "http:\/\/img.ddimg.mobi\/product\/57c11c6bcdade1546686234043.jpg!maicai.product.list",
			"category_id": "58fbf4fb936edf42508b4654",
			"sizes": [],
			"total_sales": 11127,
			"month_sales": 0,
			"buy_limit": 0,
			"mark_discount": 0,
			"mark_new": 0,
			"mark_self": 0,
			"status": 1,
			"category_path": "58f9d213936edfe4568b569a,58fbf4fb936edf42508b4654",
			"type": 0,
			"stockout_reserved": false,
			"is_promotion": 0,
			"sale_point_msg": [
				["", ""],
				["", ""]
			],
			"activity": [],
			"is_presale": 0,
			"presale_delivery_date_display": "",
			"is_gift": 0,
			"is_onion": 0,
			"is_invoice": 1,
			"sub_list": [],
			"badge_img": "",
			"is_vod": false,
			"oid": 67,
			"stock_number": 7,
			"today_stockout": "",
			"is_booking": 0
		}, {
			"id": "58b7ce96936edf9d323d0f8f",
			"product_name": "精品蒜头3个",
			"name": "精品蒜头3个",
			"origin_price": "3.90",
			"price": "3.90",
			"vip_price": "",
			"spec": "调味小能手 汁鲜味美",
			"small_image": "http:\/\/img.ddimg.mobi\/product\/ae6170bcefe61545283485687.jpg!maicai.product.list",
			"category_id": "58fbf4fb936edf42508b4654",
			"sizes": [],
			"total_sales": 11170,
			"month_sales": 0,
			"buy_limit": 0,
			"mark_discount": 0,
			"mark_new": 0,
			"mark_self": 0,
			"status": 1,
			"category_path": "58f9d213936edfe4568b569a,58fbf4fb936edf42508b4654",
			"type": 0,
			"stockout_reserved": false,
			"is_promotion": 0,
			"sale_point_msg": [
				["", ""],
				["", ""]
			],
			"activity": [],
			"is_presale": 0,
			"presale_delivery_date_display": "",
			"is_gift": 0,
			"is_onion": 0,
			"is_invoice": 1,
			"sub_list": [],
			"badge_img": "",
			"is_vod": false,
			"oid": 73,
			"stock_number": 25,
			"today_stockout": "",
			"is_booking": 0
		}, {
			"id": "5d4299177cdbf031010f1123",
			"product_name": "鸡头米 100g",
			"name": "鸡头米 100g",
			"origin_price": "28.00",
			"price": "20.90",
			"vip_price": "",
			"spec": "新鲜芡实 粒粒饱满 娇贵似珍珠~",
			"small_image": "http:\/\/img.ddimg.mobi\/product\/692cf444b5dd41566454181140.jpg!deliver.product.list",
			"category_id": "58fbf4ab936edf42508b4646",
			"sizes": [],
			"total_sales": 10692,
			"month_sales": 0,
			"buy_limit": 0,
			"mark_discount": 0,
			"mark_new": 0,
			"mark_self": 0,
			"status": 1,
			"category_path": "58f9d213936edfe4568b569a,58fbf4ab936edf42508b4646",
			"type": 0,
			"stockout_reserved": false,
			"is_promotion": 0,
			"sale_point_msg": [],
			"activity": [{
				"type": 2,
				"type_name": "满折",
				"tag": "两件75折"
			}, {
				"type": 6,
				"type_name": "特价",
				"tag": "鲜抢价"
			}],
			"is_presale": 0,
			"presale_delivery_date_display": "",
			"is_gift": 0,
			"is_onion": 0,
			"is_invoice": 1,
			"sub_list": [],
			"badge_img": "",
			"is_vod": true,
			"oid": 12556,
			"stock_number": 149,
			"today_stockout": "",
			"is_booking": 0
		}, {
			"id": "58babc36936edf98323c257e",
			"product_name": "鲜切冬瓜 约500g",
			"name": "鲜切冬瓜 约500g",
			"origin_price": "1.20",
			"price": "0.98",
			"vip_price": "",
			"spec": "鲜切冬瓜炖排骨 清淡营养不油腻",
			"small_image": "http:\/\/img.ddimg.mobi\/product\/a8c5a7b75a62b1544611663648.jpg!maicai.product.list",
			"category_id": "58fbf4bf936edfe3568b5990",
			"sizes": [],
			"total_sales": 11185,
			"month_sales": 0,
			"buy_limit": 0,
			"mark_discount": 0,
			"mark_new": 0,
			"mark_self": 0,
			"status": 1,
			"category_path": "58f9d213936edfe4568b569a,58fbf4bf936edfe3568b5990",
			"type": 0,
			"stockout_reserved": false,
			"is_promotion": 0,
			"sale_point_msg": [
				["", ""],
				["", ""]
			],
			"activity": [{
				"type": 6,
				"type_name": "特价",
				"tag": "鲜抢价"
			}],
			"is_presale": 0,
			"presale_delivery_date_display": "",
			"is_gift": 0,
			"is_onion": 0,
			"is_invoice": 1,
			"sub_list": [],
			"badge_img": "",
			"is_vod": false,
			"oid": 170,
			"stock_number": 58,
			"today_stockout": "",
			"is_booking": 0
		}, {
			"id": "5bed159b716de100468c4ecb",
			"product_name": "海水来了舟山冷冻小八爪鱼 400g",
			"name": "海水来了舟山冷冻小八爪鱼 400g",
			"origin_price": "34.90",
			"price": "34.90",
			"vip_price": "",
			"spec": "香甜肥美 口感弹滑",
			"small_image": "http:\/\/img.ddimg.mobi\/product\/cbbde966fcc7c1548487848956.jpg!deliver.product.list",
			"category_id": "5b100c48c5702ecf188c28f0",
			"sizes": [],
			"total_sales": 9438,
			"month_sales": 0,
			"buy_limit": 0,
			"mark_discount": 0,
			"mark_new": 0,
			"mark_self": 0,
			"status": 1,
			"category_path": "58f9e568936edfe3568b5738,5b100c48c5702ecf188c28f0",
			"type": 0,
			"stockout_reserved": false,
			"is_promotion": 0,
			"sale_point_msg": [
				["", ""],
				["", ""]
			],
			"activity": [],
			"is_presale": 0,
			"presale_delivery_date_display": "",
			"is_gift": 0,
			"is_onion": 0,
			"is_invoice": 1,
			"sub_list": [],
			"badge_img": "",
			"is_vod": false,
			"oid": 8304,
			"stock_number": 7,
			"today_stockout": "",
			"is_booking": 0
		}, {
			"id": "58f57016916edf154dcb1551",
			"product_name": "泰国进口超甜龙眼 500g",
			"name": "泰国进口超甜龙眼 500g",
			"origin_price": "10.90",
			"price": "9.90",
			"vip_price": "8.90",
			"spec": "色泽晶莹 柔软细嫩",
			"small_image": "http:\/\/img.ddimg.mobi\/product\/de02c34be37991544521921435.jpg!maicai.product.list",
			"category_id": "58fd6b9c916edf7a198b4a93",
			"sizes": [],
			"total_sales": 11142,
			"month_sales": 0,
			"buy_limit": 0,
			"mark_discount": 0,
			"mark_new": 0,
			"mark_self": 0,
			"status": 1,
			"category_path": "58fd663f936edfe3568b5c15,58fd6b9c916edf7a198b4a93",
			"type": 0,
			"stockout_reserved": false,
			"is_promotion": 0,
			"sale_point_msg": [
				["美味“夜明珠”", "颜如玉 甜如蜜"],
				["鲜食享美味", "营养好炖品"]
			],
			"activity": [{
				"type": 6,
				"type_name": "特价",
				"tag": "优选价"
			}],
			"is_presale": 0,
			"presale_delivery_date_display": "",
			"is_gift": 0,
			"is_onion": 0,
			"is_invoice": 1,
			"sub_list": [],
			"badge_img": "",
			"is_vod": false,
			"oid": 1356,
			"stock_number": 29,
			"today_stockout": "",
			"is_booking": 0
		}, {
			"id": "58ff2108936edf757a8b5031",
			"product_name": "丹丹红油郫县豆瓣酱 500g\/瓶",
			"name": "丹丹红油郫县豆瓣酱 500g\/瓶",
			"origin_price": "8.90",
			"price": "8.90",
			"vip_price": "",
			"spec": "香辣爽口 正宗四川风味",
			"small_image": "http:\/\/ddimg.ddxq.mobi\/51b139f89342f1510903228314.jpg!maicai.product.list",
			"category_id": "58fb3bb5936edfe5568b5909",
			"sizes": [],
			"total_sales": 10695,
			"month_sales": 0,
			"buy_limit": 0,
			"mark_discount": 0,
			"mark_new": 0,
			"mark_self": 0,
			"status": 1,
			"category_path": "58f9e5a1936edf89778b568b,58fb3bb5936edfe5568b5909",
			"type": 0,
			"stockout_reserved": false,
			"is_promotion": 0,
			"sale_point_msg": [
				["", ""],
				["", ""]
			],
			"activity": [],
			"is_presale": 0,
			"presale_delivery_date_display": "",
			"is_gift": 0,
			"is_onion": 0,
			"is_invoice": 1,
			"sub_list": [],
			"badge_img": "",
			"is_vod": false,
			"oid": 1675,
			"stock_number": 9,
			"today_stockout": "",
			"is_booking": 0
		}, {
			"id": "5cf9088a7cdbf00b4667b51e",
			"product_name": "鲜活小鲍鱼4只 约85g",
			"name": "鲜活小鲍鱼4只 约85g",
			"origin_price": "14.90",
			"price": "14.90",
			"vip_price": "",
			"spec": "一身绣壳如彩月 两片温软化丰腴",
			"small_image": "http:\/\/img.ddimg.mobi\/product\/ec7d2c78b917c1560131901029.jpg!deliver.product.list",
			"category_id": "58fa2412916edfd62d8b495b",
			"sizes": [{
				"title": "处理方式",
				"id": 11,
				"_id": "5a39c295936edfbe6d8c66f7",
				"values": [{
					"name": "杀好",
					"id": 24,
					"_id": "5a39c295936edfbe6d8c66f9",
					"price": "0.00"
				}, {
					"name": "不杀",
					"id": 23,
					"_id": "5a39c295936edfbe6d8c66f8",
					"price": "0.00"
				}]
			}],
			"total_sales": 10811,
			"month_sales": 0,
			"buy_limit": 0,
			"mark_discount": 0,
			"mark_new": 0,
			"mark_self": 0,
			"status": 1,
			"category_path": "58f9e568936edfe3568b5738,58fa2412916edfd62d8b495b",
			"type": 0,
			"stockout_reserved": false,
			"is_promotion": 0,
			"sale_point_msg": [],
			"activity": [],
			"is_presale": 0,
			"presale_delivery_date_display": "",
			"is_gift": 0,
			"is_onion": 0,
			"is_invoice": 1,
			"sub_list": [],
			"badge_img": "",
			"is_vod": false,
			"oid": 11040,
			"stock_number": 4,
			"today_stockout": "",
			"is_booking": 0
		}, {
			"id": "5d544dadb0055a0b4e3b12ed",
			"product_name": "恒顺蟹醋 100ml\/瓶",
			"name": "恒顺蟹醋 100ml\/瓶",
			"origin_price": "6.50",
			"price": "6.50",
			"vip_price": "",
			"spec": "蟹醋去腥，增香提鲜，酸而不涩，地道决定味道",
			"small_image": "http:\/\/img.ddimg.mobi\/product\/592e1ec993aaa1566209705594.jpg!deliver.product.list",
			"category_id": "58fb3b89936edfe4568b58ec",
			"sizes": [],
			"total_sales": 8608,
			"month_sales": 0,
			"buy_limit": 0,
			"mark_discount": 0,
			"mark_new": 0,
			"mark_self": 0,
			"status": 1,
			"category_path": "58f9e5a1936edf89778b568b,58fb3b89936edfe4568b58ec",
			"type": 0,
			"stockout_reserved": false,
			"is_promotion": 0,
			"sale_point_msg": [],
			"activity": [],
			"is_presale": 0,
			"presale_delivery_date_display": "",
			"is_gift": 0,
			"is_onion": 0,
			"is_invoice": 1,
			"sub_list": [],
			"badge_img": "",
			"is_vod": false,
			"oid": 13158,
			"stock_number": 21,
			"today_stockout": "",
			"is_booking": 0
		}, {
			"id": "5a5dade2c0a1eafe448b4573",
			"product_name": "冰鲜小黄鱼（非活鲜） 250g以上",
			"name": "冰鲜小黄鱼（非活鲜） 250g以上",
			"origin_price": "21.90",
			"price": "21.90",
			"vip_price": "17.90",
			"spec": "刺少味鲜 透骨新鲜",
			"small_image": "http:\/\/img.ddimg.mobi\/product\/2140c9c4969b61560741331049.jpg!deliver.product.list",
			"category_id": "58fa23d8916edf7e198b496a",
			"sizes": [{
				"title": "处理方式",
				"id": 13,
				"_id": "5b74eb38c5702e38118bc18c",
				"values": [{
					"name": "不开膛",
					"id": 31,
					"_id": "5b74eb38c5702e38118bc18e",
					"price": "0.00"
				}, {
					"name": "开膛",
					"id": 30,
					"_id": "5b74eb38c5702e38118bc18d",
					"price": "0.00"
				}]
			}],
			"total_sales": 10788,
			"month_sales": 0,
			"buy_limit": 0,
			"mark_discount": 0,
			"mark_new": 0,
			"mark_self": 0,
			"status": 1,
			"category_path": "58f9e568936edfe3568b5738,58fa23d8916edf7e198b496a",
			"type": 0,
			"stockout_reserved": false,
			"is_promotion": 0,
			"sale_point_msg": [
				["小黄鱼俗名小鲜", "舟山人称“透骨新鲜”"],
				["价廉物美又刺少", "适合爱吃又怕刺的吃货"]
			],
			"activity": [],
			"is_presale": 0,
			"presale_delivery_date_display": "",
			"is_gift": 0,
			"is_onion": 0,
			"is_invoice": 1,
			"sub_list": [],
			"badge_img": "",
			"is_vod": false,
			"oid": 4994,
			"stock_number": 6,
			"today_stockout": "",
			"is_booking": 0
		}, {
			"id": "5c1364e6716de1e77d8b61d9",
			"product_name": "恒都精选冷冻肥牛卷 300g",
			"name": "恒都精选冷冻肥牛卷 300g",
			"origin_price": "32.90",
			"price": "32.90",
			"vip_price": "19.90",
			"spec": "肉质细腻 口感弹嫩",
			"small_image": "http:\/\/img.ddimg.mobi\/product\/dd6461d23af591548470818889.jpg!deliver.product.list",
			"category_id": "5ad476cbc3c442736a8b4a50",
			"sizes": [],
			"total_sales": 11057,
			"month_sales": 0,
			"buy_limit": 0,
			"mark_discount": 0,
			"mark_new": 0,
			"mark_self": 0,
			"status": 1,
			"category_path": "58f9e51f936edf88198b5718,5ad476cbc3c442736a8b4a50",
			"type": 0,
			"stockout_reserved": false,
			"is_promotion": 0,
			"sale_point_msg": [
				["", ""],
				["", ""]
			],
			"activity": [],
			"is_presale": 0,
			"presale_delivery_date_display": "",
			"is_gift": 0,
			"is_onion": 0,
			"is_invoice": 1,
			"sub_list": [],
			"badge_img": "",
			"is_vod": false,
			"oid": 8682,
			"stock_number": 23,
			"today_stockout": "",
			"is_booking": 0
		}, {
			"id": "5c171bd1716de1e77d8b6f22",
			"product_name": "海水来了冷冻太湖大银鱼 160g",
			"name": "海水来了冷冻太湖大银鱼 160g",
			"origin_price": "21.90",
			"price": "21.90",
			"vip_price": "",
			"spec": "无刺无骨 全身可食",
			"small_image": "http:\/\/img.ddimg.mobi\/product\/46a54f5bc4c51548487779251.jpg!deliver.product.list",
			"category_id": "58fa23d8916edf7e198b496a",
			"sizes": [],
			"total_sales": 9350,
			"month_sales": 0,
			"buy_limit": 0,
			"mark_discount": 0,
			"mark_new": 0,
			"mark_self": 0,
			"status": 1,
			"category_path": "58f9e568936edfe3568b5738,58fa23d8916edf7e198b496a",
			"type": 0,
			"stockout_reserved": false,
			"is_promotion": 0,
			"sale_point_msg": [
				["", ""],
				["", ""]
			],
			"activity": [],
			"is_presale": 0,
			"presale_delivery_date_display": "",
			"is_gift": 0,
			"is_onion": 0,
			"is_invoice": 1,
			"sub_list": [],
			"badge_img": "",
			"is_vod": false,
			"oid": 8707,
			"stock_number": 7,
			"today_stockout": "",
			"is_booking": 0
		}, {
			"id": "59e84bf16ec2c4fd088b47fe",
			"product_name": "和酒金色年华5年陈半干型黄酒 500ml\/瓶",
			"name": "和酒金色年华5年陈半干型黄酒 500ml\/瓶",
			"origin_price": "22.90",
			"price": "22.90",
			"vip_price": "",
			"spec": "芳香润泽 口感淡雅醇和",
			"small_image": "http:\/\/img.ddimg.mobi\/product\/0b990c80075b91543815779978.jpg!maicai.product.list",
			"category_id": "58fb4168936edfc0408b58f3",
			"sizes": [],
			"total_sales": 9160,
			"month_sales": 0,
			"buy_limit": 0,
			"mark_discount": 0,
			"mark_new": 0,
			"mark_self": 0,
			"status": 1,
			"category_path": "58f9e5c4936edfe4568b5793,58fb4168936edfc0408b58f3",
			"type": 0,
			"stockout_reserved": false,
			"is_promotion": 0,
			"sale_point_msg": [
				["", ""],
				["", ""]
			],
			"activity": [],
			"is_presale": 0,
			"presale_delivery_date_display": "",
			"is_gift": 0,
			"is_onion": 0,
			"is_invoice": 1,
			"sub_list": [],
			"badge_img": "",
			"is_vod": false,
			"oid": 3979,
			"stock_number": 13,
			"today_stockout": "",
			"is_booking": 0
		}, {
			"id": "5cb8147db0055a7b1b7071c1",
			"product_name": "土豆（黄心） 约500g",
			"name": "土豆（黄心） 约500g",
			"origin_price": "2.50",
			"price": "2.30",
			"vip_price": "",
			"spec": "精选新土豆 家常餐桌必备！",
			"small_image": "http:\/\/img.ddimg.mobi\/product\/9e7dbbd65b3251556164508262.jpg!deliver.product.list",
			"category_id": "58fbf4ab936edf42508b4646",
			"sizes": [],
			"total_sales": 11188,
			"month_sales": 0,
			"buy_limit": 0,
			"mark_discount": 0,
			"mark_new": 0,
			"mark_self": 0,
			"status": 1,
			"category_path": "58f9d213936edfe4568b569a,58fbf4ab936edf42508b4646",
			"type": 0,
			"stockout_reserved": false,
			"is_promotion": 0,
			"sale_point_msg": [],
			"activity": [{
				"type": 6,
				"type_name": "特价",
				"tag": ""
			}],
			"is_presale": 0,
			"presale_delivery_date_display": "",
			"is_gift": 0,
			"is_onion": 0,
			"is_invoice": 1,
			"sub_list": [],
			"badge_img": "",
			"is_vod": false,
			"oid": 10172,
			"stock_number": 50,
			"today_stockout": "",
			"is_booking": 0
		}, {
			"id": "5a5dc285c0a1eaaa588b4571",
			"product_name": "优质番茄 约350g",
			"name": "优质番茄 约350g",
			"origin_price": "3.50",
			"price": "2.99",
			"vip_price": "",
			"spec": "西红柿炒鸡蛋 亦可直接吃~",
			"small_image": "http:\/\/ddimg.ddxq.mobi\/be51d2b7e7cfb1541779541044.jpg!maicai.product.list",
			"category_id": "58fbf4bf936edfe3568b5990",
			"sizes": [],
			"total_sales": 11190,
			"month_sales": 0,
			"buy_limit": 0,
			"mark_discount": 0,
			"mark_new": 0,
			"mark_self": 0,
			"status": 1,
			"category_path": "58f9d213936edfe4568b569a,58fbf4bf936edfe3568b5990",
			"type": 0,
			"stockout_reserved": false,
			"is_promotion": 0,
			"sale_point_msg": [
				["", ""],
				["", ""]
			],
			"activity": [{
				"type": 6,
				"type_name": "特价",
				"tag": "鲜抢价"
			}],
			"is_presale": 0,
			"presale_delivery_date_display": "",
			"is_gift": 0,
			"is_onion": 0,
			"is_invoice": 1,
			"sub_list": [],
			"badge_img": "",
			"is_vod": false,
			"oid": 5002,
			"stock_number": 119,
			"today_stockout": "",
			"is_booking": 0
		}, {
			"id": "59c0ef6e6ec2c4121f8b4599",
			"product_name": "汉康卤水老豆腐 380g\/盒",
			"name": "汉康卤水老豆腐 380g\/盒",
			"origin_price": "4.20",
			"price": "3.50",
			"vip_price": "",
			"spec": "盒装干净 本味豆香 久违的淳朴美味",
			"small_image": "http:\/\/img.ddimg.mobi\/product\/7d93c76f308261558670893918.jpg!deliver.product.list",
			"category_id": "58fbf508936edfe3568b599f",
			"sizes": [],
			"total_sales": 11115,
			"month_sales": 0,
			"buy_limit": 0,
			"mark_discount": 1,
			"mark_new": 0,
			"mark_self": 0,
			"status": 1,
			"category_path": "58f9d233936edfe3568b5655,58fbf508936edfe3568b599f",
			"type": 0,
			"stockout_reserved": false,
			"is_promotion": 1,
			"sale_point_msg": [
				["", ""],
				["", ""]
			],
			"activity": [],
			"is_presale": 0,
			"presale_delivery_date_display": "",
			"is_gift": 0,
			"is_onion": 0,
			"is_invoice": 1,
			"sub_list": [],
			"badge_img": "",
			"is_vod": false,
			"oid": 3789,
			"stock_number": 9,
			"today_stockout": "",
			"is_booking": 0
		}, {
			"id": "5d0a07817cdbf00b5b7c7501",
			"product_name": "鲜活净化黑鱼1条 550g以上",
			"name": "鲜活净化黑鱼1条 550g以上",
			"origin_price": "21.90",
			"price": "21.90",
			"vip_price": "15.90",
			"spec": "肉多刺少 适合做酸菜鱼（不提供切片服务）",
			"small_image": "http:\/\/img.ddimg.mobi\/product\/fa5831fc482f41560938925725.jpg!deliver.product.list",
			"category_id": "58fa23d8916edf7e198b496a",
			"sizes": [{
				"title": "处理方式",
				"id": 1,
				"_id": "59104272936edfa4218e2c61",
				"values": [{
					"name": "不杀",
					"id": 25,
					"_id": "5a44e384916edfbd378f33fb",
					"price": "0.00"
				}, {
					"name": "杀好（不要内脏）",
					"id": 1,
					"_id": "59104272936edfa4218e2c63",
					"price": "0.00"
				}]
			}],
			"total_sales": 9910,
			"month_sales": 0,
			"buy_limit": 0,
			"mark_discount": 0,
			"mark_new": 0,
			"mark_self": 0,
			"status": 1,
			"category_path": "58f9e568936edfe3568b5738,58fa23d8916edf7e198b496a",
			"type": 0,
			"stockout_reserved": false,
			"is_promotion": 0,
			"sale_point_msg": [],
			"activity": [],
			"is_presale": 0,
			"presale_delivery_date_display": "",
			"is_gift": 0,
			"is_onion": 0,
			"is_invoice": 1,
			"sub_list": [],
			"badge_img": "",
			"is_vod": false,
			"oid": 11268,
			"stock_number": 3,
			"today_stockout": "",
			"is_booking": 0
		}, {
			"id": "5c9474007b37a12d336ccd94",
			"product_name": "云南文山黄牛腱 260g",
			"name": "云南文山黄牛腱 260g",
			"origin_price": "44.90",
			"price": "44.90",
			"vip_price": "",
			"spec": "香卤一盘牛腱 俘获全家味蕾",
			"small_image": "http:\/\/img.ddimg.mobi\/product\/8aa22e9afae681566451912828.jpg!deliver.product.list",
			"category_id": "58fa206a936edfe4568b57e6",
			"sizes": [],
			"total_sales": 9637,
			"month_sales": 0,
			"buy_limit": 0,
			"mark_discount": 0,
			"mark_new": 0,
			"mark_self": 0,
			"status": 1,
			"category_path": "58f9e51f936edf88198b5718,58fa206a936edfe4568b57e6",
			"type": 0,
			"stockout_reserved": false,
			"is_promotion": 0,
			"sale_point_msg": [],
			"activity": [],
			"is_presale": 0,
			"presale_delivery_date_display": "",
			"is_gift": 0,
			"is_onion": 0,
			"is_invoice": 1,
			"sub_list": [],
			"badge_img": "",
			"is_vod": false,
			"oid": 9859,
			"stock_number": 1,
			"today_stockout": "",
			"is_booking": 0
		}, {
			"id": "59635b33936edf1c2d8bf83c",
			"product_name": "精品杭白菜 300g",
			"name": "精品杭白菜 300g",
			"origin_price": "6.90",
			"price": "6.90",
			"vip_price": "",
			"spec": "质地柔嫩，味道清香",
			"small_image": "http:\/\/img.ddimg.mobi\/product\/84d1c3e1ecedd1568193951886.jpg!deliver.product.list",
			"category_id": "58fbf49b936edfe6568b5ac5",
			"sizes": [],
			"total_sales": 10650,
			"month_sales": 0,
			"buy_limit": 0,
			"mark_discount": 0,
			"mark_new": 0,
			"mark_self": 0,
			"status": 1,
			"category_path": "58f9d213936edfe4568b569a,58fbf49b936edfe6568b5ac5",
			"type": 0,
			"stockout_reserved": false,
			"is_promotion": 0,
			"sale_point_msg": [
				["", ""],
				["", ""]
			],
			"activity": [],
			"is_presale": 0,
			"presale_delivery_date_display": "",
			"is_gift": 0,
			"is_onion": 0,
			"is_invoice": 1,
			"sub_list": [],
			"badge_img": "",
			"is_vod": false,
			"oid": 3173,
			"stock_number": 2,
			"today_stockout": "",
			"is_booking": 0
		}, {
			"id": "58b7ce5d936edfaf323b8db2",
			"product_name": "青椒 190g",
			"name": "青椒 190g",
			"origin_price": "2.20",
			"price": "1.99",
			"vip_price": "",
			"spec": "我是配菜小能手",
			"small_image": "http:\/\/img.ddimg.mobi\/product\/81e6d5423a9181546682202703.jpg!maicai.product.list",
			"category_id": "58fbf4fb936edf42508b4654",
			"sizes": [],
			"total_sales": 11182,
			"month_sales": 0,
			"buy_limit": 0,
			"mark_discount": 0,
			"mark_new": 0,
			"mark_self": 0,
			"status": 1,
			"category_path": "58f9d213936edfe4568b569a,58fbf4fb936edf42508b4654",
			"type": 0,
			"stockout_reserved": false,
			"is_promotion": 0,
			"sale_point_msg": [
				["", ""],
				["", ""]
			],
			"activity": [{
				"type": 6,
				"type_name": "特价",
				"tag": "鲜抢价"
			}],
			"is_presale": 0,
			"presale_delivery_date_display": "",
			"is_gift": 0,
			"is_onion": 0,
			"is_invoice": 1,
			"sub_list": [],
			"badge_img": "",
			"is_vod": false,
			"oid": 69,
			"stock_number": 27,
			"today_stockout": "",
			"is_booking": 0
		}, {
			"id": "58ba5a09916edf0d4dc2a9d7",
			"product_name": "本地鸡毛菜 250g",
			"name": "本地鸡毛菜 250g",
			"origin_price": "1.90",
			"price": "1.90",
			"vip_price": "",
			"spec": "上海本地菜 鲜嫩可口 来一盘清炒鸡毛菜~",
			"small_image": "http:\/\/ddimg.ddxq.mobi\/1f337f601b3d91541779428656.jpg!maicai.product.list",
			"category_id": "58fbf49b936edfe6568b5ac5",
			"sizes": [],
			"total_sales": 11167,
			"month_sales": 0,
			"buy_limit": 0,
			"mark_discount": 0,
			"mark_new": 0,
			"mark_self": 0,
			"status": 1,
			"category_path": "58f9d213936edfe4568b569a,58fbf49b936edfe6568b5ac5",
			"type": 0,
			"stockout_reserved": false,
			"is_promotion": 0,
			"sale_point_msg": [
				["", ""],
				["", ""]
			],
			"activity": [],
			"is_presale": 0,
			"presale_delivery_date_display": "",
			"is_gift": 0,
			"is_onion": 0,
			"is_invoice": 1,
			"sub_list": [],
			"badge_img": "",
			"is_vod": false,
			"oid": 155,
			"stock_number": 48,
			"today_stockout": "",
			"is_booking": 0
		}, {
			"id": "5bf4daf3716de100468c75d3",
			"product_name": "艺杏绢豆腐 350g\/盒",
			"name": "艺杏绢豆腐 350g\/盒",
			"origin_price": "3.20",
			"price": "3.20",
			"vip_price": "",
			"spec": "似绢布般的丝滑口感",
			"small_image": "http:\/\/img.ddimg.mobi\/product\/65b6417dfc4f31543472691991.jpg!maicai.product.list",
			"category_id": "58fbf508936edfe3568b599f",
			"sizes": [],
			"total_sales": 10992,
			"month_sales": 0,
			"buy_limit": 0,
			"mark_discount": 0,
			"mark_new": 0,
			"mark_self": 0,
			"status": 1,
			"category_path": "58f9d233936edfe3568b5655,58fbf508936edfe3568b599f",
			"type": 0,
			"stockout_reserved": false,
			"is_promotion": 0,
			"sale_point_msg": [
				["", ""],
				["", ""]
			],
			"activity": [],
			"is_presale": 0,
			"presale_delivery_date_display": "",
			"is_gift": 0,
			"is_onion": 0,
			"is_invoice": 1,
			"sub_list": [],
			"badge_img": "",
			"is_vod": false,
			"oid": 8419,
			"stock_number": 8,
			"today_stockout": "",
			"is_booking": 0
		}, {
			"id": "5ad47398c0a1ea1f538b457f",
			"product_name": "恒都精选冷冻牛肉丝 150g",
			"name": "恒都精选冷冻牛肉丝 150g",
			"origin_price": "18.90",
			"price": "18.90",
			"vip_price": "16.90",
			"spec": "肉香浓郁 免切炒牛肉轻松get",
			"small_image": "http:\/\/img.ddimg.mobi\/product\/61331ad64aec61548471220491.jpg!deliver.product.list",
			"category_id": "593fbdcb916edf4e11a7b7e5",
			"sizes": [],
			"total_sales": 10963,
			"month_sales": 0,
			"buy_limit": 0,
			"mark_discount": 0,
			"mark_new": 0,
			"mark_self": 0,
			"status": 1,
			"category_path": "58f9e51f936edf88198b5718,593fbdcb916edf4e11a7b7e5",
			"type": 0,
			"stockout_reserved": false,
			"is_promotion": 0,
			"sale_point_msg": [
				["", ""],
				["", ""]
			],
			"activity": [],
			"is_presale": 0,
			"presale_delivery_date_display": "",
			"is_gift": 0,
			"is_onion": 0,
			"is_invoice": 1,
			"sub_list": [],
			"badge_img": "",
			"is_vod": false,
			"oid": 5762,
			"stock_number": 1,
			"today_stockout": "",
			"is_booking": 0
		}, {
			"id": "5d68d35310abf1329976dc72",
			"product_name": "新疆脆冬枣 约400g",
			"name": "新疆脆冬枣 约400g",
			"origin_price": "19.90",
			"price": "19.90",
			"vip_price": "",
			"spec": "香蕉配冬枣 看到了人生的走马灯~",
			"small_image": "http:\/\/img.ddimg.mobi\/product\/7911ed016b99b1568211195243.jpg!deliver.product.list",
			"category_id": "58fd6c1d916edfd62d8b4a83",
			"sizes": [],
			"total_sales": 9019,
			"month_sales": 0,
			"buy_limit": 0,
			"mark_discount": 0,
			"mark_new": 0,
			"mark_self": 0,
			"status": 1,
			"category_path": "58fd663f936edfe3568b5c15,58fd6c1d916edfd62d8b4a83",
			"type": 0,
			"stockout_reserved": false,
			"is_promotion": 0,
			"sale_point_msg": [],
			"activity": [],
			"is_presale": 0,
			"presale_delivery_date_display": "",
			"is_gift": 0,
			"is_onion": 0,
			"is_invoice": 1,
			"sub_list": [],
			"badge_img": "",
			"is_vod": false,
			"oid": 14546,
			"stock_number": 8,
			"today_stockout": "",
			"is_booking": 0
		}, {
			"id": "5d4020597cdbf03100008e37",
			"product_name": "崇明杭白菜 350g\/份",
			"name": "崇明杭白菜 350g\/份",
			"origin_price": "5.50",
			"price": "5.50",
			"vip_price": "",
			"spec": "绿叶安心菜 源自生态岛 虾干白菜粉丝煲 你吃过吗？",
			"small_image": "http:\/\/img.ddimg.mobi\/product\/6de34515601131545281413087.jpg!maicai.product.list",
			"category_id": "58fbf49b936edfe6568b5ac5",
			"sizes": [],
			"total_sales": 10257,
			"month_sales": 0,
			"buy_limit": 0,
			"mark_discount": 0,
			"mark_new": 0,
			"mark_self": 0,
			"status": 1,
			"category_path": "58f9d213936edfe4568b569a,58fbf49b936edfe6568b5ac5",
			"type": 0,
			"stockout_reserved": false,
			"is_promotion": 0,
			"sale_point_msg": [],
			"activity": [],
			"is_presale": 0,
			"presale_delivery_date_display": "",
			"is_gift": 0,
			"is_onion": 0,
			"is_invoice": 1,
			"sub_list": [],
			"badge_img": "",
			"is_vod": false,
			"oid": 12475,
			"stock_number": 8,
			"today_stockout": "",
			"is_booking": 0
		}, {
			"id": "5991905e936edf183a8ca024",
			"product_name": "青圆椒 约400g",
			"name": "青圆椒 约400g",
			"origin_price": "4.90",
			"price": "4.90",
			"vip_price": "",
			"spec": "维C含量是番茄的7~15倍哦",
			"small_image": "http:\/\/img.ddimg.mobi\/product\/2d8e2de0a2961545271709704.jpg!maicai.product.list",
			"category_id": "58fbf4fb936edf42508b4654",
			"sizes": [],
			"total_sales": 11092,
			"month_sales": 0,
			"buy_limit": 0,
			"mark_discount": 0,
			"mark_new": 0,
			"mark_self": 0,
			"status": 1,
			"category_path": "58f9d213936edfe4568b569a,58fbf4fb936edf42508b4654",
			"type": 0,
			"stockout_reserved": false,
			"is_promotion": 0,
			"sale_point_msg": [
				["", ""],
				["", ""]
			],
			"activity": [],
			"is_presale": 0,
			"presale_delivery_date_display": "",
			"is_gift": 0,
			"is_onion": 0,
			"is_invoice": 1,
			"sub_list": [],
			"badge_img": "",
			"is_vod": false,
			"oid": 3445,
			"stock_number": 8,
			"today_stockout": "",
			"is_booking": 0
		}, {
			"id": "5ba1c201d033a1de7d8b475d",
			"product_name": "尖椒（羊角椒) 160g",
			"name": "尖椒（羊角椒) 160g",
			"origin_price": "2.90",
			"price": "2.90",
			"vip_price": "",
			"spec": "辣度适中 是甜辣椒中的一种 皮薄肉厚",
			"small_image": "http:\/\/img.ddimg.mobi\/product\/5358ff75a125d1546682304568.jpg!maicai.product.list",
			"category_id": "58fbf4fb936edf42508b4654",
			"sizes": [],
			"total_sales": 10962,
			"month_sales": 0,
			"buy_limit": 0,
			"mark_discount": 0,
			"mark_new": 0,
			"mark_self": 0,
			"status": 1,
			"category_path": "58f9d213936edfe4568b569a,58fbf4fb936edf42508b4654",
			"type": 0,
			"stockout_reserved": false,
			"is_promotion": 0,
			"sale_point_msg": [
				["", ""],
				["", ""]
			],
			"activity": [],
			"is_presale": 0,
			"presale_delivery_date_display": "",
			"is_gift": 0,
			"is_onion": 0,
			"is_invoice": 1,
			"sub_list": [],
			"badge_img": "",
			"is_vod": false,
			"oid": 7697,
			"stock_number": 2,
			"today_stockout": "",
			"is_booking": 0
		}, {
			"id": "5c4542197b37a12d3a011ea5",
			"product_name": "加费尔德冷冻黑鱼片 250g",
			"name": "加费尔德冷冻黑鱼片 250g",
			"origin_price": "24.90",
			"price": "24.90",
			"vip_price": "",
			"spec": "肉质肥嫩 晶莹剔透 新老包装随机发货",
			"small_image": "http:\/\/img.ddimg.mobi\/product\/33077c939605d1548472262567.jpg!deliver.product.list",
			"category_id": "58fa23d8916edf7e198b496a",
			"sizes": [],
			"total_sales": 10467,
			"month_sales": 0,
			"buy_limit": 0,
			"mark_discount": 0,
			"mark_new": 0,
			"mark_self": 0,
			"status": 1,
			"category_path": "58f9e568936edfe3568b5738,58fa23d8916edf7e198b496a",
			"type": 0,
			"stockout_reserved": false,
			"is_promotion": 0,
			"sale_point_msg": [],
			"activity": [],
			"is_presale": 0,
			"presale_delivery_date_display": "",
			"is_gift": 0,
			"is_onion": 0,
			"is_invoice": 1,
			"sub_list": [],
			"badge_img": "",
			"is_vod": false,
			"oid": 9277,
			"stock_number": 10,
			"today_stockout": "",
			"is_booking": 0
		}, {
			"id": "5b287cc3c0a1ea05698b4ebc",
			"product_name": "毛豆（带壳） 400g",
			"name": "毛豆（带壳） 400g",
			"origin_price": "3.90",
			"price": "2.90",
			"vip_price": "",
			"spec": "偏爱毛豆的人都是高颜值啊",
			"small_image": "http:\/\/img.ddimg.mobi\/product\/620c4be0b463e1565663706277.jpg!deliver.product.list",
			"category_id": "58fbf4d5936edfe4568b5986",
			"sizes": [],
			"total_sales": 11160,
			"month_sales": 0,
			"buy_limit": 0,
			"mark_discount": 0,
			"mark_new": 0,
			"mark_self": 0,
			"status": 1,
			"category_path": "58f9d213936edfe4568b569a,58fbf4d5936edfe4568b5986",
			"type": 0,
			"stockout_reserved": false,
			"is_promotion": 0,
			"sale_point_msg": [
				["", ""],
				["", ""]
			],
			"activity": [{
				"type": 6,
				"type_name": "特价",
				"tag": "鲜抢价"
			}],
			"is_presale": 0,
			"presale_delivery_date_display": "",
			"is_gift": 0,
			"is_onion": 0,
			"is_invoice": 1,
			"sub_list": [],
			"badge_img": "",
			"is_vod": false,
			"oid": 6481,
			"stock_number": 32,
			"today_stockout": "",
			"is_booking": 0
		}, {
			"id": "5b4f0968c0a1eac91e8b4874",
			"product_name": "甜玉米 约800g",
			"name": "甜玉米 约800g",
			"origin_price": "6.20",
			"price": "6.20",
			"vip_price": "5.90",
			"spec": "甜到心里 每一粒都不想错过",
			"small_image": "http:\/\/img.ddimg.mobi\/product\/1ebc6ffb4efb41556164202973.jpg!deliver.product.list",
			"category_id": "58fbf4ab936edf42508b4646",
			"sizes": [],
			"total_sales": 11173,
			"month_sales": 0,
			"buy_limit": 0,
			"mark_discount": 0,
			"mark_new": 0,
			"mark_self": 0,
			"status": 1,
			"category_path": "58f9d213936edfe4568b569a,58fbf4ab936edf42508b4646",
			"type": 0,
			"stockout_reserved": false,
			"is_promotion": 0,
			"sale_point_msg": [
				["", ""],
				["", ""]
			],
			"activity": [],
			"is_presale": 0,
			"presale_delivery_date_display": "",
			"is_gift": 0,
			"is_onion": 0,
			"is_invoice": 1,
			"sub_list": [],
			"badge_img": "",
			"is_vod": false,
			"oid": 6834,
			"stock_number": 4,
			"today_stockout": "",
			"is_booking": 0
		}, {
			"id": "5ac9c705c0a1ea657a8b4571",
			"product_name": "大瀛崇明生鲜鸡胸肉 350g",
			"name": "大瀛崇明生鲜鸡胸肉 350g",
			"origin_price": "12.80",
			"price": "9.90",
			"vip_price": "",
			"spec": "上海崇明鸡 绿色生态养殖",
			"small_image": "http:\/\/img.ddimg.mobi\/product\/9aa9b12c877161548403142497.jpg!deliver.product.list",
			"category_id": "58fa2201936edfe2568b589d",
			"sizes": [],
			"total_sales": 10739,
			"month_sales": 0,
			"buy_limit": 0,
			"mark_discount": 0,
			"mark_new": 0,
			"mark_self": 0,
			"status": 1,
			"category_path": "58f9e531936edfe5568b5747,58fa2201936edfe2568b589d",
			"type": 0,
			"stockout_reserved": false,
			"is_promotion": 0,
			"sale_point_msg": [
				["", ""],
				["", ""]
			],
			"activity": [{
				"type": 6,
				"type_name": "特价",
				"tag": "限时特价"
			}],
			"is_presale": 0,
			"presale_delivery_date_display": "",
			"is_gift": 0,
			"is_onion": 0,
			"is_invoice": 1,
			"sub_list": [],
			"badge_img": "",
			"is_vod": false,
			"oid": 5664,
			"stock_number": 4,
			"today_stockout": "",
			"is_booking": 0
		}, {
			"id": "5d2463257cdbf031153a01b3",
			"product_name": "鲜活鲫鱼1条 350g以上",
			"name": "鲜活鲫鱼1条 350g以上",
			"origin_price": "9.90",
			"price": "6.66",
			"vip_price": "",
			"spec": "奶白奶白的鲫鱼豆腐汤你会做吗？（宰杀前重量为350g以上）",
			"small_image": "http:\/\/img.ddimg.mobi\/product\/3fa12adcff7b81569321258270.jpg!deliver.product.list",
			"category_id": "58fa23d8916edf7e198b496a",
			"sizes": [{
				"title": "处理方式",
				"id": 1,
				"_id": "59104272936edfa4218e2c61",
				"values": [{
					"name": "杀好（要内脏）",
					"id": 32,
					"_id": "5c1daf0b6079d1f33993f49c",
					"price": "0.00"
				}, {
					"name": "不杀",
					"id": 25,
					"_id": "5a44e384916edfbd378f33fb",
					"price": "0.00"
				}, {
					"name": "杀好（不要内脏）",
					"id": 1,
					"_id": "59104272936edfa4218e2c63",
					"price": "0.00"
				}]
			}],
			"total_sales": 11136,
			"month_sales": 0,
			"buy_limit": 0,
			"mark_discount": 0,
			"mark_new": 0,
			"mark_self": 0,
			"status": 1,
			"category_path": "58f9e568936edfe3568b5738,58fa23d8916edf7e198b496a",
			"type": 0,
			"stockout_reserved": false,
			"is_promotion": 0,
			"sale_point_msg": [],
			"activity": [{
				"type": 6,
				"type_name": "特价",
				"tag": "民生好货"
			}],
			"is_presale": 0,
			"presale_delivery_date_display": "",
			"is_gift": 0,
			"is_onion": 0,
			"is_invoice": 1,
			"sub_list": [],
			"badge_img": "",
			"is_vod": true,
			"oid": 12044,
			"stock_number": 33,
			"today_stockout": "",
			"is_booking": 0
		}, {
			"id": "5c8a23187b37a12d484ad46d",
			"product_name": "【今日上架】光明优倍高品质鲜牛奶 950ml\/盒",
			"name": "【今日上架】光明优倍高品质鲜牛奶 950ml\/盒",
			"origin_price": "22.90",
			"price": "22.90",
			"vip_price": "",
			"spec": "新老包装混发~",
			"small_image": "http:\/\/img.ddimg.mobi\/product\/e6deb0a64f8661558091716945.jpg!deliver.product.list",
			"category_id": "58fb3a24936edfe5568b58db",
			"sizes": [],
			"total_sales": 10998,
			"month_sales": 0,
			"buy_limit": 0,
			"mark_discount": 0,
			"mark_new": 0,
			"mark_self": 0,
			"status": 1,
			"category_path": "58f9e574936edfe4568b5789,58fb3a24936edfe5568b58db",
			"type": 0,
			"stockout_reserved": false,
			"is_promotion": 0,
			"sale_point_msg": [],
			"activity": [],
			"is_presale": 0,
			"presale_delivery_date_display": "",
			"is_gift": 0,
			"is_onion": 0,
			"is_invoice": 1,
			"sub_list": [],
			"badge_img": "",
			"is_vod": false,
			"oid": 9763,
			"stock_number": 5,
			"today_stockout": "",
			"is_booking": 0
		}, {
			"id": "5983c491936edf44498ee054",
			"product_name": "三红胡萝卜 约500g",
			"name": "三红胡萝卜 约500g",
			"origin_price": "1.99",
			"price": "1.90",
			"vip_price": "",
			"spec": "红皮红肉红心 胡萝卜精品哦~",
			"small_image": "http:\/\/ddimg.ddxq.mobi\/d9570a42c1a2f1541779412213.jpg!maicai.product.list",
			"category_id": "58fbf4ab936edf42508b4646",
			"sizes": [],
			"total_sales": 11183,
			"month_sales": 0,
			"buy_limit": 0,
			"mark_discount": 0,
			"mark_new": 0,
			"mark_self": 0,
			"status": 1,
			"category_path": "58f9d213936edfe4568b569a,58fbf4ab936edf42508b4646",
			"type": 0,
			"stockout_reserved": false,
			"is_promotion": 0,
			"sale_point_msg": [
				["果肉密实多汁", "素有“小人参”之称"],
				["富含维生素A", "营养丰富口感脆嫩"]
			],
			"activity": [{
				"type": 6,
				"type_name": "特价",
				"tag": "鲜抢价"
			}],
			"is_presale": 0,
			"presale_delivery_date_display": "",
			"is_gift": 0,
			"is_onion": 0,
			"is_invoice": 1,
			"sub_list": [],
			"badge_img": "",
			"is_vod": false,
			"oid": 3352,
			"stock_number": 35,
			"today_stockout": "",
			"is_booking": 0
		}, {
			"id": "58b7ee6b936edf20323c1177",
			"product_name": "乌江清爽榨菜 80g\/袋",
			"name": "乌江清爽榨菜 80g\/袋",
			"origin_price": "2.50",
			"price": "2.50",
			"vip_price": "",
			"spec": "开袋食用后请冷藏储存",
			"small_image": "http:\/\/img.ddimg.mobi\/product\/0b452859162b51544014167169.jpg!maicai.product.list",
			"category_id": "58fb40ec936edf42508b45cd",
			"sizes": [],
			"total_sales": 11108,
			"month_sales": 0,
			"buy_limit": 0,
			"mark_discount": 0,
			"mark_new": 0,
			"mark_self": 0,
			"status": 1,
			"category_path": "58f9e5b3936edfe3568b5742,58fb40ec936edf42508b45cd",
			"type": 0,
			"stockout_reserved": false,
			"is_promotion": 0,
			"sale_point_msg": [
				["", ""],
				["", ""]
			],
			"activity": [],
			"is_presale": 0,
			"presale_delivery_date_display": "",
			"is_gift": 0,
			"is_onion": 0,
			"is_invoice": 1,
			"sub_list": [],
			"badge_img": "",
			"is_vod": false,
			"oid": 124,
			"stock_number": 22,
			"today_stockout": "",
			"is_booking": 0
		}, {
			"id": "5b971a22c0a1ea8f1c8b5564",
			"product_name": "小青菜 300g",
			"name": "小青菜 300g",
			"origin_price": "2.90",
			"price": "2.90",
			"vip_price": "",
			"spec": "鲜嫩可口小青菜",
			"small_image": "http:\/\/ddimg.ddxq.mobi\/6ddcf206d96c11536630132340.jpg!maicai.product.list",
			"category_id": "58fbf49b936edfe6568b5ac5",
			"sizes": [],
			"total_sales": 11187,
			"month_sales": 0,
			"buy_limit": 0,
			"mark_discount": 0,
			"mark_new": 0,
			"mark_self": 0,
			"status": 1,
			"category_path": "58f9d213936edfe4568b569a,58fbf49b936edfe6568b5ac5",
			"type": 0,
			"stockout_reserved": false,
			"is_promotion": 0,
			"sale_point_msg": [
				["", ""],
				["", ""]
			],
			"activity": [],
			"is_presale": 0,
			"presale_delivery_date_display": "",
			"is_gift": 0,
			"is_onion": 0,
			"is_invoice": 1,
			"sub_list": [],
			"badge_img": "",
			"is_vod": false,
			"oid": 7539,
			"stock_number": 41,
			"today_stockout": "",
			"is_booking": 0
		}, {
			"id": "5a2f831d6ec2c4b66c8b4620",
			"product_name": "怡宝纯净水 4.5L\/瓶",
			"name": "怡宝纯净水 4.5L\/瓶",
			"origin_price": "9.80",
			"price": "9.80",
			"vip_price": "",
			"spec": "滴滴纯净 喝出生活的质量",
			"small_image": "http:\/\/ddimg.ddxq.mobi\/61e716cea52621523612653053.jpg!maicai.product.list",
			"category_id": "58fb4109936edf88198b595b",
			"sizes": [],
			"total_sales": 11082,
			"month_sales": 0,
			"buy_limit": 0,
			"mark_discount": 0,
			"mark_new": 0,
			"mark_self": 0,
			"status": 1,
			"category_path": "58f9e5c4936edfe4568b5793,58fb4109936edf88198b595b",
			"type": 0,
			"stockout_reserved": false,
			"is_promotion": 0,
			"sale_point_msg": [
				["", ""],
				["", ""]
			],
			"activity": [],
			"is_presale": 0,
			"presale_delivery_date_display": "",
			"is_gift": 0,
			"is_onion": 0,
			"is_invoice": 1,
			"sub_list": [],
			"badge_img": "",
			"is_vod": false,
			"oid": 4596,
			"stock_number": 7,
			"today_stockout": "",
			"is_booking": 0
		}, {
			"id": "58ba597d916edf2d4dc2976e",
			"product_name": "生菜 约300g",
			"name": "生菜 约300g",
			"origin_price": "2.99",
			"price": "2.90",
			"vip_price": "",
			"spec": "生吃涮炒 怎么吃都很清爽~",
			"small_image": "http:\/\/ddimg.ddxq.mobi\/d3421059fd5ef1541779787379.jpg!maicai.product.list",
			"category_id": "58fbf49b936edfe6568b5ac5",
			"sizes": [],
			"total_sales": 11186,
			"month_sales": 0,
			"buy_limit": 0,
			"mark_discount": 0,
			"mark_new": 0,
			"mark_self": 0,
			"status": 1,
			"category_path": "58f9d213936edfe4568b569a,58fbf49b936edfe6568b5ac5",
			"type": 0,
			"stockout_reserved": false,
			"is_promotion": 0,
			"sale_point_msg": [
				["", ""],
				["", ""]
			],
			"activity": [{
				"type": 6,
				"type_name": "特价",
				"tag": "鲜抢价"
			}],
			"is_presale": 0,
			"presale_delivery_date_display": "",
			"is_gift": 0,
			"is_onion": 0,
			"is_invoice": 1,
			"sub_list": [],
			"badge_img": "",
			"is_vod": false,
			"oid": 152,
			"stock_number": 62,
			"today_stockout": "",
			"is_booking": 0
		}, {
			"id": "5cc53da97cdbf00b50691351",
			"product_name": "苏食农场猪带皮五花肉 300g",
			"name": "苏食农场猪带皮五花肉 300g",
			"origin_price": "30.80",
			"price": "30.80",
			"vip_price": "",
			"spec": "百叶结烧五花肉 经典搭配百吃不厌",
			"small_image": "http:\/\/img.ddimg.mobi\/product\/e4582d9980d2f1564294568927.jpg!deliver.product.list",
			"category_id": "58fa1cc1936edfe6568b58c2",
			"sizes": [],
			"total_sales": 10941,
			"month_sales": 0,
			"buy_limit": 0,
			"mark_discount": 0,
			"mark_new": 0,
			"mark_self": 0,
			"status": 1,
			"category_path": "58f9e514936edfe3568b572e,58fa1cc1936edfe6568b58c2",
			"type": 0,
			"stockout_reserved": false,
			"is_promotion": 0,
			"sale_point_msg": [],
			"activity": [],
			"is_presale": 0,
			"presale_delivery_date_display": "",
			"is_gift": 0,
			"is_onion": 0,
			"is_invoice": 1,
			"sub_list": [],
			"badge_img": "",
			"is_vod": false,
			"oid": 10413,
			"stock_number": 5,
			"today_stockout": "",
			"is_booking": 0
		}],
		"is_more": true
	},
	"server_time": 1570586607
}