{
  "success": true,
  "code": 0,
  "msg": "success",
  "data": {
    "small_recommend": {},
    "big_recommend": {
      "name": "客官，今天想吃点什么？",
      "show_type": 1,
      "_id": "5d9542094ed5bd1c6b8c4e33",
      "is_more": true,
      "list": [{
        "id": "5d8b15694ed5bdc73f8ce3c6",
        "name": "松鼠桂鱼|挑战自己",
        "image": "https:\/\/img.ddimg.mobi\/recipe\/e4ac24825c1151569395541515.jpg?width=1600&height=1070",
        "width": "1600",
        "height": "1070",
        "food_desc": "桂鱼 、番茄酱 、料酒 、香醋 、白砂糖 、淀粉 、白芝麻 、生姜 ",
        "time_consuming": "",
        "author_name": "叮咚买菜",
        "author_id": "5c88bf5901b311f845c0edc2",
        "is_shelf": 1,
        "is_vod": false,
        "author_avatar": "http:\/\/img.ddimg.mobi\/recipe\/90c6caa84d9251561628540222.png",
        "is_system_recommend": 0
      }, {
        "id": "5c6a36ae716de190098b46b8",
        "name": "十个步骤教你吃螃蟹",
        "image": "http:\/\/img.ddimg.mobi\/recipe\/0d788bb4244681550475160522.jpg?width=700&height=523",
        "width": "700",
        "height": "523",
        "food_desc": "大闸蟹 ",
        "time_consuming": "",
        "author_name": "肖艾米",
        "author_id": "5c63795f7dcc101843a768a8",
        "is_shelf": 1,
        "is_vod": false,
        "author_avatar": "http:\/\/img.ddimg.mobi\/recipe\/1902cbe97c6711550022999492.jpg",
        "is_system_recommend": 0
      }, {
        "id": "5c807c2812a721f87c8b46ba",
        "name": "葱油鲈鱼",
        "image": "http:\/\/img.ddimg.mobi\/recipe\/8f904e6310e8f1551947565427.jpg?width=1248&height=936",
        "width": "1248",
        "height": "936",
        "food_desc": "鲜酱油 、鲈鱼 、香葱 、生姜 、料酒 ",
        "time_consuming": "30分钟",
        "author_name": "卡米拉",
        "author_id": "5c6cf8babf3f91c259aac44f",
        "is_shelf": 1,
        "is_vod": false,
        "author_avatar": "http:\/\/img.ddimg.mobi\/recipe\/ec44af48c47f51550645288982.jpg",
        "is_system_recommend": 0
      }, {
        "id": "5b2378b73f6f40a07300434c",
        "name": "红烧冬瓜",
        "image": "http:\/\/ddimg.ddxq.mobi\/3969b80b4145c8bfaa28853134b93a87.jpg?width=600&height=456",
        "width": "600",
        "height": "456",
        "food_desc": "冬瓜 、香葱 、生抽 、老抽 、白砂糖 ",
        "time_consuming": "",
        "author_name": "下山虎虎",
        "author_id": "5b20c77d846c2e30288c2892",
        "is_shelf": 1,
        "is_vod": false,
        "author_avatar": "https:\/\/img.ddimg.mobi\/recipe\/4f29af68700381528874870762.jpg",
        "is_system_recommend": 1
      }, {
        "id": "5b2378d63f6f40a0730044bb",
        "name": "肉丝炒素鸡",
        "image": "http:\/\/ddimg.ddxq.mobi\/e09a7e74816a57e2c0b264b522455376.jpg?width=450&height=312",
        "width": "450",
        "height": "312",
        "food_desc": "猪肉丝 、素鸡 、生姜 、蒜头 、青椒 、大红椒 、玉米淀粉 、生抽 、料酒 ",
        "time_consuming": "15分钟",
        "author_name": "圆猪猪",
        "author_id": "5b20d866c5702e2d0c8bc339",
        "is_shelf": 1,
        "is_vod": false,
        "author_avatar": "https:\/\/img.ddimg.mobi\/recipe\/5c9f6fcd799ed1528879181375.jpg",
        "is_system_recommend": 1
      }, {
        "id": "5c3ff670d033a1033d8b4ad0",
        "name": "胡萝卜烧牛腩",
        "image": "http:\/\/img.ddimg.mobi\/recipe\/836e791f9bf1547868145897.jpg?width=600&height=450",
        "width": "600",
        "height": "450",
        "food_desc": "牛腩 、胡萝卜 、青椒 、生姜 、蒜头 、桂皮 、生抽 、老抽 、料酒 ",
        "time_consuming": "45分钟以上",
        "author_name": "菊娜JUJU",
        "author_id": "5c18a97201b311d369aad955",
        "is_shelf": 1,
        "is_vod": false,
        "author_avatar": "http:\/\/img.ddimg.mobi\/recipe\/029838c089c61545120045386.jpg",
        "is_system_recommend": 1
      }, {
        "id": "5b6be869c0a1ea713a8b6271",
        "name": "快手蚝汁鲍鱼",
        "image": "http:\/\/ddimg.ddxq.mobi\/8b25b7d20fd0555aca7a57e27c7ae043.jpg?width=640&height=640",
        "width": "640",
        "height": "640",
        "food_desc": "鲍鱼 、蚝油 、白砂糖 、蒜头 ",
        "time_consuming": "20分钟",
        "author_name": "堂妈小厨",
        "author_id": "5b582578c5702e59028bb648",
        "is_shelf": 1,
        "is_vod": false,
        "author_avatar": "https:\/\/img.ddimg.mobi\/recipe\/72f31dcefb3361533292137669.jpg",
        "is_system_recommend": 1
      }, {
        "id": "5b58577001a6eabb7a8b5002",
        "name": "快手白灼金针菇",
        "image": "http:\/\/ddimg.ddxq.mobi\/302ca9d562262cc8d80af6b4b5598fda.jpg?width=466&height=700",
        "width": "466",
        "height": "700",
        "food_desc": "金针菇 、香葱 、小米椒 、生抽 、白砂糖 ",
        "time_consuming": "15分钟",
        "author_name": "月亮晶晶",
        "author_id": "5b582570c5702e2e018bbf46",
        "is_shelf": 1,
        "is_vod": false,
        "author_avatar": "https:\/\/img.ddimg.mobi\/recipe\/4e33e00b3ed6e1532503295917.jpg",
        "is_system_recommend": 1
      }, {
        "id": "5b2378d03f6f40a073004474",
        "name": "美极盐酥虾",
        "image": "http:\/\/ddimg.ddxq.mobi\/b75251b8105561529629585310.jpg?width=450&height=337",
        "width": "450",
        "height": "337",
        "food_desc": "大虾 、蒜头 、生姜 、小米椒 、香葱 、鲜酱油 、料酒 、白砂糖 ",
        "time_consuming": "",
        "author_name": "圆猪猪",
        "author_id": "5b20d866c5702e2d0c8bc339",
        "is_shelf": 1,
        "is_vod": false,
        "author_avatar": "https:\/\/img.ddimg.mobi\/recipe\/5c9f6fcd799ed1528879181375.jpg",
        "is_system_recommend": 1
      }, {
        "id": "5c3ff665d033a1033d8b4ab9",
        "name": "小炒牛肉丝",
        "image": "http:\/\/img.ddimg.mobi\/recipe\/749b6aa73794c1551753585336.jpg?width=600&height=450",
        "width": "600",
        "height": "450",
        "food_desc": "牛肉丝 、胡萝卜 、青椒 、蒜头 、生姜 、生抽 、料酒 、白砂糖 、淀粉 ",
        "time_consuming": "30分钟",
        "author_name": "菊娜JUJU",
        "author_id": "5c18a97201b311d369aad955",
        "is_shelf": 1,
        "is_vod": false,
        "author_avatar": "http:\/\/img.ddimg.mobi\/recipe\/029838c089c61545120045386.jpg",
        "is_system_recommend": 1
      }]
    }
  },
  "server_time": 1570071566
}