{
	"success": true,
	"code": 0,
	"msg": "success",
	"data": {
		"big_recommend": {
			"name": "客官，今天想吃点什么？",
			"show_type": 1,
			"_id": "5d9542094ed5bd1c6b8c4e33",
			"is_more": true,
			"list": [{
				"id": "5cef79124df3e33b468c99c5",
				"name": "奥利奥芝士蛋糕|日日煮",
				"image": "https:\/\/img.ddimg.mobi\/recipe\/3087f17a4d0941559197954480.png?width=798&height=453",
				"width": "798",
				"height": "453",
				"food_desc": "奥利奥 110g、黄油 25g、奶油奶酪 100g、奶油 150g、吉利丁 7g、白砂糖 40g",
				"time_consuming": "",
				"author_name": "日日煮DayDayCook",
				"author_id": "5cef435a4df3e3f83f8ca32f",
				"is_shelf": 1,
				"is_vod": true,
				"author_avatar": "https:\/\/img.ddimg.mobi\/recipe\/b11d7d73f7e741559183960286.jpg",
				"is_system_recommend": 1
			}, {
				"id": "5b2378c83f6f40a073004420",
				"name": "焦溜豆腐",
				"image": "http:\/\/ddimg.ddxq.mobi\/1877d7852fd272352fbc8613c9e23cea.jpg?width=450&height=678",
				"width": "450",
				"height": "678",
				"food_desc": "嫩豆腐 、胡萝卜 、西兰花 、香菇 、生姜 、蒜头 、香葱 、陈醋 、白砂糖 、生抽 、鸡精 、玉米淀粉 ",
				"time_consuming": "20分钟",
				"author_name": "圆猪猪",
				"author_id": "5b20d866c5702e2d0c8bc339",
				"is_shelf": 1,
				"is_vod": false,
				"author_avatar": "https:\/\/img.ddimg.mobi\/recipe\/5c9f6fcd799ed1528879181375.jpg",
				"is_system_recommend": 1
			}, {
				"id": "5b2378c33f6f40a0730043e5",
				"name": "家常红烧带鱼",
				"image": "http:\/\/ddimg.ddxq.mobi\/fb846b01535f91529633888671.jpg?width=450&height=337",
				"width": "450",
				"height": "337",
				"food_desc": "带鱼 、生姜 、蒜头 、香葱 、生抽 、白砂糖 、老抽 、淀粉 、陈醋 ",
				"time_consuming": "",
				"author_name": "圆猪猪",
				"author_id": "5b20d866c5702e2d0c8bc339",
				"is_shelf": 1,
				"is_vod": false,
				"author_avatar": "https:\/\/img.ddimg.mobi\/recipe\/5c9f6fcd799ed1528879181375.jpg",
				"is_system_recommend": 1
			}, {
				"id": "5c3d48f0d033a1582f8b481b",
				"name": "姜葱面包蟹",
				"image": "http:\/\/img.ddimg.mobi\/recipe\/b9d393a9c1f61547811077720.jpg?width=662&height=440",
				"width": "662",
				"height": "440",
				"food_desc": "面包蟹 、生姜 、香葱 、黄酒 ",
				"time_consuming": "20分钟",
				"author_name": "菊娜JUJU",
				"author_id": "5c18a97201b311d369aad955",
				"is_shelf": 1,
				"is_vod": false,
				"author_avatar": "http:\/\/img.ddimg.mobi\/recipe\/029838c089c61545120045386.jpg",
				"is_system_recommend": 1
			}, {
				"id": "5c416ab7d033a1033d8b4d71",
				"name": "蚝汁蒜蓉鲍鱼",
				"image": "http:\/\/img.ddimg.mobi\/recipe\/c91e8326512471548074136244.jpg?width=600&height=585",
				"width": "600",
				"height": "585",
				"food_desc": "鲍鱼 、香葱 、蒜头 、蚝油 、淀粉 ",
				"time_consuming": "20分钟",
				"author_name": "菊娜JUJU",
				"author_id": "5c18a97201b311d369aad955",
				"is_shelf": 1,
				"is_vod": false,
				"author_avatar": "http:\/\/img.ddimg.mobi\/recipe\/029838c089c61545120045386.jpg",
				"is_system_recommend": 1
			}, {
				"id": "5b690ddec0a1ea713a8b51a8",
				"name": "葱油拌面|堂妈小厨",
				"image": "http:\/\/ddimg.ddxq.mobi\/c7421451042c44de470e37b02c9c40f1.jpg?width=660&height=495",
				"width": "660",
				"height": "495",
				"food_desc": "面条 、香葱 、生抽 、老抽 、绵白糖 ",
				"time_consuming": "15分钟",
				"author_name": "堂妈小厨",
				"author_id": "5b582578c5702e59028bb648",
				"is_shelf": 1,
				"is_vod": false,
				"author_avatar": "https:\/\/img.ddimg.mobi\/recipe\/72f31dcefb3361533292137669.jpg",
				"is_system_recommend": 1
			}, {
				"id": "5c32cfdf716de152768b50de",
				"name": "干锅千页豆腐|漪弈-木一",
				"image": "http:\/\/img.ddimg.mobi\/recipe\/ecc075e58abe41546836697762.jpg?width=660&height=440",
				"width": "660",
				"height": "440",
				"food_desc": "千页豆腐 、青椒 、洋葱 、猪五花肉 、郫县豆瓣酱 、豆豉酱 、生抽 、白砂糖 ",
				"time_consuming": "20分钟",
				"author_name": "漪弈-木一",
				"author_id": "5c235d407dcc102a6b9bdf9e",
				"is_shelf": 1,
				"is_vod": false,
				"author_avatar": "http:\/\/img.ddimg.mobi\/recipe\/972f754dcb2311545821497725.jpg",
				"is_system_recommend": 1
			}, {
				"id": "5b23789e3f6f40a07300421f",
				"name": "蘑菇番茄汤",
				"image": "http:\/\/img.ddimg.mobi\/recipe\/4ac878375b79a1545207294593.jpg?width=642&height=494",
				"width": "642",
				"height": "494",
				"food_desc": "蘑菇 、番茄 、淀粉 、鸡精 、香葱 ",
				"time_consuming": "15分钟",
				"author_name": "红妆微醉",
				"author_id": "5b20c6c6846c2e2b308c11c2",
				"is_shelf": 1,
				"is_vod": false,
				"author_avatar": "https:\/\/img.ddimg.mobi\/recipe\/67e13b4966ff31528874664653.jpg",
				"is_system_recommend": 1
			}, {
				"id": "5b23789d3f6f40a07300420f",
				"name": "红烧鸭块",
				"image": "http:\/\/ddimg.ddxq.mobi\/ed981b3d501271529899124892.jpg?width=600&height=450",
				"width": "600",
				"height": "450",
				"food_desc": "鸭子 、八角 、花椒粒 、桂皮 、料酒 、老抽 、香葱 、生姜 ",
				"time_consuming": "",
				"author_name": "玉池桃红",
				"author_id": "5b20c597846c2e993b8c0933",
				"is_shelf": 1,
				"is_vod": false,
				"author_avatar": "https:\/\/img.ddimg.mobi\/recipe\/4b6c4ff3761bf1528874302007.jpg",
				"is_system_recommend": 1
			}, {
				"id": "5d4d491f4df3e301538bdfb0",
				"name": "经典酸汤肥牛|家乐",
				"image": "http:\/\/img.ddimg.mobi\/recipe\/f259bdf94cd81565345742540.jpg?width=1200&height=800",
				"width": "1200",
				"height": "800",
				"food_desc": "酸汤肥牛调料 、肥牛 、金针菇 、绿豆芽 、线椒 、蒜头 、小米椒 ",
				"time_consuming": "15分钟",
				"author_name": "家楽",
				"author_id": "5d4b9df34fb797fd278cbfce",
				"is_shelf": 1,
				"is_vod": true,
				"author_avatar": "http:\/\/img.ddimg.mobi\/recipe\/90dd8036b83d71565236657457.jpg",
				"is_system_recommend": 1
			}]
		}
	},
	"server_time": 1570115098
}