{
	"success": true,
	"code": 0,
	"msg": "success",
	"data": {
		"big_recommend": {
			"name": "客官，今天想吃点什么？",
			"show_type": 1,
			"_id": "5d9542094ed5bd1c6b8c4e33",
			"is_more": true,
			"list": [{
				"id": "5b23789c3f6f40a0730041f9",
				"name": "茶树菇栗子鸡",
				"image": "http:\/\/ddimg.ddxq.mobi\/dbd8fbec6d8051529904175243.jpg?width=869&height=652",
				"width": "869",
				"height": "652",
				"food_desc": "茶树菇 、板栗 、整鸡 、生姜 、香葱 、八角 、花椒粒 、生抽 、老抽 、料酒 、白砂糖 ",
				"time_consuming": "",
				"author_name": "玉池桃红",
				"author_id": "5b20c597846c2e993b8c0933",
				"is_shelf": 1,
				"is_vod": false,
				"author_avatar": "https:\/\/img.ddimg.mobi\/recipe\/4b6c4ff3761bf1528874302007.jpg",
				"is_system_recommend": 1
			}, {
				"id": "5b2378993f6f40a0730041ca",
				"name": "美味清蒸鲈鱼",
				"image": "http:\/\/ddimg.ddxq.mobi\/fd4d9e7fad60f1529905091921.jpg?width=586&height=440",
				"width": "586",
				"height": "440",
				"food_desc": "鲈鱼 、大红椒 、香葱 、生姜 、料酒 、蒸鱼豉油 ",
				"time_consuming": "",
				"author_name": "玉池桃红",
				"author_id": "5b20c597846c2e993b8c0933",
				"is_shelf": 1,
				"is_vod": false,
				"author_avatar": "https:\/\/img.ddimg.mobi\/recipe\/4b6c4ff3761bf1528874302007.jpg",
				"is_system_recommend": 1
			}, {
				"id": "5b2378bc3f6f40a073004391",
				"name": "重庆辣子鸡",
				"image": "http:\/\/ddimg.ddxq.mobi\/52a4badaa333c5c3e7765171764cc993.jpg?width=450&height=678",
				"width": "450",
				"height": "678",
				"food_desc": "童子鸡 、生姜 、干辣椒 、蒜头 、香葱 、白芝麻 、生抽 、料酒 、白砂糖 、香醋 、鸡精 、芝麻油 ",
				"time_consuming": "10分钟",
				"author_name": "圆猪猪",
				"author_id": "5b20d866c5702e2d0c8bc339",
				"is_shelf": 1,
				"is_vod": false,
				"author_avatar": "https:\/\/img.ddimg.mobi\/recipe\/5c9f6fcd799ed1528879181375.jpg",
				"is_system_recommend": 1
			}, {
				"id": "5cf1014d4df3e3d4638d4c8a",
				"name": "土豆章鱼烧|日日煮",
				"image": "https:\/\/img.ddimg.mobi\/recipe\/8faa927cf159e1559298376859.png?width=775&height=433",
				"width": "775",
				"height": "433",
				"food_desc": "土豆 150g、木鱼花 4g、淀粉 适量、蛋黄酱 4g、海苔 2g、金枪鱼罐头 20g、照烧汁 适量、榨菜 适量",
				"time_consuming": "",
				"author_name": "日日煮DayDayCook",
				"author_id": "5cef435a4df3e3f83f8ca32f",
				"is_shelf": 1,
				"is_vod": true,
				"author_avatar": "https:\/\/img.ddimg.mobi\/recipe\/b11d7d73f7e741559183960286.jpg",
				"is_system_recommend": 1
			}, {
				"id": "5bbf231cd033a1af678b4b81",
				"name": "粤式肠粉",
				"image": "http:\/\/ddimg.ddxq.mobi\/a542d4053163cee05e1f208727c87fb9.jpg?width=660&height=528",
				"width": "660",
				"height": "528",
				"food_desc": "猪肉糜 、虾仁 、白芝麻 、香菜 、香葱 、生抽 、鱼露 、大米 、中筋粉 、XO酱 ",
				"time_consuming": "",
				"author_name": "肖先生的餐桌",
				"author_id": "5bbf2268dc92d0256793034b",
				"is_shelf": 1,
				"is_vod": true,
				"author_avatar": "https:\/\/img.ddimg.mobi\/recipe\/0e433b02e6dcb1539252833208.jpg",
				"is_system_recommend": 1
			}, {
				"id": "5b2378bd3f6f40a0730043ae",
				"name": "家常豆角烧茄子",
				"image": "http:\/\/ddimg.ddxq.mobi\/5aef2a398f89a1529635452340.jpg?width=660&height=495",
				"width": "660",
				"height": "495",
				"food_desc": "豇豆 、茄子 、大红椒 、蒜头 、生抽 、蚝油 、白砂糖 、鸡精 、玉米淀粉 ",
				"time_consuming": "",
				"author_name": "圆猪猪",
				"author_id": "5b20d866c5702e2d0c8bc339",
				"is_shelf": 1,
				"is_vod": false,
				"author_avatar": "https:\/\/img.ddimg.mobi\/recipe\/5c9f6fcd799ed1528879181375.jpg",
				"is_system_recommend": 1
			}, {
				"id": "5d78d38c4ed5bdef0c8c1452",
				"name": "毛豆肉末香干",
				"image": "https:\/\/img.ddimg.mobi\/recipe\/2809a459ee9f51568199514803.png?width=793&height=449",
				"width": "793",
				"height": "449",
				"food_desc": "毛豆 、猪肉糜 、五香干 、小米椒 ",
				"time_consuming": "",
				"author_name": "叮咚买菜",
				"author_id": "5c88bf5901b311f845c0edc2",
				"is_shelf": 1,
				"is_vod": true,
				"author_avatar": "http:\/\/img.ddimg.mobi\/recipe\/90c6caa84d9251561628540222.png",
				"is_system_recommend": 1
			}, {
				"id": "5b582e5101a6eabb7a8b4aa9",
				"name": "红烧豆腐鸡丁",
				"image": "http:\/\/ddimg.ddxq.mobi\/dbecac6fe61b4a5dcc809345e137e9ab.jpg?width=458&height=690",
				"width": "458",
				"height": "690",
				"food_desc": "老豆腐 、鸡胸肉 、荷兰豆 、泡椒 、蒜头 ",
				"time_consuming": "15分钟",
				"author_name": "月亮晶晶",
				"author_id": "5b582570c5702e2e018bbf46",
				"is_shelf": 1,
				"is_vod": false,
				"author_avatar": "https:\/\/img.ddimg.mobi\/recipe\/4e33e00b3ed6e1532503295917.jpg",
				"is_system_recommend": 1
			}, {
				"id": "5b58573e01a6eabb7a8b4f64",
				"name": "芦笋虾仁",
				"image": "http:\/\/img.ddimg.mobi\/recipe\/81fb5373d5fe1550651303819.jpg?width=465&height=700",
				"width": "465",
				"height": "700",
				"food_desc": "虾仁 、芦笋 、料酒 、淀粉 、香葱 、生姜 ",
				"time_consuming": "",
				"author_name": "月亮晶晶",
				"author_id": "5b582570c5702e2e018bbf46",
				"is_shelf": 1,
				"is_vod": false,
				"author_avatar": "https:\/\/img.ddimg.mobi\/recipe\/4e33e00b3ed6e1532503295917.jpg",
				"is_system_recommend": 1
			}, {
				"id": "5b2378ac3f6f40a0730042da",
				"name": "蒜蓉蚝油芦笋",
				"image": "http:\/\/ddimg.ddxq.mobi\/c306659da72f851aad904a838a82d16b.jpg?width=600&height=410",
				"width": "600",
				"height": "410",
				"food_desc": "芦笋 、蚝油 、蒜头 、香葱 ",
				"time_consuming": "",
				"author_name": "下山虎虎",
				"author_id": "5b20c77d846c2e30288c2892",
				"is_shelf": 1,
				"is_vod": false,
				"author_avatar": "https:\/\/img.ddimg.mobi\/recipe\/4f29af68700381528874870762.jpg",
				"is_system_recommend": 1
			}]
		}
	},
	"server_time": 1570115122
}