{
	"success": true,
	"code": 0,
	"msg": "success",
	"data": {
		"big_recommend": {
			"name": "客官，今天想吃点什么？",
			"show_type": 1,
			"_id": "5d9542094ed5bd1c6b8c4e33",
			"is_more": true,
			"list": [{
				"id": "5b31fc27c5702eda258d6252",
				"name": "《向往的生活》油焖笋",
				"image": "http:\/\/ddimg.ddxq.mobi\/949e2c734f6ee1530002338112.jpg?width=628&height=471",
				"width": "628",
				"height": "471",
				"food_desc": "竹笋 、蒜头 、香葱 、生抽 、老抽 、白砂糖 ",
				"time_consuming": "20分钟",
				"author_name": "",
				"author_id": "",
				"is_shelf": 1,
				"is_vod": false,
				"author_avatar": "",
				"is_system_recommend": 1
			}, {
				"id": "5d13af2226c3d112688b52e9",
				"name": "清蒸珍珠斑",
				"image": "https:\/\/img.ddimg.mobi\/recipe\/491f98c07d1ed1561603953217.jpg?width=1000&height=667",
				"width": "1000",
				"height": "667",
				"food_desc": "石斑鱼 、香菜 、蒸鱼豉油 、香葱 、生姜 ",
				"time_consuming": "10分钟",
				"author_name": "莉莉菲",
				"author_id": "5cee3fae4ed5bde5778c4cce",
				"is_shelf": 1,
				"is_vod": false,
				"author_avatar": "https:\/\/img.ddimg.mobi\/recipe\/5c72fbc86c6961559117715174.jpg",
				"is_system_recommend": 1
			}, {
				"id": "5bc5ba72716de1bb4f8b4686",
				"name": "荷兰豆炒时蔬菜",
				"image": "http:\/\/ddimg.ddxq.mobi\/6cca0cbcb9fc99c2b064c1d34cbd442f.jpg?width=660&height=440",
				"width": "660",
				"height": "440",
				"food_desc": "荷兰豆 、香菇 、黑木耳 、山药 、胡萝卜 ",
				"time_consuming": "",
				"author_name": "黄豆豆的一家",
				"author_id": "5bc5b9fcdc92d01b17961b87",
				"is_shelf": 1,
				"is_vod": false,
				"author_avatar": "https:\/\/img.ddimg.mobi\/recipe\/6278e37a019271539684828956.jpg",
				"is_system_recommend": 1
			}, {
				"id": "5d78c63b25e1f7fd1a8b460f",
				"name": "蜜汁烤翅",
				"image": "https:\/\/img.ddimg.mobi\/recipe\/6ae0017eadc6f1568771178116.jpg?width=1000&height=663",
				"width": "1000",
				"height": "663",
				"food_desc": "鸡中翅 、蚝油 、蜂蜜 、老抽 、料酒 、香葱 、生姜 ",
				"time_consuming": "45分钟以上",
				"author_name": "小美的美食",
				"author_id": "5d50e1c74fb79759158da46a",
				"is_shelf": 1,
				"is_vod": false,
				"author_avatar": "http:\/\/img.ddimg.mobi\/recipe\/bedce03fb7e11565581743424.jpg",
				"is_system_recommend": 1
			}, {
				"id": "5b2378c43f6f40a0730043f9",
				"name": "百吃不厌的鱼香肉丝",
				"image": "http:\/\/ddimg.ddxq.mobi\/2cd527b0a28911529632042334.jpg?width=450&height=337",
				"width": "450",
				"height": "337",
				"food_desc": "猪肉丝 、冬笋 、黑木耳 、泡椒 、生姜 、蒜头 、香葱 、料酒 、玉米淀粉 、生抽 、白砂糖 、陈醋 、鸡精 、郫县豆瓣酱 、浓汤宝 ",
				"time_consuming": "10分钟",
				"author_name": "圆猪猪",
				"author_id": "5b20d866c5702e2d0c8bc339",
				"is_shelf": 1,
				"is_vod": false,
				"author_avatar": "https:\/\/img.ddimg.mobi\/recipe\/5c9f6fcd799ed1528879181375.jpg",
				"is_system_recommend": 1
			}, {
				"id": "5b690e58c0a1ea713a8b5328",
				"name": "咖喱鸡肉饭",
				"image": "http:\/\/ddimg.ddxq.mobi\/cef35d56b5bdd999941013fb94678055.jpg?width=660&height=495",
				"width": "660",
				"height": "495",
				"food_desc": "鸡腿 、胡萝卜 、土豆 、洋葱片 、豌豆 、咖喱 、香葱 、生姜 、料酒 ",
				"time_consuming": "20分钟",
				"author_name": "堂妈小厨",
				"author_id": "5b582578c5702e59028bb648",
				"is_shelf": 1,
				"is_vod": false,
				"author_avatar": "https:\/\/img.ddimg.mobi\/recipe\/72f31dcefb3361533292137669.jpg",
				"is_system_recommend": 1
			}, {
				"id": "5cd3a7df716de195608b54ed",
				"name": "孔雀开屏鲈鱼|尖尖实验室",
				"image": "https:\/\/img.ddimg.mobi\/recipe\/5788b0c599a041557379734153.jpg?width=1776&height=1184",
				"width": "1776",
				"height": "1184",
				"food_desc": "鲈鱼 、生姜 、小米椒 、大葱 、香葱 、蒸鱼豉油 ",
				"time_consuming": "20分钟",
				"author_name": "尖尖实验室",
				"author_id": "5c5006357dcc10fb61967529",
				"is_shelf": 1,
				"is_vod": false,
				"author_avatar": "http:\/\/img.ddimg.mobi\/recipe\/f60ad1fdb52871548748157370.jpg",
				"is_system_recommend": 1
			}, {
				"id": "5b582edc01a6eabb7a8b4c27",
				"name": "银鱼虾皮水蒸蛋",
				"image": "http:\/\/ddimg.ddxq.mobi\/53cf18fb14ae1a1dadedccb09b26a71c.jpg?width=466&height=700",
				"width": "466",
				"height": "700",
				"food_desc": "鸡蛋 、虾皮 、银鱼 ",
				"time_consuming": "15分钟",
				"author_name": "月亮晶晶",
				"author_id": "5b582570c5702e2e018bbf46",
				"is_shelf": 1,
				"is_vod": false,
				"author_avatar": "https:\/\/img.ddimg.mobi\/recipe\/4e33e00b3ed6e1532503295917.jpg",
				"is_system_recommend": 1
			}, {
				"id": "5b582e1801a6eabb7a8b4a0a",
				"name": "酱爆花蛤",
				"image": "http:\/\/img.ddimg.mobi\/recipe\/62ab13a5dbea21550658731792.jpg?width=458&height=690",
				"width": "458",
				"height": "690",
				"food_desc": "花蛤 、蚝油 、海鲜酱 、料酒 ",
				"time_consuming": "15分钟",
				"author_name": "月亮晶晶",
				"author_id": "5b582570c5702e2e018bbf46",
				"is_shelf": 1,
				"is_vod": false,
				"author_avatar": "https:\/\/img.ddimg.mobi\/recipe\/4e33e00b3ed6e1532503295917.jpg",
				"is_system_recommend": 1
			}, {
				"id": "5c43055ad033a15a148b4584",
				"name": "双椒手撕包菜",
				"image": "http:\/\/img.ddimg.mobi\/recipe\/da396250464ea1548902324589.jpg?width=600&height=450",
				"width": "600",
				"height": "450",
				"food_desc": "包菜 、青尖椒 、红辣椒 、生抽 、蒜头 ",
				"time_consuming": "15分钟",
				"author_name": "菊娜JUJU",
				"author_id": "5c18a97201b311d369aad955",
				"is_shelf": 1,
				"is_vod": false,
				"author_avatar": "http:\/\/img.ddimg.mobi\/recipe\/029838c089c61545120045386.jpg",
				"is_system_recommend": 1
			}]
		}
	},
	"server_time": 1570115144
}