{
	"success": true,
	"code": 0,
	"msg": "success",
	"data": {
		"big_recommend": {
			"name": "客官，今天想吃点什么？",
			"show_type": 1,
			"_id": "5d9542094ed5bd1c6b8c4e33",
			"is_more": true,
			"list": [{
				"id": "5ca1c554716de1a45c8b6231",
				"name": "腊肠炒荷兰豆|meggy跳舞的苹果",
				"image": "http:\/\/img.ddimg.mobi\/recipe\/eda0f19b5c8c91554171762684.jpg?width=1024&height=683",
				"width": "1024",
				"height": "683",
				"food_desc": "荷兰豆 、腊肠 、香葱 ",
				"time_consuming": "15分钟",
				"author_name": "meggy跳舞的苹果",
				"author_id": "5c8608ec7dcc10ff36bbe658",
				"is_shelf": 1,
				"is_vod": false,
				"author_avatar": "http:\/\/img.ddimg.mobi\/recipe\/e7b6dc20acf361552287976801.jpg",
				"is_system_recommend": 1
			}, {
				"id": "5b582de301a6eabb7a8b497a",
				"name": "葡萄干发糕",
				"image": "http:\/\/ddimg.ddxq.mobi\/0397aeeb60d944974ed9af80d813b955.jpg?width=426&height=640",
				"width": "426",
				"height": "640",
				"food_desc": "中筋粉 、葡萄干 、白砂糖 、泡打粉 、酵母 ",
				"time_consuming": "45分钟",
				"author_name": "月亮晶晶",
				"author_id": "5b582570c5702e2e018bbf46",
				"is_shelf": 1,
				"is_vod": false,
				"author_avatar": "https:\/\/img.ddimg.mobi\/recipe\/4e33e00b3ed6e1532503295917.jpg",
				"is_system_recommend": 1
			}, {
				"id": "5b23789a3f6f40a0730041de",
				"name": "青菜豆腐羹",
				"image": "http:\/\/ddimg.ddxq.mobi\/28a435479f91e1529904886074.jpg?width=583&height=437",
				"width": "583",
				"height": "437",
				"food_desc": "嫩豆腐 、青菜 、浓汤宝 、淀粉 、芝麻油 ",
				"time_consuming": "",
				"author_name": "玉池桃红",
				"author_id": "5b20c597846c2e993b8c0933",
				"is_shelf": 1,
				"is_vod": false,
				"author_avatar": "https:\/\/img.ddimg.mobi\/recipe\/4b6c4ff3761bf1528874302007.jpg",
				"is_system_recommend": 1
			}, {
				"id": "5b31fc5b01a6eaf7328b45cc",
				"name": "酥炸小黄花鱼",
				"image": "http:\/\/ddimg.ddxq.mobi\/378f51ca13b9f1530530302402.jpg?width=600&height=450",
				"width": "600",
				"height": "450",
				"food_desc": "小黄鱼 、中筋粉 、玉米淀粉 、泡打粉 、五香粉 、料酒 、生姜 、香葱 ",
				"time_consuming": "10分钟",
				"author_name": "玉池桃红",
				"author_id": "5b20c597846c2e993b8c0933",
				"is_shelf": 1,
				"is_vod": false,
				"author_avatar": "https:\/\/img.ddimg.mobi\/recipe\/4b6c4ff3761bf1528874302007.jpg",
				"is_system_recommend": 1
			}, {
				"id": "5c74cfe7d033a1aa258b4e8a",
				"name": "立秋·土豆炖牛腩",
				"image": "http:\/\/img.ddimg.mobi\/recipe\/4620abf3c6c241551166946956.jpg?width=5760&height=3840",
				"width": "5760",
				"height": "3840",
				"food_desc": "牛腩 、大土豆 、大葱 、生姜 、蒜头 、花椒粒 、生抽 、料酒 、冰糖 、陈皮 、桂皮 、干辣椒 、大料 ",
				"time_consuming": "45分钟以上",
				"author_name": "Cicileo",
				"author_id": "5b20c929846c2eba2b8c286a",
				"is_shelf": 1,
				"is_vod": true,
				"author_avatar": "https:\/\/img.ddimg.mobi\/recipe\/d5e22474f34a81528875176160.jpg",
				"is_system_recommend": 1
			}, {
				"id": "5b31fc5b01a6eaf7328b465d",
				"name": "香菇枸杞鸡汤",
				"image": "http:\/\/ddimg.ddxq.mobi\/d8194a58875d11530526780333.jpg?width=500&height=750",
				"width": "500",
				"height": "750",
				"food_desc": "整鸡 、香菇 、枸杞 、生姜 ",
				"time_consuming": "",
				"author_name": "玉池桃红",
				"author_id": "5b20c597846c2e993b8c0933",
				"is_shelf": 1,
				"is_vod": false,
				"author_avatar": "https:\/\/img.ddimg.mobi\/recipe\/4b6c4ff3761bf1528874302007.jpg",
				"is_system_recommend": 1
			}, {
				"id": "5b23789a3f6f40a0730041e9",
				"name": "猴头菇炖鸡汤",
				"image": "http:\/\/ddimg.ddxq.mobi\/123ea3b8739d9ee371bc49f9acb6ed5c.jpg?width=600&height=800",
				"width": "600",
				"height": "800",
				"food_desc": "猴头菇 、整鸡 、枸杞 、料酒 、香葱 、生姜 ",
				"time_consuming": "",
				"author_name": "玉池桃红",
				"author_id": "5b20c597846c2e993b8c0933",
				"is_shelf": 1,
				"is_vod": false,
				"author_avatar": "https:\/\/img.ddimg.mobi\/recipe\/4b6c4ff3761bf1528874302007.jpg",
				"is_system_recommend": 1
			}, {
				"id": "5b31fc5b01a6eaf7328b45bb",
				"name": "芹菜炒香干",
				"image": "http:\/\/ddimg.ddxq.mobi\/9e52c197f79f71530530511720.jpg?width=600&height=450",
				"width": "600",
				"height": "450",
				"food_desc": "芹菜 、五香干 、胡萝卜 、葱姜蒜 、白砂糖 ",
				"time_consuming": "",
				"author_name": "玉池桃红",
				"author_id": "5b20c597846c2e993b8c0933",
				"is_shelf": 1,
				"is_vod": false,
				"author_avatar": "https:\/\/img.ddimg.mobi\/recipe\/4b6c4ff3761bf1528874302007.jpg",
				"is_system_recommend": 1
			}, {
				"id": "5b028810c3c44229048c51b9",
				"name": "辣炒杭白菜",
				"image": "http:\/\/ddimg.ddxq.mobi\/26a4fe5c056241526892532314.jpg?width=548&height=411",
				"width": "548",
				"height": "411",
				"food_desc": "杭白菜 、干辣椒 ",
				"time_consuming": "",
				"author_name": "段静如",
				"author_id": "5c46ef6f3b59900e2ba3852f",
				"is_shelf": 1,
				"is_vod": false,
				"author_avatar": "http:\/\/img.ddimg.mobi\/recipe\/b12c3b47143e91548152643696.jpg",
				"is_system_recommend": 1
			}, {
				"id": "5d78d45c4df3e3943a8c0b52",
				"name": "番茄浓汤烩饭",
				"image": "https:\/\/img.ddimg.mobi\/recipe\/c8ee2c4f41bb41568199671481.png?width=793&height=446",
				"width": "793",
				"height": "446",
				"food_desc": "大米 、番茄 、蒜头 、鸡蛋 、白砂糖 、生抽 ",
				"time_consuming": "",
				"author_name": "叮咚买菜",
				"author_id": "5c88bf5901b311f845c0edc2",
				"is_shelf": 1,
				"is_vod": true,
				"author_avatar": "http:\/\/img.ddimg.mobi\/recipe\/90c6caa84d9251561628540222.png",
				"is_system_recommend": 1
			}]
		}
	},
	"server_time": 1570115170
}