{
  "success": true,
  "code": 0,
  "msg": "success",
  "data": {
    "big_recommend": {
      "name": "客官，今天想吃点什么？",
      "show_type": 1,
      "_id": "5d9542094ed5bd1c6b8c4e33",
      "is_more": true,
      "list": [{
        "id": "5d5bb98d4fb797be528bdd85",
        "name": "虾仁鸡头米",
        "image": "http:\/\/img.ddimg.mobi\/recipe\/b778a51fe298e1566350383046.jpg?width=1000&height=1000",
        "width": "1000",
        "height": "1000",
        "food_desc": "芡实 、虾仁 、美国杂菜 、料酒 、生抽 ",
        "time_consuming": "",
        "author_name": "叮咚买菜",
        "author_id": "5c88bf5901b311f845c0edc2",
        "is_shelf": 1,
        "is_vod": false,
        "author_avatar": "http:\/\/img.ddimg.mobi\/recipe\/90c6caa84d9251561628540222.png",
        "is_system_recommend": 1
      }, {
        "id": "5cff3fe825e1f7144b8b4ca5",
        "name": "酸辣汤面",
        "image": "http:\/\/img.ddimg.mobi\/3363033c2d0183726aba31dc01b95580.jpg?width=1920&height=1080",
        "width": "1920",
        "height": "1080",
        "food_desc": "面条 、芝麻油 、白胡椒 、香醋 、午餐肉 、香菇 、青菜 、小米椒 ",
        "time_consuming": "",
        "author_name": "我想为你下厨房",
        "author_id": "5cfe2e884fb7971a248bbbb6",
        "is_shelf": 1,
        "is_vod": true,
        "author_avatar": "https:\/\/img.ddimg.mobi\/recipe\/47b54877912b1560161910710.jpg",
        "is_system_recommend": 1
      }, {
        "id": "5b690e49c0a1ea713a8b52fd",
        "name": "豆腐冬瓜蛤蜊汤",
        "image": "http:\/\/ddimg.ddxq.mobi\/9b403c12318dbfc7fccd187c75477c9b.jpg?width=660&height=495",
        "width": "660",
        "height": "495",
        "food_desc": "蛤蜊 、冬瓜 、嫩豆腐 ",
        "time_consuming": "15分钟",
        "author_name": "堂妈小厨",
        "author_id": "5b582578c5702e59028bb648",
        "is_shelf": 1,
        "is_vod": false,
        "author_avatar": "https:\/\/img.ddimg.mobi\/recipe\/72f31dcefb3361533292137669.jpg",
        "is_system_recommend": 1
      }, {
        "id": "5c3d48b8d033a1582f8b47b6",
        "name": "清蒸黄花鱼",
        "image": "http:\/\/img.ddimg.mobi\/recipe\/2ab251ee5f2651547812086201.jpg?width=662&height=440",
        "width": "662",
        "height": "440",
        "food_desc": "大黄鱼 、生姜 、香葱 、蒸鱼豉油 ",
        "time_consuming": "15分钟",
        "author_name": "菊娜JUJU",
        "author_id": "5c18a97201b311d369aad955",
        "is_shelf": 1,
        "is_vod": false,
        "author_avatar": "http:\/\/img.ddimg.mobi\/recipe\/029838c089c61545120045386.jpg",
        "is_system_recommend": 1
      }, {
        "id": "5b23789a3f6f40a0730041e8",
        "name": "蒜蓉西兰花",
        "image": "http:\/\/ddimg.ddxq.mobi\/2484141e221d37a046620259b8ffc649.jpg?width=600&height=800",
        "width": "600",
        "height": "800",
        "food_desc": "西兰花 、蒜头 、胡萝卜 、淀粉 ",
        "time_consuming": "",
        "author_name": "玉池桃红",
        "author_id": "5b20c597846c2e993b8c0933",
        "is_shelf": 1,
        "is_vod": false,
        "author_avatar": "https:\/\/img.ddimg.mobi\/recipe\/4b6c4ff3761bf1528874302007.jpg",
        "is_system_recommend": 1
      }, {
        "id": "5b6a533cc0a1ea713a8b586b",
        "name": "番茄肥牛",
        "image": "http:\/\/ddimg.ddxq.mobi\/c6111bced9e953687a3f4c3eb12edf95.jpg?width=660&height=880",
        "width": "660",
        "height": "880",
        "food_desc": "肥牛 、番茄 、香葱 、生姜 、白砂糖 、番茄酱 ",
        "time_consuming": "",
        "author_name": "堂妈小厨",
        "author_id": "5b582578c5702e59028bb648",
        "is_shelf": 1,
        "is_vod": false,
        "author_avatar": "https:\/\/img.ddimg.mobi\/recipe\/72f31dcefb3361533292137669.jpg",
        "is_system_recommend": 1
      }, {
        "id": "5b23789a3f6f40a0730041e4",
        "name": "鸳鸯豆腐",
        "image": "http:\/\/ddimg.ddxq.mobi\/99e531170509d9322b46ddab0ae67130.jpg?width=552&height=800",
        "width": "552",
        "height": "800",
        "food_desc": "老豆腐 、鸭血 、郫县豆瓣酱 、生抽 、葱姜蒜 、青蒜 ",
        "time_consuming": "",
        "author_name": "玉池桃红",
        "author_id": "5b20c597846c2e993b8c0933",
        "is_shelf": 1,
        "is_vod": false,
        "author_avatar": "https:\/\/img.ddimg.mobi\/recipe\/4b6c4ff3761bf1528874302007.jpg",
        "is_system_recommend": 1
      }, {
        "id": "5c3eadabd033a1033d8b4600",
        "name": "清蒸鲳鱼",
        "image": "http:\/\/img.ddimg.mobi\/recipe\/00c36da07114b1547812051649.jpg?width=662&height=440",
        "width": "662",
        "height": "440",
        "food_desc": "鲳鱼 、香葱 、生姜 、蒸鱼豉油 ",
        "time_consuming": "20分钟",
        "author_name": "菊娜JUJU",
        "author_id": "5c18a97201b311d369aad955",
        "is_shelf": 1,
        "is_vod": false,
        "author_avatar": "http:\/\/img.ddimg.mobi\/recipe\/029838c089c61545120045386.jpg",
        "is_system_recommend": 1
      }, {
        "id": "5b31fc5b01a6eaf7328b460f",
        "name": "家常蚝油生菜",
        "image": "http:\/\/ddimg.ddxq.mobi\/eeb901c5b09611530528812272.jpg?width=893&height=670",
        "width": "893",
        "height": "670",
        "food_desc": "生菜 、蒜头 、蚝油 、白砂糖 、鲜酱油 、淀粉 ",
        "time_consuming": "15分钟",
        "author_name": "玉池桃红",
        "author_id": "5b20c597846c2e993b8c0933",
        "is_shelf": 1,
        "is_vod": false,
        "author_avatar": "https:\/\/img.ddimg.mobi\/recipe\/4b6c4ff3761bf1528874302007.jpg",
        "is_system_recommend": 1
      }, {
        "id": "5c21fa8f716de152768b4a6b",
        "name": "红油抄手",
        "image": "http:\/\/img.ddimg.mobi\/dffa9677bb9575c6e6bd83a7a1bdc44b.jpg?width=5168&height=3448",
        "width": "5168",
        "height": "3448",
        "food_desc": "猪腿肉 、馄饨皮 、鸡蛋 、生姜 、香葱 、生抽 、蚝油 、白砂糖 、黄酒 、芝麻油 、白胡椒 、香醋 、花生 、辣椒粉 、白芝麻 、花椒粒 ",
        "time_consuming": "",
        "author_name": "肖先生的餐桌",
        "author_id": "5bbf2268dc92d0256793034b",
        "is_shelf": 1,
        "is_vod": true,
        "author_avatar": "https:\/\/img.ddimg.mobi\/recipe\/0e433b02e6dcb1539252833208.jpg",
        "is_system_recommend": 1
      }]
    }
  },
  "server_time": 1570115299
}