{
	"success": true,
	"code": 0,
	"msg": "success",
	"data": {
		"big_recommend": {
			"name": "客官，今天想吃点什么？",
			"show_type": 1,
			"_id": "5d9542094ed5bd1c6b8c4e33",
			"is_more": true,
			"list": [{
				"id": "5b2378d03f6f40a073004477",
				"name": "番茄炖牛腩",
				"image": "http:\/\/ddimg.ddxq.mobi\/c11d3a06a86261529629509774.jpg?width=907&height=680",
				"width": "907",
				"height": "680",
				"food_desc": "牛腩 、番茄 、洋葱片 、胡萝卜 、西芹 、米酒 、番茄酱 、冰糖 、黑胡椒 ",
				"time_consuming": "",
				"author_name": "圆猪猪",
				"author_id": "5b20d866c5702e2d0c8bc339",
				"is_shelf": 1,
				"is_vod": false,
				"author_avatar": "https:\/\/img.ddimg.mobi\/recipe\/5c9f6fcd799ed1528879181375.jpg",
				"is_system_recommend": 1
			}, {
				"id": "5cd399f3716de195608b4647",
				"name": "鱼香杏鲍菇|尖尖实验室",
				"image": "https:\/\/img.ddimg.mobi\/recipe\/c65def3c79f9c1557738074877.jpg?width=1776&height=1184",
				"width": "1776",
				"height": "1184",
				"food_desc": "杏鲍菇 、虫草花 、黑木耳 、香葱 、蒜头 、生姜 、香醋 、生抽 、白醋 、郫县豆瓣酱 ",
				"time_consuming": "15分钟",
				"author_name": "尖尖实验室",
				"author_id": "5c5006357dcc10fb61967529",
				"is_shelf": 1,
				"is_vod": false,
				"author_avatar": "http:\/\/img.ddimg.mobi\/recipe\/f60ad1fdb52871548748157370.jpg",
				"is_system_recommend": 1
			}, {
				"id": "5b87a1f701a6eaf4018b4786",
				"name": "杭椒牛肉|家常",
				"image": "http:\/\/ddimg.ddxq.mobi\/9db312088c246d9e651e117a01cd7e04.jpg?width=660&height=441",
				"width": "660",
				"height": "441",
				"food_desc": "杭椒 、牛肉片 、生抽 、蚝油 、淀粉 、蒸鱼豉油 、啤酒 、葱姜蒜 、黑胡椒 ",
				"time_consuming": "30分钟",
				"author_name": "我脑公全世界最帅",
				"author_id": "5b87a0d5dc92d0ac458b8af9",
				"is_shelf": 1,
				"is_vod": false,
				"author_avatar": "https:\/\/img.ddimg.mobi\/recipe\/bdcc909a348a11535615051631.jpg",
				"is_system_recommend": 1
			}, {
				"id": "5b582cd001a6eabb7a8b4615",
				"name": "芦笋培根炒茶树菇",
				"image": "http:\/\/ddimg.ddxq.mobi\/73d6a97e5ea1f244b67a2ddde6b00f6c.jpg?width=426&height=640",
				"width": "426",
				"height": "640",
				"food_desc": "芦笋 、培根 、茶树菇 、蒜头 、黑胡椒 ",
				"time_consuming": "15分钟",
				"author_name": "月亮晶晶",
				"author_id": "5b582570c5702e2e018bbf46",
				"is_shelf": 1,
				"is_vod": false,
				"author_avatar": "https:\/\/img.ddimg.mobi\/recipe\/4e33e00b3ed6e1532503295917.jpg",
				"is_system_recommend": 1
			}, {
				"id": "5b47282fc0a1ea95158b4cf3",
				"name": "茭白炒三丝",
				"image": "http:\/\/ddimg.ddxq.mobi\/071d001bc4e74e80f6ce4675c95b861a.jpg?width=450&height=677",
				"width": "450",
				"height": "677",
				"food_desc": "茭白丝 、胡萝卜 、青椒 、香菇 、猪里脊 、料酒 、生抽 、白砂糖 、淀粉 、蚝油 ",
				"time_consuming": "15分钟",
				"author_name": "烟火间",
				"author_id": "5b47254306752e52378c8b01",
				"is_shelf": 1,
				"is_vod": false,
				"author_avatar": "https:\/\/img.ddimg.mobi\/recipe\/60125b4b42a681531389233500.png",
				"is_system_recommend": 1
			}, {
				"id": "5b31fc5b01a6eaf7328b46bc",
				"name": "孜然牛肉粒",
				"image": "http:\/\/ddimg.ddxq.mobi\/f7d200745d5541530524163211.jpg?width=593&height=444",
				"width": "593",
				"height": "444",
				"food_desc": "牛肉 、孜然 、青椒 、大红椒 、生姜 、香葱 、花椒粒 、料酒 、鲜酱油 、淀粉 、蚝油 ",
				"time_consuming": "15分钟",
				"author_name": "玉池桃红",
				"author_id": "5b20c597846c2e993b8c0933",
				"is_shelf": 1,
				"is_vod": false,
				"author_avatar": "https:\/\/img.ddimg.mobi\/recipe\/4b6c4ff3761bf1528874302007.jpg",
				"is_system_recommend": 1
			}, {
				"id": "5d0368b426c3d18e128b48b2",
				"name": "雪菜炒毛豆|美姐姐的小资生活",
				"image": "https:\/\/img.ddimg.mobi\/recipe\/ca756b534c9c21560836363012.jpg?width=709&height=512",
				"width": "709",
				"height": "512",
				"food_desc": "毛豆 、雪菜 、猪肉丝 、生抽 、胡椒粉 、淀粉 、生姜 、蒜头 、白砂糖 、干辣椒 ",
				"time_consuming": "10分钟",
				"author_name": "美姐姐的小资生活",
				"author_id": "5c6b71a33b599001788dc47a",
				"is_shelf": 1,
				"is_vod": false,
				"author_avatar": "http:\/\/img.ddimg.mobi\/recipe\/d570c494c421c1550545237691.jpg",
				"is_system_recommend": 1
			}, {
				"id": "5b2378b63f6f40a073004335",
				"name": "蚝油西兰花",
				"image": "http:\/\/ddimg.ddxq.mobi\/3730c6dc3e3f4c4452ac3785b85194db.jpg?width=600&height=448",
				"width": "600",
				"height": "448",
				"food_desc": "西兰花 、香葱 、蒜头 、蚝油 ",
				"time_consuming": "",
				"author_name": "下山虎虎",
				"author_id": "5b20c77d846c2e30288c2892",
				"is_shelf": 1,
				"is_vod": false,
				"author_avatar": "https:\/\/img.ddimg.mobi\/recipe\/4f29af68700381528874870762.jpg",
				"is_system_recommend": 1
			}, {
				"id": "5b5efde701a6eabb7a8b5240",
				"name": "超级下饭的芹菜素鸡末",
				"image": "http:\/\/ddimg.ddxq.mobi\/f327d20ee74cab7a8fda4279a425138e.jpg?width=660&height=660",
				"width": "660",
				"height": "660",
				"food_desc": "芹菜 、素鸡 、虾皮 、小米椒 、生姜 、白砂糖 ",
				"time_consuming": "15分钟",
				"author_name": "企鹅将军",
				"author_id": "5b58257845cd42c9568cfbce",
				"is_shelf": 1,
				"is_vod": false,
				"author_avatar": "https:\/\/img.ddimg.mobi\/recipe\/14328d1789a691532951506024.jpg",
				"is_system_recommend": 1
			}, {
				"id": "5cff3ff325e1f7144b8b4cb1",
				"name": "酸菜鱼|我想为你下厨房",
				"image": "http:\/\/img.ddimg.mobi\/94e709b27ed79b53171f797fe456e188.jpg?width=1920&height=1080",
				"width": "1920",
				"height": "1080",
				"food_desc": "黑鱼 、淀粉 、鸡蛋 、酸菜 、花椒粒 、小米椒 、生姜 ",
				"time_consuming": "",
				"author_name": "我想为你下厨房",
				"author_id": "5cfe2e884fb7971a248bbbb6",
				"is_shelf": 1,
				"is_vod": true,
				"author_avatar": "https:\/\/img.ddimg.mobi\/recipe\/47b54877912b1560161910710.jpg",
				"is_system_recommend": 1
			}]
		}
	},
	"server_time": 1570115325
}