{
	"success": true,
	"code": 0,
	"msg": "success",
	"data": {
		"big_recommend": {
			"name": "客官，今天想吃点什么？",
			"show_type": 1,
			"_id": "5d9542094ed5bd1c6b8c4e33",
			"is_more": true,
			"list": [{
				"id": "5b472677c0a1ea95158b47d6",
				"name": "香煎黑胡椒牛排",
				"image": "http:\/\/ddimg.ddxq.mobi\/73d6a4c9de30e902d1e57b00663077ed.jpg?width=660&height=604",
				"width": "660",
				"height": "604",
				"food_desc": "牛排 、黑胡椒 、黄油 、洋葱片 、奶油 、白兰地 ",
				"time_consuming": "20分钟",
				"author_name": "烟火间",
				"author_id": "5b47254306752e52378c8b01",
				"is_shelf": 1,
				"is_vod": false,
				"author_avatar": "https:\/\/img.ddimg.mobi\/recipe\/60125b4b42a681531389233500.png",
				"is_system_recommend": 1
			}, {
				"id": "5d6908924ed5bd34398dfce0",
				"name": "烧茄子",
				"image": "https:\/\/img.ddimg.mobi\/recipe\/04b7b71f6b5a61567165561008.jpg?width=2000&height=1333",
				"width": "2000",
				"height": "1333",
				"food_desc": "茄子 、淀粉 、蒸鱼豉油 、白砂糖 、老抽 、生姜 、蒜头 、白芝麻 ",
				"time_consuming": "20分钟",
				"author_name": "叮咚买菜",
				"author_id": "5c88bf5901b311f845c0edc2",
				"is_shelf": 1,
				"is_vod": false,
				"author_avatar": "http:\/\/img.ddimg.mobi\/recipe\/90c6caa84d9251561628540222.png",
				"is_system_recommend": 1
			}, {
				"id": "5bbf22f9d033a1af678b4b1c",
				"name": "西班牙土豆鸡蛋饼",
				"image": "http:\/\/ddimg.ddxq.mobi\/4ebb2e73234aab7d62b1edfe68d1fed7.jpg?width=660&height=426",
				"width": "660",
				"height": "426",
				"food_desc": "土豆 、鸡蛋 、彩椒 、培根 、马苏里拉芝士 、香葱 、黑胡椒 ",
				"time_consuming": "",
				"author_name": "肖先生的餐桌",
				"author_id": "5bbf2268dc92d0256793034b",
				"is_shelf": 1,
				"is_vod": true,
				"author_avatar": "https:\/\/img.ddimg.mobi\/recipe\/0e433b02e6dcb1539252833208.jpg",
				"is_system_recommend": 1
			}, {
				"id": "5c9b4b67716de1a45c8b59c4",
				"name": "酱牛肉|meggy跳舞的苹果",
				"image": "http:\/\/img.ddimg.mobi\/recipe\/ce9e9167c8e991553749744173.jpg?width=1020&height=680",
				"width": "1020",
				"height": "680",
				"food_desc": "牛腱 、桂皮 、八角 、生姜 、豆蔻 、鲜酱油 、大葱 、青蒜 、香醋 、生抽 、黄豆酱 ",
				"time_consuming": "45分钟以上",
				"author_name": "meggy跳舞的苹果",
				"author_id": "5c8608ec7dcc10ff36bbe658",
				"is_shelf": 1,
				"is_vod": false,
				"author_avatar": "http:\/\/img.ddimg.mobi\/recipe\/e7b6dc20acf361552287976801.jpg",
				"is_system_recommend": 1
			}, {
				"id": "5b691131c0a1ea713a8b54d2",
				"name": "自制麻辣香锅",
				"image": "http:\/\/ddimg.ddxq.mobi\/c6ede8343ab2f7a23d5db4e35a09d34e.jpg?width=660&height=495",
				"width": "660",
				"height": "495",
				"food_desc": "金针菇 、莲藕 、黑木耳 、蟹棒 、基围虾 、鱼丸 、午餐肉 、西兰花 、青椒 、莴笋 、荷兰豆 、香菜 、葱姜蒜 、干辣椒 、鹌鹑蛋 、郫县豆瓣酱 、麻辣火锅底料 、白砂糖 ",
				"time_consuming": "20分钟",
				"author_name": "堂妈小厨",
				"author_id": "5b582578c5702e59028bb648",
				"is_shelf": 1,
				"is_vod": false,
				"author_avatar": "https:\/\/img.ddimg.mobi\/recipe\/72f31dcefb3361533292137669.jpg",
				"is_system_recommend": 1
			}, {
				"id": "5cf10d604df3e3ab068d0ee0",
				"name": "客家辣味鸡|日日煮",
				"image": "https:\/\/img.ddimg.mobi\/recipe\/15b0da8d42a5e1559301207403.jpg?width=790&height=506",
				"width": "790",
				"height": "506",
				"food_desc": "鸡腿 、生姜 、蒜头 、洋葱 、生抽 、辣椒粉 、黑胡椒 、蜂蜜 、青尖椒 、小米椒 、米醋 、淀粉 、老抽 ",
				"time_consuming": "",
				"author_name": "日日煮DayDayCook",
				"author_id": "5cef435a4df3e3f83f8ca32f",
				"is_shelf": 1,
				"is_vod": true,
				"author_avatar": "https:\/\/img.ddimg.mobi\/recipe\/b11d7d73f7e741559183960286.jpg",
				"is_system_recommend": 1
			}, {
				"id": "5ae2f83c3f6f40e0a1004280",
				"name": "蚝汁鲍鱼",
				"image": "http:\/\/ddimg.ddxq.mobi\/31d2e779de8fc1526365139555.jpg?width=600&height=450",
				"width": "600",
				"height": "450",
				"food_desc": "鲍鱼 、蚝油 、白砂糖 、蒜头 ",
				"time_consuming": "20分钟",
				"author_name": "",
				"author_id": "",
				"is_shelf": 1,
				"is_vod": false,
				"author_avatar": "",
				"is_system_recommend": 1
			}, {
				"id": "5b618455c5702eca788d0b10",
				"name": "《向往的生活》佛跳墙黄渤版",
				"image": "http:\/\/ddimg.ddxq.mobi\/0132d67caadc41533117259837.jpeg?width=640&height=322",
				"width": "640",
				"height": "322",
				"food_desc": "鲍鱼 、整鸡 、生姜 、黑木耳 、杏鲍菇 、虾皮 、黄酒 ",
				"time_consuming": "",
				"author_name": "",
				"author_id": "",
				"is_shelf": 1,
				"is_vod": false,
				"author_avatar": "",
				"is_system_recommend": 1
			}, {
				"id": "5d80758826c3d1762e8b474a",
				"name": "凉拌海带丝|小美的美食",
				"image": "https:\/\/img.ddimg.mobi\/recipe\/0fd55e69a26fb1568776109278.jpg?width=1000&height=663",
				"width": "1000",
				"height": "663",
				"food_desc": "海带丝 、生姜 、蒜头 、陈醋 、生抽 、小米椒 ",
				"time_consuming": "15分钟",
				"author_name": "小美的美食",
				"author_id": "5d50e1c74fb79759158da46a",
				"is_shelf": 1,
				"is_vod": false,
				"author_avatar": "http:\/\/img.ddimg.mobi\/recipe\/bedce03fb7e11565581743424.jpg",
				"is_system_recommend": 1
			}, {
				"id": "5ae2f8e73f6f40e0a100466e",
				"name": "盐煎鸡翅",
				"image": "http:\/\/ddimg.ddxq.mobi\/d280bf8f2a756eb5fad4845830797a30.jpg?width=3566&height=2592",
				"width": "3566",
				"height": "2592",
				"food_desc": "鸡中翅 、胡椒粉 ",
				"time_consuming": "",
				"author_name": "蘑菇小面",
				"author_id": "5c3e9fc5bf3f91cd7b8cf7c6",
				"is_shelf": 1,
				"is_vod": false,
				"author_avatar": "http:\/\/img.ddimg.mobi\/recipe\/e2f7f8a259d691547608004184.jpg",
				"is_system_recommend": 1
			}]
		}
	},
	"server_time": 1570115369
}