{
	"success": true,
	"code": 0,
	"msg": "success",
	"data": {
		"big_recommend": {
			"name": "客官，今天想吃点什么？",
			"show_type": 1,
			"_id": "5d9542094ed5bd1c6b8c4e33",
			"is_more": true,
			"list": [{
				"id": "5b2378b23f6f40a073004321",
				"name": "土豆茄子炖豆角",
				"image": "http:\/\/ddimg.ddxq.mobi\/b7e39551ff85cb41d02eb1b379ce3628.jpg?width=600&height=402",
				"width": "600",
				"height": "402",
				"food_desc": "土豆 、茄子 、豇豆 、蒜头 、生抽 、蚝油 、鸡精 、干辣椒 ",
				"time_consuming": "",
				"author_name": "下山虎虎",
				"author_id": "5b20c77d846c2e30288c2892",
				"is_shelf": 1,
				"is_vod": false,
				"author_avatar": "https:\/\/img.ddimg.mobi\/recipe\/4f29af68700381528874870762.jpg",
				"is_system_recommend": 1
			}, {
				"id": "5ae2f8613f6f40e0a1004356",
				"name": "昂刺鱼豆腐汤",
				"image": "http:\/\/ddimg.ddxq.mobi\/cec1c6c0ae64ac995778e978fe8975ab.jpg?width=1242&height=828",
				"width": "1242",
				"height": "828",
				"food_desc": "昂刺鱼 、绢豆腐 、香葱 、生姜 、白胡椒 ",
				"time_consuming": "15分钟",
				"author_name": "Aryn_Vertalli ",
				"author_id": "5c3ef95abf3f91463c9adcea",
				"is_shelf": 1,
				"is_vod": false,
				"author_avatar": "http:\/\/img.ddimg.mobi\/recipe\/eb948f60283461547630800639.jpg",
				"is_system_recommend": 1
			}, {
				"id": "5b58573701a6eabb7a8b4f4b",
				"name": "金黄玉米烙",
				"image": "http:\/\/ddimg.ddxq.mobi\/18ca88ffae06b4f4206d3b999aebe6a7.jpg?width=426&height=640",
				"width": "426",
				"height": "640",
				"food_desc": "甜玉米 、淀粉 、白砂糖 ",
				"time_consuming": "15分钟",
				"author_name": "月亮晶晶",
				"author_id": "5b582570c5702e2e018bbf46",
				"is_shelf": 1,
				"is_vod": false,
				"author_avatar": "https:\/\/img.ddimg.mobi\/recipe\/4e33e00b3ed6e1532503295917.jpg",
				"is_system_recommend": 1
			}, {
				"id": "5b2378c13f6f40a0730043ca",
				"name": "特色蒜焖鸡",
				"image": "http:\/\/ddimg.ddxq.mobi\/202103d8b5d3affc31077373b8bdab51.jpg?width=450&height=678",
				"width": "450",
				"height": "678",
				"food_desc": "整鸡 、蒜头 、生姜 、青椒 、大红椒 、蚝油 、料酒 、海鲜酱 、白砂糖 ",
				"time_consuming": "",
				"author_name": "圆猪猪",
				"author_id": "5b20d866c5702e2d0c8bc339",
				"is_shelf": 1,
				"is_vod": false,
				"author_avatar": "https:\/\/img.ddimg.mobi\/recipe\/5c9f6fcd799ed1528879181375.jpg",
				"is_system_recommend": 1
			}, {
				"id": "5b2378c43f6f40a0730043f1",
				"name": "土豆焖鸡块",
				"image": "http:\/\/ddimg.ddxq.mobi\/58ce3db9ac5511529977499618.jpg?width=448&height=336",
				"width": "448",
				"height": "336",
				"food_desc": "鸡腿 、土豆 、青蒜 、生姜 、蒜头 、生抽 、蚝油 、白砂糖 ",
				"time_consuming": "",
				"author_name": "圆猪猪",
				"author_id": "5b20d866c5702e2d0c8bc339",
				"is_shelf": 1,
				"is_vod": false,
				"author_avatar": "https:\/\/img.ddimg.mobi\/recipe\/5c9f6fcd799ed1528879181375.jpg",
				"is_system_recommend": 1
			}, {
				"id": "5cff3f8425e1f7144b8b4c3c",
				"name": "烤猪排|我想为你下厨房",
				"image": "http:\/\/img.ddimg.mobi\/3f3a4d3fe6de96efb7a31800014732ae.jpg?width=1920&height=1080",
				"width": "1920",
				"height": "1080",
				"food_desc": "猪大排 、黑胡椒 、料酒 、淀粉 、鸡蛋 、面包糠 ",
				"time_consuming": "",
				"author_name": "我想为你下厨房",
				"author_id": "5cfe2e884fb7971a248bbbb6",
				"is_shelf": 1,
				"is_vod": true,
				"author_avatar": "https:\/\/img.ddimg.mobi\/recipe\/47b54877912b1560161910710.jpg",
				"is_system_recommend": 1
			}, {
				"id": "5c429b0fd033a1033d8b4f4b",
				"name": "醋溜白菜|菊娜JUJU",
				"image": "http:\/\/img.ddimg.mobi\/recipe\/e1c57426adde61548491947171.jpg?width=600&height=450",
				"width": "600",
				"height": "450",
				"food_desc": "大白菜 、香醋 、生抽 、白砂糖 、生姜 、干辣椒 、蒜头 ",
				"time_consuming": "10分钟",
				"author_name": "菊娜JUJU",
				"author_id": "5c18a97201b311d369aad955",
				"is_shelf": 1,
				"is_vod": false,
				"author_avatar": "http:\/\/img.ddimg.mobi\/recipe\/029838c089c61545120045386.jpg",
				"is_system_recommend": 1
			}, {
				"id": "5ce6654826c3d15b238b45e9",
				"name": "秋葵炒鸡蛋|尖尖实验室",
				"image": "https:\/\/img.ddimg.mobi\/recipe\/5d4f9a33a95d1559199096943.jpg?width=1124&height=844",
				"width": "1124",
				"height": "844",
				"food_desc": "秋葵 、鸡蛋 ",
				"time_consuming": "5分钟",
				"author_name": "尖尖实验室",
				"author_id": "5c5006357dcc10fb61967529",
				"is_shelf": 1,
				"is_vod": false,
				"author_avatar": "http:\/\/img.ddimg.mobi\/recipe\/f60ad1fdb52871548748157370.jpg",
				"is_system_recommend": 1
			}, {
				"id": "5c3d48e6d033a1582f8b480a",
				"name": "黑椒牛肉杏鲍菇",
				"image": "http:\/\/img.ddimg.mobi\/recipe\/8e1b62725b5fb1547810620499.jpg?width=662&height=440",
				"width": "662",
				"height": "440",
				"food_desc": "牛肉片 、杏鲍菇 、胡萝卜 、西兰花 、蚝油 、鲜酱油 、料酒 、黑胡椒 、白砂糖 、淀粉 、芝麻油 ",
				"time_consuming": "20分钟",
				"author_name": "菊娜JUJU",
				"author_id": "5c18a97201b311d369aad955",
				"is_shelf": 1,
				"is_vod": false,
				"author_avatar": "http:\/\/img.ddimg.mobi\/recipe\/029838c089c61545120045386.jpg",
				"is_system_recommend": 1
			}, {
				"id": "5b88e05c01a6eaf4018b4b44",
				"name": "爆炒鱿鱼|美味",
				"image": "http:\/\/ddimg.ddxq.mobi\/c9d1f75245d7560895a3f3f16419ef75.jpg?width=660&height=441",
				"width": "660",
				"height": "441",
				"food_desc": "鱿鱼 、大葱 、青椒 、小米椒 、蒜头 、生姜 、白砂糖 、孜然 、生抽 ",
				"time_consuming": "15分钟",
				"author_name": "我脑公全世界最帅",
				"author_id": "5b87a0d5dc92d0ac458b8af9",
				"is_shelf": 1,
				"is_vod": false,
				"author_avatar": "https:\/\/img.ddimg.mobi\/recipe\/bdcc909a348a11535615051631.jpg",
				"is_system_recommend": 1
			}]
		}
	},
	"server_time": 1570115392
}