{
	"success": true,
	"code": 0,
	"msg": "success",
	"data": {
		"big_recommend": {
			"name": "客官，今天想吃点什么？",
			"show_type": 1,
			"_id": "5d9542094ed5bd1c6b8c4e33",
			"is_more": true,
			"list": [{
				"id": "5c429a90d033a1033d8b4e0d",
				"name": "茄子炒豆角",
				"image": "http:\/\/img.ddimg.mobi\/recipe\/3c2f2ac2135941548901917107.jpg?width=600&height=450",
				"width": "600",
				"height": "450",
				"food_desc": "茄子 、四季豆 、生抽 、蚝油 、蒜头 、干辣椒 ",
				"time_consuming": "15分钟",
				"author_name": "菊娜JUJU",
				"author_id": "5c18a97201b311d369aad955",
				"is_shelf": 1,
				"is_vod": false,
				"author_avatar": "http:\/\/img.ddimg.mobi\/recipe\/029838c089c61545120045386.jpg",
				"is_system_recommend": 1
			}, {
				"id": "5c416a3ad033a1033d8b4c4d",
				"name": "油爆花蛤|菊娜JUJU",
				"image": "http:\/\/img.ddimg.mobi\/recipe\/178e13b10769c1547870083509.jpg?width=600&height=450",
				"width": "600",
				"height": "450",
				"food_desc": "花蛤 、香菜 、蒜头 ",
				"time_consuming": "45分钟以上",
				"author_name": "菊娜JUJU",
				"author_id": "5c18a97201b311d369aad955",
				"is_shelf": 1,
				"is_vod": false,
				"author_avatar": "http:\/\/img.ddimg.mobi\/recipe\/029838c089c61545120045386.jpg",
				"is_system_recommend": 1
			}, {
				"id": "5b31fc5b01a6eaf7328b4650",
				"name": "香煎培根金针菇卷",
				"image": "http:\/\/ddimg.ddxq.mobi\/9315bea972dfe1530527144385.jpg?width=500&height=375",
				"width": "500",
				"height": "375",
				"food_desc": "培根 、金针菇 、黑胡椒 、白芝麻 ",
				"time_consuming": "",
				"author_name": "玉池桃红",
				"author_id": "5b20c597846c2e993b8c0933",
				"is_shelf": 1,
				"is_vod": false,
				"author_avatar": "https:\/\/img.ddimg.mobi\/recipe\/4b6c4ff3761bf1528874302007.jpg",
				"is_system_recommend": 1
			}, {
				"id": "5c3eaf60d033a1033d8b496e",
				"name": "香菇炒豌豆",
				"image": "http:\/\/img.ddimg.mobi\/recipe\/f8769ef7cfc321547816593973.jpg?width=695&height=440",
				"width": "695",
				"height": "440",
				"food_desc": "豌豆 、胡萝卜 、香菇 、青椒 、红辣椒 、蒜头 、鲜酱油 、淀粉 ",
				"time_consuming": "15分钟",
				"author_name": "菊娜JUJU",
				"author_id": "5c18a97201b311d369aad955",
				"is_shelf": 1,
				"is_vod": false,
				"author_avatar": "http:\/\/img.ddimg.mobi\/recipe\/029838c089c61545120045386.jpg",
				"is_system_recommend": 1
			}, {
				"id": "5b2378aa3f6f40a0730042c0",
				"name": "超简单好吃酱牛肉",
				"image": "http:\/\/ddimg.ddxq.mobi\/db2336aa7685d1529894767582.jpg?width=532&height=399",
				"width": "532",
				"height": "399",
				"food_desc": "牛肉 、甜面酱 、草果 、香叶 、花椒粒 、小米椒 、桂皮 、小茴香 、嫩姜 、香葱 、白酒 、生姜 ",
				"time_consuming": "15分钟",
				"author_name": "下山虎虎",
				"author_id": "5b20c77d846c2e30288c2892",
				"is_shelf": 1,
				"is_vod": false,
				"author_avatar": "https:\/\/img.ddimg.mobi\/recipe\/4f29af68700381528874870762.jpg",
				"is_system_recommend": 1
			}, {
				"id": "5c6fb6d1d033a1aa258b4bf0",
				"name": "红烧鸡翅|圆猪猪",
				"image": "http:\/\/img.ddimg.mobi\/recipe\/036f357221e351550830315556.jpg?width=1000&height=1506",
				"width": "1000",
				"height": "1506",
				"food_desc": "鸡中翅 、花椒粒 、八角 、香叶 、香菇 、蒜头 、生姜 、香葱 、生抽 、料酒 、冰糖 ",
				"time_consuming": "30分钟",
				"author_name": "圆猪猪",
				"author_id": "5b20d866c5702e2d0c8bc339",
				"is_shelf": 1,
				"is_vod": false,
				"author_avatar": "https:\/\/img.ddimg.mobi\/recipe\/5c9f6fcd799ed1528879181375.jpg",
				"is_system_recommend": 1
			}, {
				"id": "5b58573c01a6eabb7a8b4f61",
				"name": "家常版干锅花菜",
				"image": "http:\/\/ddimg.ddxq.mobi\/b704b6ed513d1c8fbd16efad5e850d3f.jpg?width=426&height=640",
				"width": "426",
				"height": "640",
				"food_desc": "花菜 、青蒜 、猪五花肉片 、豆豉酱 、生抽 、白砂糖 、小米椒 ",
				"time_consuming": "",
				"author_name": "月亮晶晶",
				"author_id": "5b582570c5702e2e018bbf46",
				"is_shelf": 1,
				"is_vod": false,
				"author_avatar": "https:\/\/img.ddimg.mobi\/recipe\/4e33e00b3ed6e1532503295917.jpg",
				"is_system_recommend": 1
			}, {
				"id": "5c3eae6cd033a1033d8b4762",
				"name": "尖椒香菇酿肉",
				"image": "http:\/\/img.ddimg.mobi\/recipe\/25e432dd9aa7a1547811008765.jpg?width=662&height=440",
				"width": "662",
				"height": "440",
				"food_desc": "青尖椒 、猪肉糜 、香菇 、胡萝卜 、生姜 、蒜头 、香葱 、鲜酱油 、料酒 、香醋 、蚝油 、白砂糖 、淀粉 ",
				"time_consuming": "15分钟",
				"author_name": "菊娜JUJU",
				"author_id": "5c18a97201b311d369aad955",
				"is_shelf": 1,
				"is_vod": false,
				"author_avatar": "http:\/\/img.ddimg.mobi\/recipe\/029838c089c61545120045386.jpg",
				"is_system_recommend": 1
			}, {
				"id": "5d1592604df3e3c3198c07fa",
				"name": "酸辣土豆丝|为爱下厨房的爷爷",
				"image": "http:\/\/img.ddimg.mobi\/recipe\/269c1a79db9db1561694240882.JPG?width=1920&height=1280",
				"width": "1920",
				"height": "1280",
				"food_desc": "土豆 、干辣椒 、大葱 、白醋 、白砂糖 、生抽 ",
				"time_consuming": "",
				"author_name": "为爱下厨房的爷爷",
				"author_id": "5d1592244df3e3a5198c0e57",
				"is_shelf": 1,
				"is_vod": false,
				"author_avatar": "http:\/\/img.ddimg.mobi\/recipe\/ae1c4c864f2fb1561694648605.jpg",
				"is_system_recommend": 1
			}, {
				"id": "5b472844c0a1ea95158b4d36",
				"name": "蘑菇烧豆腐",
				"image": "http:\/\/ddimg.ddxq.mobi\/6d1728a5583cac62b9a00b764af0de24.jpg?width=660&height=660",
				"width": "660",
				"height": "660",
				"food_desc": "老豆腐 、香菇 、口蘑 、香葱 、鲜酱油 、蚝油 、白砂糖 、淀粉 ",
				"time_consuming": "15分钟",
				"author_name": "烟火间",
				"author_id": "5b47254306752e52378c8b01",
				"is_shelf": 1,
				"is_vod": false,
				"author_avatar": "https:\/\/img.ddimg.mobi\/recipe\/60125b4b42a681531389233500.png",
				"is_system_recommend": 1
			}]
		}
	},
	"server_time": 1570115484
}