{
	"success": true,
	"code": 0,
	"msg": "success",
	"data": {
		"big_recommend": {
			"name": "客官，今天想吃点什么？",
			"show_type": 1,
			"_id": "5d9542094ed5bd1c6b8c4e33",
			"is_more": true,
			"list": [{
				"id": "5d4a962726c3d174758b458e",
				"name": "罗宋汤|我想为你下厨房",
				"image": "http:\/\/img.ddimg.mobi\/e729f08d7dd90a39dc072ac46ed50d7c.jpg?width=1920&height=1080",
				"width": "1920",
				"height": "1080",
				"food_desc": "牛肉 、洋葱 、黄油 、番茄 、土豆 、料酒 、芹菜 ",
				"time_consuming": "",
				"author_name": "我想为你下厨房",
				"author_id": "5cfe2e884fb7971a248bbbb6",
				"is_shelf": 1,
				"is_vod": true,
				"author_avatar": "https:\/\/img.ddimg.mobi\/recipe\/47b54877912b1560161910710.jpg",
				"is_system_recommend": 1
			}, {
				"id": "5c416ab1d033a1033d8b4d61",
				"name": "酱烧小黄鱼",
				"image": "http:\/\/img.ddimg.mobi\/recipe\/c81a9e88451581548074606999.jpg?width=600&height=537",
				"width": "600",
				"height": "537",
				"food_desc": "小黄鱼 、生姜 、香葱 、郫县豆瓣酱 、生抽 、料酒 、白砂糖 ",
				"time_consuming": "30分钟",
				"author_name": "菊娜JUJU",
				"author_id": "5c18a97201b311d369aad955",
				"is_shelf": 1,
				"is_vod": false,
				"author_avatar": "http:\/\/img.ddimg.mobi\/recipe\/029838c089c61545120045386.jpg",
				"is_system_recommend": 1
			}, {
				"id": "5b6a97d9c0a1ea713a8b5ddb",
				"name": "可乐鸡翅根|堂妈小厨",
				"image": "http:\/\/ddimg.ddxq.mobi\/f2b34a2e4c7347eaebda4fcacc7eed6c.jpg?width=660&height=495",
				"width": "660",
				"height": "495",
				"food_desc": "鸡翅根 、可乐 、老抽 、香葱 、生姜 ",
				"time_consuming": "20分钟",
				"author_name": "堂妈小厨",
				"author_id": "5b582578c5702e59028bb648",
				"is_shelf": 1,
				"is_vod": false,
				"author_avatar": "https:\/\/img.ddimg.mobi\/recipe\/72f31dcefb3361533292137669.jpg",
				"is_system_recommend": 1
			}, {
				"id": "5c429aa8d033a1033d8b4e4d",
				"name": "蒜蓉空心菜|菊娜JUJU",
				"image": "http:\/\/img.ddimg.mobi\/recipe\/9ee710503e0c31548902428696.jpg?width=600&height=450",
				"width": "600",
				"height": "450",
				"food_desc": "空心菜 、红辣椒 、蒜头 ",
				"time_consuming": "5分钟以下",
				"author_name": "菊娜JUJU",
				"author_id": "5c18a97201b311d369aad955",
				"is_shelf": 1,
				"is_vod": false,
				"author_avatar": "http:\/\/img.ddimg.mobi\/recipe\/029838c089c61545120045386.jpg",
				"is_system_recommend": 1
			}, {
				"id": "5d80758226c3d1762e8b4738",
				"name": "虎皮青椒|小美的美食",
				"image": "https:\/\/img.ddimg.mobi\/recipe\/980134f397ff71568775783197.jpg?width=1000&height=666",
				"width": "1000",
				"height": "666",
				"food_desc": "青椒 、鲜酱油 、香醋 、白砂糖 、蒜头 、淀粉 ",
				"time_consuming": "10分钟",
				"author_name": "小美的美食",
				"author_id": "5d50e1c74fb79759158da46a",
				"is_shelf": 1,
				"is_vod": false,
				"author_avatar": "http:\/\/img.ddimg.mobi\/recipe\/bedce03fb7e11565581743424.jpg",
				"is_system_recommend": 1
			}, {
				"id": "5b6805eec0a1ea713a8b4c2c",
				"name": "糖醋排骨|堂妈小厨",
				"image": "http:\/\/ddimg.ddxq.mobi\/cecb8dbc580b1401d6309503c2ce9f6b.jpg?width=660&height=528",
				"width": "660",
				"height": "528",
				"food_desc": "猪小排 、黄酒 、老抽 、香醋 、冰糖 、白芝麻 、大葱 、生姜 、八角 、花椒粒 、香叶 、桂皮 、干辣椒 、淀粉 ",
				"time_consuming": "30分钟",
				"author_name": "堂妈小厨",
				"author_id": "5b582578c5702e59028bb648",
				"is_shelf": 1,
				"is_vod": false,
				"author_avatar": "https:\/\/img.ddimg.mobi\/recipe\/72f31dcefb3361533292137669.jpg",
				"is_system_recommend": 1
			}, {
				"id": "5b87a15801a6eaf4018b45db",
				"name": "啤酒焖鸭",
				"image": "http:\/\/ddimg.ddxq.mobi\/4bcf622fd0914531e80b8de7b7b9e66f.jpg?width=660&height=441",
				"width": "660",
				"height": "441",
				"food_desc": "鸭子 、啤酒 、生姜 、八角 、桂皮 、大葱 、蒜头 、干辣椒 、香菜 、冰糖 、生抽 ",
				"time_consuming": "",
				"author_name": "我脑公全世界最帅",
				"author_id": "5b87a0d5dc92d0ac458b8af9",
				"is_shelf": 1,
				"is_vod": false,
				"author_avatar": "https:\/\/img.ddimg.mobi\/recipe\/bdcc909a348a11535615051631.jpg",
				"is_system_recommend": 1
			}, {
				"id": "5c807c5f12a721f87c8b4767",
				"name": "香菜孜然牛肉",
				"image": "http:\/\/img.ddimg.mobi\/recipe\/c9285edbbdbd21551932567309.jpg?width=1136&height=852",
				"width": "1136",
				"height": "852",
				"food_desc": "香菜 、红辣椒 、小米椒 、牛肉片 、生姜 、孜然 、蚝油 、生抽 、料酒 ",
				"time_consuming": "30分钟",
				"author_name": "卡米拉",
				"author_id": "5c6cf8babf3f91c259aac44f",
				"is_shelf": 1,
				"is_vod": false,
				"author_avatar": "http:\/\/img.ddimg.mobi\/recipe\/ec44af48c47f51550645288982.jpg",
				"is_system_recommend": 1
			}, {
				"id": "5b31fc5b01a6eaf7328b45ee",
				"name": "清炒金针菇",
				"image": "http:\/\/ddimg.ddxq.mobi\/7686681526af1530529574865.jpg?width=1000&height=750",
				"width": "1000",
				"height": "750",
				"food_desc": "芹菜 、金针菇 、大红椒 、生姜 、蒜头 ",
				"time_consuming": "5分钟",
				"author_name": "玉池桃红",
				"author_id": "5b20c597846c2e993b8c0933",
				"is_shelf": 1,
				"is_vod": false,
				"author_avatar": "https:\/\/img.ddimg.mobi\/recipe\/4b6c4ff3761bf1528874302007.jpg",
				"is_system_recommend": 1
			}, {
				"id": "5cef46344fb797096d8db3b7",
				"name": "意式蛋白霜柠檬派|日日煮",
				"image": "https:\/\/img.ddimg.mobi\/recipe\/478d37ba101d31559184484243.jpg?width=640&height=360",
				"width": "640",
				"height": "360",
				"food_desc": "黄柠檬 90g、低筋粉 105g、糖粉 50g、鸡蛋 225g、黄油 225g、白砂糖 250g",
				"time_consuming": "",
				"author_name": "日日煮DayDayCook",
				"author_id": "5cef435a4df3e3f83f8ca32f",
				"is_shelf": 1,
				"is_vod": true,
				"author_avatar": "https:\/\/img.ddimg.mobi\/recipe\/b11d7d73f7e741559183960286.jpg",
				"is_system_recommend": 1
			}]
		}
	},
	"server_time": 1570115514
}