{
	"success": true,
	"code": 0,
	"msg": "success",
	"data": {
		"big_recommend": {
			"name": "客官，今天想吃点什么？",
			"show_type": 1,
			"_id": "5d9542094ed5bd1c6b8c4e33",
			"is_more": true,
			"list": [{
				"id": "5b2378a13f6f40a07300424a",
				"name": "腊肠蒜蓉蒸鲍鱼",
				"image": "http:\/\/ddimg.ddxq.mobi\/a420ac05e82721529897462808.jpg?width=660&height=494",
				"width": "660",
				"height": "494",
				"food_desc": "鲍鱼 、腊肠 、蒜头 、生姜 、小米椒 ",
				"time_consuming": "",
				"author_name": "搬砖头的女子",
				"author_id": "5b20cac5846c2e993b8c3049",
				"is_shelf": 1,
				"is_vod": false,
				"author_avatar": "https:\/\/img.ddimg.mobi\/recipe\/4596bbd8f67471528875489972.jpg",
				"is_system_recommend": 1
			}, {
				"id": "5ae2f9063f6f40e0a100470b",
				"name": "《中华小当家》麻婆豆腐",
				"image": "http:\/\/ddimg.ddxq.mobi\/dbe25a2114f603609adb7bd8509a0784.jpg?width=600&height=450",
				"width": "600",
				"height": "450",
				"food_desc": "嫩豆腐 、郫县豆瓣酱 、青蒜 、蒜头 、豆豉酱 、辣椒粉 、淀粉 、菜籽油 、生抽 、料酒 、花椒粉 ",
				"time_consuming": "10分钟",
				"author_name": "",
				"author_id": "",
				"is_shelf": 1,
				"is_vod": false,
				"author_avatar": "",
				"is_system_recommend": 1
			}, {
				"id": "5cef717f4fb79792158c0492",
				"name": "酸汤金针菇肥牛|日日煮",
				"image": "https:\/\/img.ddimg.mobi\/recipe\/2e7197f427f7c1559195662431.jpg?width=573&height=326",
				"width": "573",
				"height": "326",
				"food_desc": "肥牛 350g、金针菇 200g、青尖椒 2只、小米椒 5只、蒜头 5瓣、生姜 2片、灯笼椒 30g、白砂糖 5g、料酒 20ml、白醋 30ml",
				"time_consuming": "",
				"author_name": "日日煮DayDayCook",
				"author_id": "5cef435a4df3e3f83f8ca32f",
				"is_shelf": 1,
				"is_vod": true,
				"author_avatar": "https:\/\/img.ddimg.mobi\/recipe\/b11d7d73f7e741559183960286.jpg",
				"is_system_recommend": 1
			}, {
				"id": "5b6a5683c0a1ea713a8b59d0",
				"name": "炸蘑菇",
				"image": "http:\/\/ddimg.ddxq.mobi\/89775c075a6a3866b0832bfe9a536737.jpg?width=660&height=495",
				"width": "660",
				"height": "495",
				"food_desc": "平菇 、鸡蛋 、中筋粉 、泡打粉 、淀粉 、椒盐粉 ",
				"time_consuming": "15分钟",
				"author_name": "堂妈小厨",
				"author_id": "5b582578c5702e59028bb648",
				"is_shelf": 1,
				"is_vod": false,
				"author_avatar": "https:\/\/img.ddimg.mobi\/recipe\/72f31dcefb3361533292137669.jpg",
				"is_system_recommend": 1
			}, {
				"id": "5b2378cf3f6f40a073004465",
				"name": "干炒牛河",
				"image": "http:\/\/img.ddimg.mobi\/recipe\/490ff6e2a979b1543127173248.jpg?width=3452&height=2302",
				"width": "3452",
				"height": "2302",
				"food_desc": "河粉 、牛肉 、韭黄 、绿豆芽 、生抽 、白砂糖 、老抽 ",
				"time_consuming": "10分钟",
				"author_name": "圆猪猪",
				"author_id": "5b20d866c5702e2d0c8bc339",
				"is_shelf": 1,
				"is_vod": false,
				"author_avatar": "https:\/\/img.ddimg.mobi\/recipe\/5c9f6fcd799ed1528879181375.jpg",
				"is_system_recommend": 1
			}, {
				"id": "5d64f57426c3d1e02c8b46a3",
				"name": "青椒炒五香干",
				"image": "https:\/\/img.ddimg.mobi\/recipe\/f234a868eee71567047019175.jpg?width=1000&height=750",
				"width": "1000",
				"height": "750",
				"food_desc": "青椒 、五香干 、香葱 ",
				"time_consuming": "10分钟",
				"author_name": "搬个凳子看戏",
				"author_id": "5d2fd3e64ed5bdff338bcc5a",
				"is_shelf": 1,
				"is_vod": false,
				"author_avatar": "http:\/\/img.ddimg.mobi\/recipe\/8256a722eeda81563415481512.jpg",
				"is_system_recommend": 1
			}, {
				"id": "5c04fb41716de1553a8b4a99",
				"name": "肉末烧豆腐",
				"image": "http:\/\/img.ddimg.mobi\/e6329ac04eb463c7bf3d357d21f2fee6.jpg?width=450&height=600",
				"width": "450",
				"height": "600",
				"food_desc": "老豆腐 、猪肉糜 、蒜头 、老抽 、白砂糖 ",
				"time_consuming": "45分钟",
				"author_name": "木可厨房",
				"author_id": "5c008f48a2ec51b65a9007a5",
				"is_shelf": 1,
				"is_vod": false,
				"author_avatar": "http:\/\/img.ddimg.mobi\/recipe\/79427008e59291543540507217.jpg",
				"is_system_recommend": 1
			}, {
				"id": "5b6805d8c0a1ea713a8b4bf9",
				"name": "素什锦",
				"image": "http:\/\/ddimg.ddxq.mobi\/1647a976870468330884b96140fa124d.jpg?width=660&height=495",
				"width": "660",
				"height": "495",
				"food_desc": "莲藕 、胡萝卜 、西芹 、黑木耳 、芝麻油 、白砂糖 ",
				"time_consuming": "15分钟",
				"author_name": "堂妈小厨",
				"author_id": "5b582578c5702e59028bb648",
				"is_shelf": 1,
				"is_vod": false,
				"author_avatar": "https:\/\/img.ddimg.mobi\/recipe\/72f31dcefb3361533292137669.jpg",
				"is_system_recommend": 1
			}, {
				"id": "5d036f6426c3d18e128b50bc",
				"name": "冬瓜肉丸汤|美姐姐的小资生活",
				"image": "https:\/\/img.ddimg.mobi\/recipe\/3709b34888daa1560757378973.jpg?width=800&height=449",
				"width": "800",
				"height": "449",
				"food_desc": "冬瓜 、猪肉糜 、菱角 、生姜 、鸡蛋 、料酒 、香葱 ",
				"time_consuming": "20分钟",
				"author_name": "美姐姐的小资生活",
				"author_id": "5c6b71a33b599001788dc47a",
				"is_shelf": 1,
				"is_vod": false,
				"author_avatar": "http:\/\/img.ddimg.mobi\/recipe\/d570c494c421c1550545237691.jpg",
				"is_system_recommend": 1
			}, {
				"id": "5d78c6c225e1f7fd1a8b4765",
				"name": "双椒牛肉",
				"image": "https:\/\/img.ddimg.mobi\/recipe\/5831a140fde661568621505298.jpg?width=1000&height=663",
				"width": "1000",
				"height": "663",
				"food_desc": "牛里脊 、杭椒 、小米椒 、生姜 、蒜头 、花椒粒 、淀粉 ",
				"time_consuming": "10分钟",
				"author_name": "小美的美食",
				"author_id": "5d50e1c74fb79759158da46a",
				"is_shelf": 1,
				"is_vod": false,
				"author_avatar": "http:\/\/img.ddimg.mobi\/recipe\/bedce03fb7e11565581743424.jpg",
				"is_system_recommend": 1
			}]
		}
	},
	"server_time": 1570115582
}