{
	"success": true,
	"code": 0,
	"msg": "success",
	"data": {
		"big_recommend": {
			"name": "客官，今天想吃点什么？",
			"show_type": 1,
			"_id": "5d9542094ed5bd1c6b8c4e33",
			"is_more": true,
			"list": [{
				"id": "5d4a976926c3d174758b4690",
				"name": "白灼秋葵|我想为你下厨房",
				"image": "http:\/\/img.ddimg.mobi\/aa6e8f248eddb605fb0a07a256099662.jpg?width=640&height=360",
				"width": "640",
				"height": "360",
				"food_desc": "秋葵 、蒜头 、小米椒 、生抽 、白砂糖 ",
				"time_consuming": "5分钟以下",
				"author_name": "我想为你下厨房",
				"author_id": "5cfe2e884fb7971a248bbbb6",
				"is_shelf": 1,
				"is_vod": false,
				"author_avatar": "https:\/\/img.ddimg.mobi\/recipe\/47b54877912b1560161910710.jpg",
				"is_system_recommend": 1
			}, {
				"id": "5c3d47e2d033a1582f8b46d5",
				"name": "冬瓜玉米排骨汤",
				"image": "http:\/\/img.ddimg.mobi\/recipe\/eb73805cedfc51547798659936.jpg?width=662&height=440",
				"width": "662",
				"height": "440",
				"food_desc": "猪排骨 、甜玉米 、胡萝卜 、冬瓜 、生姜 ",
				"time_consuming": "45分钟以上",
				"author_name": "菊娜JUJU",
				"author_id": "5c18a97201b311d369aad955",
				"is_shelf": 1,
				"is_vod": false,
				"author_avatar": "http:\/\/img.ddimg.mobi\/recipe\/029838c089c61545120045386.jpg",
				"is_system_recommend": 1
			}, {
				"id": "5d0a067425e1f75a3d8b4942",
				"name": "油面筋塞肉|美姐姐的小资生活",
				"image": "https:\/\/img.ddimg.mobi\/recipe\/9258821e1add31561099870379.jpg?width=751&height=423",
				"width": "751",
				"height": "423",
				"food_desc": "猪肉糜 、香菇 、老抽 、生抽 、大油面筋 、辣椒粉 、香葱 、料酒 、生姜 ",
				"time_consuming": "30分钟",
				"author_name": "美姐姐的小资生活",
				"author_id": "5c6b71a33b599001788dc47a",
				"is_shelf": 1,
				"is_vod": false,
				"author_avatar": "http:\/\/img.ddimg.mobi\/recipe\/d570c494c421c1550545237691.jpg",
				"is_system_recommend": 1
			}, {
				"id": "5cff3f3525e1f7144b8b4be3",
				"name": "番茄龙利鱼|我想为你下厨房",
				"image": "http:\/\/img.ddimg.mobi\/48476e036b3870fa7826db3f1a064c1e.jpg?width=1920&height=1080",
				"width": "1920",
				"height": "1080",
				"food_desc": "龙利鱼 、番茄 、淀粉 、黑胡椒 、生姜 ",
				"time_consuming": "",
				"author_name": "我想为你下厨房",
				"author_id": "5cfe2e884fb7971a248bbbb6",
				"is_shelf": 1,
				"is_vod": true,
				"author_avatar": "https:\/\/img.ddimg.mobi\/recipe\/47b54877912b1560161910710.jpg",
				"is_system_recommend": 1
			}, {
				"id": "5b31fc5b01a6eaf7328b4670",
				"name": "辣炒海带丝",
				"image": "http:\/\/ddimg.ddxq.mobi\/ec07b932912a71530526168720.jpg?width=400&height=300",
				"width": "400",
				"height": "300",
				"food_desc": "海带丝 、辣椒酱 、香葱 、生姜 、鸡精 ",
				"time_consuming": "",
				"author_name": "玉池桃红",
				"author_id": "5b20c597846c2e993b8c0933",
				"is_shelf": 1,
				"is_vod": false,
				"author_avatar": "https:\/\/img.ddimg.mobi\/recipe\/4b6c4ff3761bf1528874302007.jpg",
				"is_system_recommend": 1
			}, {
				"id": "5c3d47abd033a1582f8b4663",
				"name": "秋葵黑椒牛肉",
				"image": "http:\/\/img.ddimg.mobi\/recipe\/265c80ef772761547799206250.jpg?width=662&height=440",
				"width": "662",
				"height": "440",
				"food_desc": "牛腩 、秋葵 、生姜 、蒜头 、生抽 、蚝油 、黑胡椒 、白砂糖 、淀粉 ",
				"time_consuming": "30分钟",
				"author_name": "菊娜JUJU",
				"author_id": "5c18a97201b311d369aad955",
				"is_shelf": 1,
				"is_vod": false,
				"author_avatar": "http:\/\/img.ddimg.mobi\/recipe\/029838c089c61545120045386.jpg",
				"is_system_recommend": 1
			}, {
				"id": "5bd8346f716de113468b4c9d",
				"name": "清蒸葱香红鳍笛鲷",
				"image": "http:\/\/ddimg.ddxq.mobi\/7d4200ca1ba72f98555455f52fb00a2e.jpg?width=1999&height=1499",
				"width": "1999",
				"height": "1499",
				"food_desc": "鲷鱼 、香葱 、小米椒 、生姜 、淀粉 、蒸鱼豉油 ",
				"time_consuming": "",
				"author_name": "婷子不是亭子啊啦",
				"author_id": "5bd8335d6079d1b61f9c2899",
				"is_shelf": 1,
				"is_vod": false,
				"author_avatar": "https:\/\/img.ddimg.mobi\/recipe\/770742e669ca1540895466205.jpg",
				"is_system_recommend": 1
			}, {
				"id": "5d0a034925e1f75a3d8b45ae",
				"name": "香辣茄盒",
				"image": "https:\/\/img.ddimg.mobi\/recipe\/06831e83d71a1561110372212.jpg?width=800&height=449",
				"width": "800",
				"height": "449",
				"food_desc": "茄子 、猪肉糜 、生抽 、蚝油 、白砂糖 、淀粉 、香葱 、鸡蛋 、中筋粉 、郫县豆瓣酱 、干辣椒 ",
				"time_consuming": "45分钟",
				"author_name": "美姐姐的小资生活",
				"author_id": "5c6b71a33b599001788dc47a",
				"is_shelf": 1,
				"is_vod": false,
				"author_avatar": "http:\/\/img.ddimg.mobi\/recipe\/d570c494c421c1550545237691.jpg",
				"is_system_recommend": 1
			}, {
				"id": "5d10d8a126c3d19e758b45e3",
				"name": "炝炒土豆丝儿",
				"image": "https:\/\/img.ddimg.mobi\/recipe\/338f9ccfe286a1561533981175.jpg?width=760&height=435",
				"width": "760",
				"height": "435",
				"food_desc": "土豆 、花椒粒 、干辣椒 、泡椒 、生姜 、蒜头 、白醋 ",
				"time_consuming": "10分钟",
				"author_name": "美姐姐的小资生活",
				"author_id": "5c6b71a33b599001788dc47a",
				"is_shelf": 1,
				"is_vod": false,
				"author_avatar": "http:\/\/img.ddimg.mobi\/recipe\/d570c494c421c1550545237691.jpg",
				"is_system_recommend": 1
			}, {
				"id": "5b2378cb3f6f40a07300443b",
				"name": "简易版盐焗鸡",
				"image": "http:\/\/ddimg.ddxq.mobi\/3cbf8675d36261529630631383.jpg?width=793&height=595",
				"width": "793",
				"height": "595",
				"food_desc": "整鸡 、白芝麻 、香葱 、生姜 、白酒 ",
				"time_consuming": "",
				"author_name": "圆猪猪",
				"author_id": "5b20d866c5702e2d0c8bc339",
				"is_shelf": 1,
				"is_vod": false,
				"author_avatar": "https:\/\/img.ddimg.mobi\/recipe\/5c9f6fcd799ed1528879181375.jpg",
				"is_system_recommend": 1
			}]
		}
	},
	"server_time": 1570115686
}