{
	"success": true,
	"code": 0,
	"msg": "success",
	"data": {
		"big_recommend": {
			"name": "客官，今天想吃点什么？",
			"show_type": 1,
			"_id": "5d9542094ed5bd1c6b8c4e33",
			"is_more": true,
			"list": [{
				"id": "5b23789f3f6f40a073004229",
				"name": "超鲜虫草花蛤蜊汤",
				"image": "http:\/\/ddimg.ddxq.mobi\/f93e04f7600ff4094e601ac8d45f9656.jpg?width=660&height=442",
				"width": "660",
				"height": "442",
				"food_desc": "蛤蜊 、虫草花 、生姜 、料酒 ",
				"time_consuming": "15分钟",
				"author_name": "红妆微醉",
				"author_id": "5b20c6c6846c2e2b308c11c2",
				"is_shelf": 1,
				"is_vod": false,
				"author_avatar": "https:\/\/img.ddimg.mobi\/recipe\/67e13b4966ff31528874664653.jpg",
				"is_system_recommend": 1
			}, {
				"id": "5b31fc5b01a6eaf7328b45d3",
				"name": "奶香南瓜羹",
				"image": "http:\/\/ddimg.ddxq.mobi\/8f902537daa9a1530530213287.jpg?width=600&height=450",
				"width": "600",
				"height": "450",
				"food_desc": "南瓜 、牛奶 、洋葱片 、枸杞 、白胡椒 ",
				"time_consuming": "",
				"author_name": "玉池桃红",
				"author_id": "5b20c597846c2e993b8c0933",
				"is_shelf": 1,
				"is_vod": false,
				"author_avatar": "https:\/\/img.ddimg.mobi\/recipe\/4b6c4ff3761bf1528874302007.jpg",
				"is_system_recommend": 1
			}, {
				"id": "5b2378993f6f40a0730041d0",
				"name": "自制鸡米花",
				"image": "http:\/\/ddimg.ddxq.mobi\/21a565c2c332f3ec542360dfc5953721.jpg?width=500&height=715",
				"width": "500",
				"height": "715",
				"food_desc": "鸡胸肉 、鸡蛋 、淀粉 、面包糠 、胡椒粉 ",
				"time_consuming": "45分钟",
				"author_name": "玉池桃红",
				"author_id": "5b20c597846c2e993b8c0933",
				"is_shelf": 1,
				"is_vod": false,
				"author_avatar": "https:\/\/img.ddimg.mobi\/recipe\/4b6c4ff3761bf1528874302007.jpg",
				"is_system_recommend": 1
			}, {
				"id": "5c75023dd033a1aa258b4fec",
				"name": "即食麦片水果粥",
				"image": "http:\/\/img.ddimg.mobi\/recipe\/394b59120a2381551175163715.jpg?width=1616&height=1080",
				"width": "1616",
				"height": "1080",
				"food_desc": "麦片 、芡实 、冰糖 、奇异果 、香蕉 、红心火龙果 ",
				"time_consuming": "20分钟",
				"author_name": "月亮晶晶",
				"author_id": "5b582570c5702e2e018bbf46",
				"is_shelf": 1,
				"is_vod": false,
				"author_avatar": "https:\/\/img.ddimg.mobi\/recipe\/4e33e00b3ed6e1532503295917.jpg",
				"is_system_recommend": 1
			}, {
				"id": "5bbf22e5d033a1af678b4af7",
				"name": "泡面披萨",
				"image": "http:\/\/ddimg.ddxq.mobi\/36750cf4b4ed12bb8f7446dfc0ba8922.jpg?width=660&height=495",
				"width": "660",
				"height": "495",
				"food_desc": "方便面 、牛肉 、洋葱 、鸡蛋 、马苏里拉芝士 、黑胡椒 、老抽 、黄油 、海苔 、白芝麻 、生菜 ",
				"time_consuming": "",
				"author_name": "肖先生的餐桌",
				"author_id": "5bbf2268dc92d0256793034b",
				"is_shelf": 1,
				"is_vod": true,
				"author_avatar": "https:\/\/img.ddimg.mobi\/recipe\/0e433b02e6dcb1539252833208.jpg",
				"is_system_recommend": 1
			}, {
				"id": "5ae2f8cd3f6f40e0a10045c7",
				"name": "蚝油生菜|80后男人的厨房",
				"image": "http:\/\/ddimg.ddxq.mobi\/d7a305252c40e1525659767315.jpg?width=500&height=364",
				"width": "500",
				"height": "364",
				"food_desc": "生菜 、蚝油 、生抽 、蒜头 ",
				"time_consuming": "5分钟",
				"author_name": "",
				"author_id": "",
				"is_shelf": 1,
				"is_vod": false,
				"author_avatar": "",
				"is_system_recommend": 1
			}, {
				"id": "5ae2f8fc3f6f40e0a10046d1",
				"name": "蒜蓉地瓜叶",
				"image": "http:\/\/ddimg.ddxq.mobi\/98cedf207e608e7d25d4e1cd868f9650.jpg?width=1242&height=840",
				"width": "1242",
				"height": "840",
				"food_desc": "地瓜叶 、蒜头 ",
				"time_consuming": "5分钟以下",
				"author_name": "",
				"author_id": "",
				"is_shelf": 1,
				"is_vod": false,
				"author_avatar": "",
				"is_system_recommend": 1
			}, {
				"id": "5d0a068825e1f75a3d8b4958",
				"name": "番茄牛肉炖土豆",
				"image": "https:\/\/img.ddimg.mobi\/recipe\/de97e9b773ea61561099622158.jpg?width=800&height=449",
				"width": "800",
				"height": "449",
				"food_desc": "番茄 、土豆 、牛腩 、生姜 、蒜头 、香叶 、八角 、生抽 、料酒 、干辣椒 、番茄酱 ",
				"time_consuming": "45分钟以上",
				"author_name": "美姐姐的小资生活",
				"author_id": "5c6b71a33b599001788dc47a",
				"is_shelf": 1,
				"is_vod": false,
				"author_avatar": "http:\/\/img.ddimg.mobi\/recipe\/d570c494c421c1550545237691.jpg",
				"is_system_recommend": 1
			}, {
				"id": "5cde8335716de147428b4f69",
				"name": "奥尔良煎鸡翅",
				"image": "https:\/\/img.ddimg.mobi\/recipe\/78399903d1b211558416098406.jpg?width=1776&height=1184",
				"width": "1776",
				"height": "1184",
				"food_desc": "鸡中翅 、奥尔良腌料 ",
				"time_consuming": "45分钟以上",
				"author_name": "尖尖实验室",
				"author_id": "5c5006357dcc10fb61967529",
				"is_shelf": 1,
				"is_vod": false,
				"author_avatar": "http:\/\/img.ddimg.mobi\/recipe\/f60ad1fdb52871548748157370.jpg",
				"is_system_recommend": 1
			}, {
				"id": "5b31fc5b01a6eaf7328b45d7",
				"name": "清炒虾仁",
				"image": "http:\/\/ddimg.ddxq.mobi\/c83a5aeb3e5e51530530142641.jpg?width=799&height=600",
				"width": "799",
				"height": "600",
				"food_desc": "虾仁 、青豆 、胡萝卜 、鸡蛋 、淀粉 、生姜 ",
				"time_consuming": "",
				"author_name": "玉池桃红",
				"author_id": "5b20c597846c2e993b8c0933",
				"is_shelf": 1,
				"is_vod": false,
				"author_avatar": "https:\/\/img.ddimg.mobi\/recipe\/4b6c4ff3761bf1528874302007.jpg",
				"is_system_recommend": 1
			}]
		}
	},
	"server_time": 1570115710
}