{
	"success": true,
	"code": 0,
	"msg": "success",
	"data": {
		"big_recommend": {
			"name": "客官，今天想吃点什么？",
			"show_type": 1,
			"_id": "5d9542094ed5bd1c6b8c4e33",
			"is_more": true,
			"list": [{
				"id": "5ae2f86a3f6f40e0a1004380",
				"name": "清蒸多宝鱼",
				"image": "http:\/\/img.ddimg.mobi\/recipe\/58eccd5851c671550571673096.jpg?width=660&height=440",
				"width": "660",
				"height": "440",
				"food_desc": "多宝鱼 、料酒 、生姜 、香葱 、干辣椒 、生抽 、白砂糖 ",
				"time_consuming": "15分钟",
				"author_name": "",
				"author_id": "",
				"is_shelf": 1,
				"is_vod": false,
				"author_avatar": "",
				"is_system_recommend": 1
			}, {
				"id": "5b6a9866c0a1ea713a8b5f7b",
				"name": "霸王别姬|堂妈小厨",
				"image": "http:\/\/ddimg.ddxq.mobi\/98eab098fbe9ad3ff44f88bf12ea4906.jpg?width=660&height=660",
				"width": "660",
				"height": "660",
				"food_desc": "甲鱼 、草鸡 、香葱 、生姜 ",
				"time_consuming": "20分钟",
				"author_name": "堂妈小厨",
				"author_id": "5b582578c5702e59028bb648",
				"is_shelf": 1,
				"is_vod": false,
				"author_avatar": "https:\/\/img.ddimg.mobi\/recipe\/72f31dcefb3361533292137669.jpg",
				"is_system_recommend": 1
			}, {
				"id": "5b8f8021c0a1ea8f788b470c",
				"name": "豉香巴沙鱼块",
				"image": "http:\/\/ddimg.ddxq.mobi\/73ef1da937d708f47952ac89e8830a8c.jpg?width=660&height=528",
				"width": "660",
				"height": "528",
				"food_desc": "巴沙鱼 、杏鲍菇 、豆豉酱 、蒜盐 、味霖 、清酒 、蚝油 、韩国辣酱 、香菜 、黑胡椒 、黄油 、中筋粉 、鱼露 ",
				"time_consuming": "20分钟",
				"author_name": "PaPa-Tony",
				"author_id": "5b8df1d9dc92d061468c3c54",
				"is_shelf": 1,
				"is_vod": false,
				"author_avatar": "https:\/\/img.ddimg.mobi\/recipe\/a48b55ba0c1521536028916268.jpg",
				"is_system_recommend": 1
			}, {
				"id": "5b2378993f6f40a0730041cb",
				"name": "油焖大虾",
				"image": "http:\/\/ddimg.ddxq.mobi\/c53adafa3c67e4a140b86ea86c13abc7.jpg?width=660&height=462",
				"width": "660",
				"height": "462",
				"food_desc": "对虾 、青椒 、胡萝卜 、料酒 、葱姜蒜 、白砂糖 ",
				"time_consuming": "",
				"author_name": "玉池桃红",
				"author_id": "5b20c597846c2e993b8c0933",
				"is_shelf": 1,
				"is_vod": false,
				"author_avatar": "https:\/\/img.ddimg.mobi\/recipe\/4b6c4ff3761bf1528874302007.jpg",
				"is_system_recommend": 1
			}, {
				"id": "5b2378d73f6f40a0730044c9",
				"name": "上汤娃娃菜",
				"image": "http:\/\/ddimg.ddxq.mobi\/805a74b951bd4be07e2fe6a55f77a1be.jpg?width=428&height=279",
				"width": "428",
				"height": "279",
				"food_desc": "娃娃菜 、皮蛋 、海米 、香菇 、生姜 、浓汤宝 ",
				"time_consuming": "",
				"author_name": "圆猪猪",
				"author_id": "5b20d866c5702e2d0c8bc339",
				"is_shelf": 1,
				"is_vod": false,
				"author_avatar": "https:\/\/img.ddimg.mobi\/recipe\/5c9f6fcd799ed1528879181375.jpg",
				"is_system_recommend": 1
			}, {
				"id": "5b31fc5b01a6eaf7328b45bc",
				"name": "酸菜炒粉条",
				"image": "http:\/\/ddimg.ddxq.mobi\/ecfadadfb56251530530501601.jpg?width=759&height=569",
				"width": "759",
				"height": "569",
				"food_desc": "酸菜 、粉丝 、生姜 、蒜头 、里脊肉 、料酒 、白胡椒 、鲜酱油 、八角 、干辣椒 、香葱 ",
				"time_consuming": "10分钟",
				"author_name": "玉池桃红",
				"author_id": "5b20c597846c2e993b8c0933",
				"is_shelf": 1,
				"is_vod": false,
				"author_avatar": "https:\/\/img.ddimg.mobi\/recipe\/4b6c4ff3761bf1528874302007.jpg",
				"is_system_recommend": 1
			}, {
				"id": "5b87a21201a6eaf4018b47ce",
				"name": "白灼秋葵|超快手",
				"image": "http:\/\/img.ddimg.mobi\/recipe\/b7207fbef5e991545034450809.jpg?width=589&height=412",
				"width": "589",
				"height": "412",
				"food_desc": "秋葵 、生抽 、干辣椒 、蒜头 、白砂糖 、米醋 ",
				"time_consuming": "15分钟",
				"author_name": "我脑公全世界最帅",
				"author_id": "5b87a0d5dc92d0ac458b8af9",
				"is_shelf": 1,
				"is_vod": false,
				"author_avatar": "https:\/\/img.ddimg.mobi\/recipe\/bdcc909a348a11535615051631.jpg",
				"is_system_recommend": 1
			}, {
				"id": "5b2378d43f6f40a073004499",
				"name": "腐竹鱼头煲",
				"image": "http:\/\/ddimg.ddxq.mobi\/18374d8b35f581529545487438.jpg?width=439&height=329",
				"width": "439",
				"height": "329",
				"food_desc": "花鲢鱼 、腐竹 、青椒 、大红椒 、洋葱片 、生姜 、蒜头 、海鲜酱 、蚝油 、生抽 、白砂糖 、料酒 ",
				"time_consuming": "",
				"author_name": "圆猪猪",
				"author_id": "5b20d866c5702e2d0c8bc339",
				"is_shelf": 1,
				"is_vod": false,
				"author_avatar": "https:\/\/img.ddimg.mobi\/recipe\/5c9f6fcd799ed1528879181375.jpg",
				"is_system_recommend": 1
			}, {
				"id": "5d4a971826c3d174758b463d",
				"name": "清蒸鲈鱼|我想为你下厨房",
				"image": "http:\/\/img.ddimg.mobi\/47d2b3d0548a09878ffc1c8aa42a9ac2.jpg?width=1080&height=608",
				"width": "1080",
				"height": "608",
				"food_desc": "鲈鱼 、香葱 、蒸鱼豉油 、小米椒 、生姜 ",
				"time_consuming": "",
				"author_name": "我想为你下厨房",
				"author_id": "5cfe2e884fb7971a248bbbb6",
				"is_shelf": 1,
				"is_vod": true,
				"author_avatar": "https:\/\/img.ddimg.mobi\/recipe\/47b54877912b1560161910710.jpg",
				"is_system_recommend": 1
			}, {
				"id": "5b23789e3f6f40a073004214",
				"name": "美在土豆泥的秋葵花",
				"image": "http:\/\/ddimg.ddxq.mobi\/73d1caf3893c31529898885314.jpg?width=629&height=472",
				"width": "629",
				"height": "472",
				"food_desc": "土豆 、秋葵 、蒜头 、香葱 、胡萝卜 、蚝油 、生抽 、料酒 、陈醋 、鸡精 、淀粉 、黑胡椒 ",
				"time_consuming": "",
				"author_name": "红妆微醉",
				"author_id": "5b20c6c6846c2e2b308c11c2",
				"is_shelf": 1,
				"is_vod": false,
				"author_avatar": "https:\/\/img.ddimg.mobi\/recipe\/67e13b4966ff31528874664653.jpg",
				"is_system_recommend": 1
			}]
		}
	},
	"server_time": 1570115733
}