{
	"success": true,
	"code": 0,
	"msg": "success",
	"data": {
		"big_recommend": {
			"name": "客官，今天想吃点什么？",
			"show_type": 1,
			"_id": "5d9542094ed5bd1c6b8c4e33",
			"is_more": true,
			"list": [{
				"id": "5ca1c912716de1a45c8b64e6",
				"name": "红烧带鱼|meggy跳舞的苹果",
				"image": "http:\/\/img.ddimg.mobi\/recipe\/230249efa9a6d1554111413551.jpg?width=1200&height=800",
				"width": "1200",
				"height": "800",
				"food_desc": "带鱼 、大葱 、蒜头 、生姜 、香叶 、八角 、花椒粒 、鲜酱油 、蚝油 ",
				"time_consuming": "45分钟以上",
				"author_name": "meggy跳舞的苹果",
				"author_id": "5c8608ec7dcc10ff36bbe658",
				"is_shelf": 1,
				"is_vod": false,
				"author_avatar": "http:\/\/img.ddimg.mobi\/recipe\/e7b6dc20acf361552287976801.jpg",
				"is_system_recommend": 1
			}, {
				"id": "5afe3ae9846c2e16558c708e",
				"name": "白灼秋葵",
				"image": "http:\/\/ddimg.ddxq.mobi\/1a400b5307a391526612801728.png?width=644&height=483",
				"width": "644",
				"height": "483",
				"food_desc": "秋葵 、生抽 、芝麻油 、蚝油 、生姜 、白砂糖 ",
				"time_consuming": "",
				"author_name": "兔高兴",
				"author_id": "5ce249934ed5bd49048c1561",
				"is_shelf": 1,
				"is_vod": false,
				"author_avatar": "https:\/\/img.ddimg.mobi\/recipe\/23cf8844041251558333821129.jpg",
				"is_system_recommend": 1
			}, {
				"id": "5d7234874df3e3ef7c8efced",
				"name": "吮指鸡爪",
				"image": "https:\/\/img.ddimg.mobi\/recipe\/552f6bbef5ec51567765496663.jpg?width=2000&height=1333",
				"width": "2000",
				"height": "1333",
				"food_desc": "鸡爪 、生姜 、小米椒 、白芝麻 、料酒 、老抽 ",
				"time_consuming": "45分钟以上",
				"author_name": "叮咚买菜",
				"author_id": "5c88bf5901b311f845c0edc2",
				"is_shelf": 1,
				"is_vod": false,
				"author_avatar": "http:\/\/img.ddimg.mobi\/recipe\/90c6caa84d9251561628540222.png",
				"is_system_recommend": 1
			}, {
				"id": "5b472748c0a1ea95158b4a42",
				"name": "豆腐黑鱼汤",
				"image": "http:\/\/ddimg.ddxq.mobi\/3e44b76124222a440047555ac10dbf1e.jpg?width=500&height=752",
				"width": "500",
				"height": "752",
				"food_desc": "黑鱼 、嫩豆腐 、香葱 、生姜 、黄酒 、米醋 、白胡椒 ",
				"time_consuming": "15分钟",
				"author_name": "烟火间",
				"author_id": "5b47254306752e52378c8b01",
				"is_shelf": 1,
				"is_vod": false,
				"author_avatar": "https:\/\/img.ddimg.mobi\/recipe\/60125b4b42a681531389233500.png",
				"is_system_recommend": 1
			}, {
				"id": "5b2378963f6f40a0730041af",
				"name": "剁椒鱼头",
				"image": "http:\/\/img.ddimg.mobi\/recipe\/57a9aa5326d1d1549005152818.jpg?width=585&height=438",
				"width": "585",
				"height": "438",
				"food_desc": "花鲢鱼头 、料酒 、蒸鱼豉油 、啤酒 、蒜头 、生姜 、剁椒酱 、泡椒 ",
				"time_consuming": "",
				"author_name": "Sunrise",
				"author_id": "5b0e1d07c3c44289388cf20c",
				"is_shelf": 1,
				"is_vod": false,
				"author_avatar": "https:\/\/img.ddimg.mobi\/recipe\/db50a7877d0b31527651588325.jpg",
				"is_system_recommend": 1
			}, {
				"id": "5b5efdf501a6eabb7a8b5263",
				"name": "西兰花梗炒蘑菇",
				"image": "http:\/\/img.ddimg.mobi\/recipe\/e7e94ec4da7591545192046510.jpeg?width=500&height=432",
				"width": "500",
				"height": "432",
				"food_desc": "西兰花 、口蘑 、剁椒 、白砂糖 ",
				"time_consuming": "15分钟",
				"author_name": "企鹅将军",
				"author_id": "5b58257845cd42c9568cfbce",
				"is_shelf": 1,
				"is_vod": false,
				"author_avatar": "https:\/\/img.ddimg.mobi\/recipe\/14328d1789a691532951506024.jpg",
				"is_system_recommend": 1
			}, {
				"id": "5d2726f04df3e3aa0f8b7f46",
				"name": "红烧鸡中翅",
				"image": "http:\/\/img.ddimg.mobi\/recipe\/01dcdfb569a821562916411305.jpg?width=1000&height=666",
				"width": "1000",
				"height": "666",
				"food_desc": "鸡中翅 、葱姜蒜 、老抽 、干辣椒 、料酒 、白芝麻 ",
				"time_consuming": "10分钟",
				"author_name": "叮咚买菜",
				"author_id": "5c88bf5901b311f845c0edc2",
				"is_shelf": 1,
				"is_vod": false,
				"author_avatar": "http:\/\/img.ddimg.mobi\/recipe\/90c6caa84d9251561628540222.png",
				"is_system_recommend": 1
			}, {
				"id": "5b6a96b1c0a1ea713a8b5a8f",
				"name": "蛤蜊蒸蛋|堂妈小厨",
				"image": "http:\/\/ddimg.ddxq.mobi\/7426585ffeb4acb8c02997843d161dc8.jpg?width=660&height=495",
				"width": "660",
				"height": "495",
				"food_desc": "蛤蜊 、鸡蛋 、生抽 、芝麻油 ",
				"time_consuming": "15分钟",
				"author_name": "堂妈小厨",
				"author_id": "5b582578c5702e59028bb648",
				"is_shelf": 1,
				"is_vod": false,
				"author_avatar": "https:\/\/img.ddimg.mobi\/recipe\/72f31dcefb3361533292137669.jpg",
				"is_system_recommend": 1
			}, {
				"id": "5b472889c0a1ea95158b4dff",
				"name": "家常炒素",
				"image": "http:\/\/ddimg.ddxq.mobi\/530583198e875bfff733ab1c7cb869a6.jpg?width=660&height=541",
				"width": "660",
				"height": "541",
				"food_desc": "香菇 、黑木耳 、腐竹 、荸荠 、杏鲍菇 、胡萝卜 、生姜 、香葱 、料酒 、生抽 、老抽 、白砂糖 、芝麻油 ",
				"time_consuming": "15分钟",
				"author_name": "烟火间",
				"author_id": "5b47254306752e52378c8b01",
				"is_shelf": 1,
				"is_vod": false,
				"author_avatar": "https:\/\/img.ddimg.mobi\/recipe\/60125b4b42a681531389233500.png",
				"is_system_recommend": 1
			}, {
				"id": "5b62c56cc0a1eace298b456f",
				"name": "雪里蕻焖昂刺鱼",
				"image": "http:\/\/img.ddimg.mobi\/recipe\/6a8dd2fe4ad4a1545200445264.jpg?width=360&height=550",
				"width": "360",
				"height": "550",
				"food_desc": "雪菜 、昂刺鱼 、小米椒 、生姜 ",
				"time_consuming": "20分钟",
				"author_name": "雙魚兒YU",
				"author_id": "5b582578846c2e8e368b456b",
				"is_shelf": 1,
				"is_vod": false,
				"author_avatar": "https:\/\/img.ddimg.mobi\/recipe\/8e5653f39e34c1533198881188.jpg",
				"is_system_recommend": 1
			}]
		}
	},
	"server_time": 1570115048
}