{
	"success": true,
	"code": 0,
	"msg": "success",
	"data": {
		"big_recommend": {
			"name": "客官，今天想吃点什么？",
			"show_type": 1,
			"_id": "5d9542094ed5bd1c6b8c4e33",
			"is_more": true,
			"list": [{
				"id": "5cff409725e1f7144b8b4d3a",
				"name": "鲜肉烧麦",
				"image": "http:\/\/img.ddimg.mobi\/6cdcc1f277c11599b7ab6e83cab2aba7.jpg?width=1280&height=720",
				"width": "1280",
				"height": "720",
				"food_desc": "中筋粉 、糯米 、猪肉糜 、胡萝卜 、西芹 、香菇 、生抽 、料酒 ",
				"time_consuming": "",
				"author_name": "我想为你下厨房",
				"author_id": "5cfe2e884fb7971a248bbbb6",
				"is_shelf": 1,
				"is_vod": true,
				"author_avatar": "https:\/\/img.ddimg.mobi\/recipe\/47b54877912b1560161910710.jpg",
				"is_system_recommend": 1
			}, {
				"id": "5b2378bb3f6f40a073004381",
				"name": "土豆牛腩",
				"image": "http:\/\/ddimg.ddxq.mobi\/3862040c9caa21529891992892.jpg?width=856&height=642",
				"width": "856",
				"height": "642",
				"food_desc": "牛腩 、土豆 、大葱 、生姜 、八角 、桂皮 、干辣椒 、生抽 、老抽 、冰糖 、米酒 ",
				"time_consuming": "",
				"author_name": "圆猪猪",
				"author_id": "5b20d866c5702e2d0c8bc339",
				"is_shelf": 1,
				"is_vod": false,
				"author_avatar": "https:\/\/img.ddimg.mobi\/recipe\/5c9f6fcd799ed1528879181375.jpg",
				"is_system_recommend": 1
			}, {
				"id": "5b87a1a801a6eaf4018b46c2",
				"name": "酸菜鱼|含片鱼片教程",
				"image": "http:\/\/ddimg.ddxq.mobi\/a7660f9f5998279f80c30ec498097b79.jpg?width=660&height=441",
				"width": "660",
				"height": "441",
				"food_desc": "酸菜鱼调料包 、黑鱼 、鸡蛋 、料酒 、葱姜蒜 、干辣椒 ",
				"time_consuming": "20分钟",
				"author_name": "我脑公全世界最帅",
				"author_id": "5b87a0d5dc92d0ac458b8af9",
				"is_shelf": 1,
				"is_vod": false,
				"author_avatar": "https:\/\/img.ddimg.mobi\/recipe\/bdcc909a348a11535615051631.jpg",
				"is_system_recommend": 1
			}, {
				"id": "5b2378c73f6f40a07300440d",
				"name": "干煸四季豆|不用油炸照样美味",
				"image": "http:\/\/ddimg.ddxq.mobi\/f09bc1ef9a3181529631700512.jpg?width=450&height=337",
				"width": "450",
				"height": "337",
				"food_desc": "四季豆 、猪肉糜 、小米椒 、蒜头 、生姜 、料酒 、生抽 、老抽 、白砂糖 ",
				"time_consuming": "",
				"author_name": "圆猪猪",
				"author_id": "5b20d866c5702e2d0c8bc339",
				"is_shelf": 1,
				"is_vod": false,
				"author_avatar": "https:\/\/img.ddimg.mobi\/recipe\/5c9f6fcd799ed1528879181375.jpg",
				"is_system_recommend": 1
			}, {
				"id": "5d78c6ea25e1f7fd1a8b47e3",
				"name": "凉拌腐竹|小美的美食",
				"image": "http:\/\/img.ddimg.mobi\/a08c1a4addf93a8221fdd3514c8e6c09.jpg?width=800&height=530",
				"width": "800",
				"height": "530",
				"food_desc": "腐竹 、小米椒 、青椒 、干辣椒 、生姜 、蒜头 、生抽 、蚝油 、芝麻油 、芹菜 ",
				"time_consuming": "10分钟",
				"author_name": "小美的美食",
				"author_id": "5d50e1c74fb79759158da46a",
				"is_shelf": 1,
				"is_vod": false,
				"author_avatar": "http:\/\/img.ddimg.mobi\/recipe\/bedce03fb7e11565581743424.jpg",
				"is_system_recommend": 1
			}, {
				"id": "5b2378d53f6f40a0730044b6",
				"name": "白灼虾",
				"image": "http:\/\/ddimg.ddxq.mobi\/febf8b1b46db893320b77c43b256e20c.jpg?width=450&height=450",
				"width": "450",
				"height": "450",
				"food_desc": "基围虾 、生姜 、香葱 、料酒 ",
				"time_consuming": "",
				"author_name": "圆猪猪",
				"author_id": "5b20d866c5702e2d0c8bc339",
				"is_shelf": 1,
				"is_vod": false,
				"author_avatar": "https:\/\/img.ddimg.mobi\/recipe\/5c9f6fcd799ed1528879181375.jpg",
				"is_system_recommend": 1
			}, {
				"id": "5cff3fe025e1f7144b8b4c9a",
				"name": "多味卷饼",
				"image": "http:\/\/img.ddimg.mobi\/31e4951e588f51e7199e8cbb9a53f87b.jpg?width=1920&height=1080",
				"width": "1920",
				"height": "1080",
				"food_desc": "中筋粉 、橄榄油 、酵母 、甜面酱 、猪里脊 、生菜 、胡萝卜 、热狗肠 ",
				"time_consuming": "",
				"author_name": "我想为你下厨房",
				"author_id": "5cfe2e884fb7971a248bbbb6",
				"is_shelf": 1,
				"is_vod": true,
				"author_avatar": "https:\/\/img.ddimg.mobi\/recipe\/47b54877912b1560161910710.jpg",
				"is_system_recommend": 1
			}, {
				"id": "5c21fabf716de152768b4aad",
				"name": "藤椒酸汤肥牛",
				"image": "http:\/\/img.ddimg.mobi\/86b0bba9c1bfef5b7b3cc9e4bc36273f.jpg?width=7952&height=5304",
				"width": "7952",
				"height": "5304",
				"food_desc": "肥牛 、金针菇 、青尖椒 、泡椒 、小米椒 、花椒粒 、蒜头 、生姜 、香葱 、料酒 、白醋 、白砂糖 ",
				"time_consuming": "",
				"author_name": "肖先生的餐桌",
				"author_id": "5bbf2268dc92d0256793034b",
				"is_shelf": 1,
				"is_vod": true,
				"author_avatar": "https:\/\/img.ddimg.mobi\/recipe\/0e433b02e6dcb1539252833208.jpg",
				"is_system_recommend": 1
			}, {
				"id": "5c20a5aa716de152768b477d",
				"name": "金针菇番茄鱼片汤",
				"image": "http:\/\/img.ddimg.mobi\/08924c41f1a6138d969a735c81504a21.jpg?width=1332&height=1000",
				"width": "1332",
				"height": "1000",
				"food_desc": "巴沙鱼 、番茄 、金针菇 、生姜 、料酒 、胡椒粉 、鸡蛋 ",
				"time_consuming": "15分钟",
				"author_name": "烟火间",
				"author_id": "5b47254306752e52378c8b01",
				"is_shelf": 1,
				"is_vod": false,
				"author_avatar": "https:\/\/img.ddimg.mobi\/recipe\/60125b4b42a681531389233500.png",
				"is_system_recommend": 1
			}, {
				"id": "5bbf2305d033a1af678b4b40",
				"name": "吐司鸡蛋杯",
				"image": "http:\/\/ddimg.ddxq.mobi\/c893a12c15e1d9c30513ce78dc407fa7.jpg?width=660&height=440",
				"width": "660",
				"height": "440",
				"food_desc": "吐司 、鸡蛋 、黄瓜 、火腿肠 、香葱 、番茄 ",
				"time_consuming": "",
				"author_name": "肖先生的餐桌",
				"author_id": "5bbf2268dc92d0256793034b",
				"is_shelf": 1,
				"is_vod": true,
				"author_avatar": "https:\/\/img.ddimg.mobi\/recipe\/0e433b02e6dcb1539252833208.jpg",
				"is_system_recommend": 1
			}]
		}
	},
	"server_time": 1570115074
}