{
	"success": true,
	"code": 0,
	"msg": "success",
	"data": {
		"big_recommend": {
			"name": "客官，今天想吃点什么？",
			"show_type": 1,
			"_id": "5d9542094ed5bd1c6b8c4e33",
			"is_more": true,
			"list": [{
				"id": "5ca1c8b8716de1a45c8b648c",
				"name": "西红柿豆腐烩虾仁",
				"image": "http:\/\/img.ddimg.mobi\/recipe\/fbc7eedeef5061554112904647.jpg?width=1200&height=800",
				"width": "1200",
				"height": "800",
				"food_desc": "大虾 、番茄 、嫩豆腐 、香葱 、生姜 ",
				"time_consuming": "20分钟",
				"author_name": "meggy跳舞的苹果",
				"author_id": "5c8608ec7dcc10ff36bbe658",
				"is_shelf": 1,
				"is_vod": false,
				"author_avatar": "http:\/\/img.ddimg.mobi\/recipe\/e7b6dc20acf361552287976801.jpg",
				"is_system_recommend": 1
			}, {
				"id": "5b2378a53f6f40a07300427a",
				"name": "竹蛏蒸粉丝",
				"image": "http:\/\/img.ddimg.mobi\/recipe\/5d7b7c5e0488e1545361067473.jpg?width=1024&height=646",
				"width": "1024",
				"height": "646",
				"food_desc": "蛏子 、粉丝 、蒜头 、生姜 、料酒 、辣椒粉 ",
				"time_consuming": "",
				"author_name": "搬砖头的女子",
				"author_id": "5b20cac5846c2e993b8c3049",
				"is_shelf": 1,
				"is_vod": false,
				"author_avatar": "https:\/\/img.ddimg.mobi\/recipe\/4596bbd8f67471528875489972.jpg",
				"is_system_recommend": 1
			}, {
				"id": "5b31fc5b01a6eaf7328b45f3",
				"name": "红烧孜然鸡翅",
				"image": "http:\/\/ddimg.ddxq.mobi\/761969ce09e721530529510397.jpg?width=500&height=750",
				"width": "500",
				"height": "750",
				"food_desc": "鸡中翅 、洋葱片 、生姜 、香葱 、孜然 、鲜酱油 、胡椒粉 、料酒 ",
				"time_consuming": "",
				"author_name": "玉池桃红",
				"author_id": "5b20c597846c2e993b8c0933",
				"is_shelf": 1,
				"is_vod": false,
				"author_avatar": "https:\/\/img.ddimg.mobi\/recipe\/4b6c4ff3761bf1528874302007.jpg",
				"is_system_recommend": 1
			}, {
				"id": "5b582d1001a6eabb7a8b46da",
				"name": "秘制红烧鸡爪",
				"image": "http:\/\/img.ddimg.mobi\/recipe\/8c45095d05ede1550655217942.jpg?width=426&height=640",
				"width": "426",
				"height": "640",
				"food_desc": "鸡爪 、花椒粒 、八角 、桂皮 、香叶 、冰糖 、料酒 、老抽 、生抽 、十三香 、生姜 ",
				"time_consuming": "15分钟",
				"author_name": "月亮晶晶",
				"author_id": "5b582570c5702e2e018bbf46",
				"is_shelf": 1,
				"is_vod": false,
				"author_avatar": "https:\/\/img.ddimg.mobi\/recipe\/4e33e00b3ed6e1532503295917.jpg",
				"is_system_recommend": 1
			}, {
				"id": "5bbf230fd033a1af678b4b5f",
				"name": "改良版的菜头圆",
				"image": "http:\/\/ddimg.ddxq.mobi\/82086968a52c10c3d13e403a98e62474.jpg?width=660&height=440",
				"width": "660",
				"height": "440",
				"food_desc": "白萝卜 、粘米粉 、黑胡椒 、香芹 、香菇 、芝士 、牛肉 、鱿鱼 、木鱼花 、海苔 、甜辣酱 ",
				"time_consuming": "",
				"author_name": "肖先生的餐桌",
				"author_id": "5bbf2268dc92d0256793034b",
				"is_shelf": 1,
				"is_vod": true,
				"author_avatar": "https:\/\/img.ddimg.mobi\/recipe\/0e433b02e6dcb1539252833208.jpg",
				"is_system_recommend": 1
			}, {
				"id": "5cff3fd225e1f7144b8b4c8c",
				"name": "番茄芝士焗饭",
				"image": "http:\/\/img.ddimg.mobi\/fce88e728f1b5d9fae272fabcee8be81.jpg?width=1920&height=1080",
				"width": "1920",
				"height": "1080",
				"food_desc": "番茄 、土豆 、青椒 、大红椒 、鸡胸肉 、大米 、生抽 、番茄酱 、马苏里拉芝士 、黄油 ",
				"time_consuming": "",
				"author_name": "我想为你下厨房",
				"author_id": "5cfe2e884fb7971a248bbbb6",
				"is_shelf": 1,
				"is_vod": true,
				"author_avatar": "https:\/\/img.ddimg.mobi\/recipe\/47b54877912b1560161910710.jpg",
				"is_system_recommend": 1
			}, {
				"id": "5b2378c43f6f40a0730043f7",
				"name": "豉椒鸡块|香辣送饭",
				"image": "http:\/\/ddimg.ddxq.mobi\/4b46dcfd4788f1529632097694.jpg?width=450&height=337",
				"width": "450",
				"height": "337",
				"food_desc": "鸡腿 、青椒 、大红椒 、蒜头 、生姜 、蚝油 、料酒 、玉米淀粉 、豆豉酱 ",
				"time_consuming": "",
				"author_name": "圆猪猪",
				"author_id": "5b20d866c5702e2d0c8bc339",
				"is_shelf": 1,
				"is_vod": false,
				"author_avatar": "https:\/\/img.ddimg.mobi\/recipe\/5c9f6fcd799ed1528879181375.jpg",
				"is_system_recommend": 1
			}, {
				"id": "5b690e4ec0a1ea713a8b530a",
				"name": "辣炒蛤蜊|堂妈小厨",
				"image": "http:\/\/ddimg.ddxq.mobi\/e463e2be0fc41987b2fa838f3dec6080.jpg?width=660&height=495",
				"width": "660",
				"height": "495",
				"food_desc": "花蛤 、葱姜蒜 、干辣椒 ",
				"time_consuming": "15分钟",
				"author_name": "堂妈小厨",
				"author_id": "5b582578c5702e59028bb648",
				"is_shelf": 1,
				"is_vod": false,
				"author_avatar": "https:\/\/img.ddimg.mobi\/recipe\/72f31dcefb3361533292137669.jpg",
				"is_system_recommend": 1
			}, {
				"id": "5b582ef101a6eabb7a8b4c63",
				"name": "黑椒汁洋葱炒猪肝",
				"image": "http:\/\/ddimg.ddxq.mobi\/47d525a8fbdb36a8b66b05ff7ac3bf1d.jpg?width=466&height=700",
				"width": "466",
				"height": "700",
				"food_desc": "洋葱片 、猪肝 、黑椒汁 、黑胡椒 ",
				"time_consuming": "",
				"author_name": "月亮晶晶",
				"author_id": "5b582570c5702e2e018bbf46",
				"is_shelf": 1,
				"is_vod": false,
				"author_avatar": "https:\/\/img.ddimg.mobi\/recipe\/4e33e00b3ed6e1532503295917.jpg",
				"is_system_recommend": 1
			}, {
				"id": "5b4729fac0a1ea95158b5259",
				"name": "清新菜饭",
				"image": "http:\/\/ddimg.ddxq.mobi\/8079153f5b81782709e940c4b6d8efe2.jpg?width=660&height=440",
				"width": "660",
				"height": "440",
				"food_desc": "青菜 、大米 ",
				"time_consuming": "15分钟",
				"author_name": "橙小酱",
				"author_id": "5b47261506752ef1368ca55e",
				"is_shelf": 1,
				"is_vod": false,
				"author_avatar": "https:\/\/img.ddimg.mobi\/recipe\/d5444c83277df1531389425582.png",
				"is_system_recommend": 1
			}]
		}
	},
	"server_time": 1570115276
}