{
	"success": true,
	"code": 0,
	"msg": "success",
	"data": {
		"big_recommend": {
			"name": "客官，今天想吃点什么？",
			"show_type": 1,
			"_id": "5d9542094ed5bd1c6b8c4e33",
			"is_more": true,
			"list": [{
				"id": "5b2378a63f6f40a07300428c",
				"name": "酸汤肥牛|极品下饭菜",
				"image": "http:\/\/img.ddimg.mobi\/recipe\/274712c79295d1548753342611.jpg?width=660&height=371",
				"width": "660",
				"height": "371",
				"food_desc": "肥牛 、金针菇 、辣椒酱 、小米椒 、杭椒 、蒜头 、白砂糖 、白醋 、料酒 ",
				"time_consuming": "",
				"author_name": "Cicileo",
				"author_id": "5b20c929846c2eba2b8c286a",
				"is_shelf": 1,
				"is_vod": false,
				"author_avatar": "https:\/\/img.ddimg.mobi\/recipe\/d5e22474f34a81528875176160.jpg",
				"is_system_recommend": 1
			}, {
				"id": "5d13ab7726c3d112688b4ebc",
				"name": "客家酿豆腐|莉莉菲",
				"image": "https:\/\/img.ddimg.mobi\/recipe\/7897002ec62541561706091341.jpg?width=1024&height=683",
				"width": "1024",
				"height": "683",
				"food_desc": "老豆腐 、猪肉糜 、香菇 、香葱 、蚝油 、淀粉 、生抽 、老抽 ",
				"time_consuming": "45分钟",
				"author_name": "莉莉菲",
				"author_id": "5cee3fae4ed5bde5778c4cce",
				"is_shelf": 1,
				"is_vod": false,
				"author_avatar": "https:\/\/img.ddimg.mobi\/recipe\/5c72fbc86c6961559117715174.jpg",
				"is_system_recommend": 1
			}, {
				"id": "5d78d2eb4ed5bd1b0d8c1f02",
				"name": "芦笋炒口蘑",
				"image": "https:\/\/img.ddimg.mobi\/recipe\/54088feb79a6b1568199380870.png?width=790&height=445",
				"width": "790",
				"height": "445",
				"food_desc": "芦笋 、口蘑 、黑胡椒 、橄榄油 、蒜头 ",
				"time_consuming": "",
				"author_name": "叮咚买菜",
				"author_id": "5c88bf5901b311f845c0edc2",
				"is_shelf": 1,
				"is_vod": true,
				"author_avatar": "http:\/\/img.ddimg.mobi\/recipe\/90c6caa84d9251561628540222.png",
				"is_system_recommend": 1
			}, {
				"id": "5b472603c0a1ea95158b4694",
				"name": "培根蘑菇意大利面",
				"image": "http:\/\/ddimg.ddxq.mobi\/8c3485f9951fa94b822d955b2b722c57.jpg?width=602&height=400",
				"width": "602",
				"height": "400",
				"food_desc": "意大利面 、培根 、蘑菇 、西兰花 、蒜头 、洋葱片 、橄榄油 、黑胡椒 ",
				"time_consuming": "30分钟",
				"author_name": "烟火间",
				"author_id": "5b47254306752e52378c8b01",
				"is_shelf": 1,
				"is_vod": false,
				"author_avatar": "https:\/\/img.ddimg.mobi\/recipe\/60125b4b42a681531389233500.png",
				"is_system_recommend": 1
			}, {
				"id": "5b472837c0a1ea95158b4d0c",
				"name": "雪菜炒毛豆",
				"image": "http:\/\/ddimg.ddxq.mobi\/b4d4c77cdeb21c27e7673944fc88c942.jpg?width=400&height=602",
				"width": "400",
				"height": "602",
				"food_desc": "雪菜 、毛豆 、大红椒 、生姜 、白砂糖 ",
				"time_consuming": "15分钟",
				"author_name": "烟火间",
				"author_id": "5b47254306752e52378c8b01",
				"is_shelf": 1,
				"is_vod": false,
				"author_avatar": "https:\/\/img.ddimg.mobi\/recipe\/60125b4b42a681531389233500.png",
				"is_system_recommend": 1
			}, {
				"id": "5ca1c7b4716de1a45c8b63e6",
				"name": "肉丝青椒胡萝卜",
				"image": "http:\/\/img.ddimg.mobi\/recipe\/746e9055d17fc1554114814081.jpg?width=1200&height=800",
				"width": "1200",
				"height": "800",
				"food_desc": "猪里脊 、青椒 、胡萝卜 、鲜酱油 、料酒 、香葱 、生抽 、淀粉 ",
				"time_consuming": "15分钟",
				"author_name": "meggy跳舞的苹果",
				"author_id": "5c8608ec7dcc10ff36bbe658",
				"is_shelf": 1,
				"is_vod": false,
				"author_avatar": "http:\/\/img.ddimg.mobi\/recipe\/e7b6dc20acf361552287976801.jpg",
				"is_system_recommend": 1
			}, {
				"id": "5d4bbc7026c3d174758b4734",
				"name": "酸汤肥牛|家乐",
				"image": "http:\/\/img.ddimg.mobi\/96ef778cee2d3990d06a90f3cb1a2448.jpeg?width=1920&height=1440",
				"width": "1920",
				"height": "1440",
				"food_desc": "酸汤肥牛调料 、肥牛 、金针菇 、绿豆芽 、葱姜蒜 、枸杞 ",
				"time_consuming": "30分钟",
				"author_name": "家楽",
				"author_id": "5d4b9df34fb797fd278cbfce",
				"is_shelf": 1,
				"is_vod": false,
				"author_avatar": "http:\/\/img.ddimg.mobi\/recipe\/90dd8036b83d71565236657457.jpg",
				"is_system_recommend": 1
			}, {
				"id": "5ca1c329716de1a45c8b60da",
				"name": "红烧猪肉莲藕丸子",
				"image": "http:\/\/img.ddimg.mobi\/recipe\/d383505334a6a1554175124313.jpg?width=1024&height=688",
				"width": "1024",
				"height": "688",
				"food_desc": "猪肉糜 、莲藕 、青菜 、生抽 、黑胡椒 、生姜 、淀粉 、香葱 、八角 ",
				"time_consuming": "45分钟以上",
				"author_name": "meggy跳舞的苹果",
				"author_id": "5c8608ec7dcc10ff36bbe658",
				"is_shelf": 1,
				"is_vod": false,
				"author_avatar": "http:\/\/img.ddimg.mobi\/recipe\/e7b6dc20acf361552287976801.jpg",
				"is_system_recommend": 1
			}, {
				"id": "5c74cff1d033a1aa258b4ea1",
				"name": "东坡花雕鸡",
				"image": "http:\/\/img.ddimg.mobi\/recipe\/3bbf1517069d21551166514377.jpg?width=800&height=450",
				"width": "800",
				"height": "450",
				"food_desc": "童子鸡 、猪五花肉 、鹌鹑蛋 、鲜酱油 、蚝油 、冰糖 、生姜 、蒜头 、香葱 、大葱 、八角 、干辣椒 、黄酒 ",
				"time_consuming": "45分钟以上",
				"author_name": "Cicileo",
				"author_id": "5b20c929846c2eba2b8c286a",
				"is_shelf": 1,
				"is_vod": true,
				"author_avatar": "https:\/\/img.ddimg.mobi\/recipe\/d5e22474f34a81528875176160.jpg",
				"is_system_recommend": 1
			}, {
				"id": "5b2378bc3f6f40a0730043a0",
				"name": "日式照烧牛肉饭",
				"image": "http:\/\/ddimg.ddxq.mobi\/6e8d658e3a11f1529891757593.jpg?width=450&height=337",
				"width": "450",
				"height": "337",
				"food_desc": "肥牛 、洋葱片 、蒜头 、生姜 、生抽 、黄酒 、白砂糖 、老抽 ",
				"time_consuming": "",
				"author_name": "圆猪猪",
				"author_id": "5b20d866c5702e2d0c8bc339",
				"is_shelf": 1,
				"is_vod": false,
				"author_avatar": "https:\/\/img.ddimg.mobi\/recipe\/5c9f6fcd799ed1528879181375.jpg",
				"is_system_recommend": 1
			}]
		}
	},
	"server_time": 1570115538
}