{
	"success": true,
	"code": 0,
	"msg": "success",
	"data": {
		"big_recommend": {
			"name": "客官，今天想吃点什么？",
			"show_type": 1,
			"_id": "5d9542094ed5bd1c6b8c4e33",
			"is_more": true,
			"list": [{
				"id": "5bbf22e1d033a1af678b4aeb",
				"name": "原味松饼",
				"image": "http:\/\/ddimg.ddxq.mobi\/4030d7ed6a748fea49d8b024ea051702.jpg?width=660&height=440",
				"width": "660",
				"height": "440",
				"food_desc": "低筋粉 、鸡蛋 、白砂糖 、牛奶 、泡打粉 、黄柠檬 、奶油 、薄荷 、蜂蜜 、糖粉 、蓝莓 ",
				"time_consuming": "",
				"author_name": "肖先生的餐桌",
				"author_id": "5bbf2268dc92d0256793034b",
				"is_shelf": 1,
				"is_vod": true,
				"author_avatar": "https:\/\/img.ddimg.mobi\/recipe\/0e433b02e6dcb1539252833208.jpg",
				"is_system_recommend": 1
			}, {
				"id": "5b4729e7c0a1ea95158b521d",
				"name": "芦笋口蘑",
				"image": "http:\/\/img.ddimg.mobi\/recipe\/6c5e5171079771545106465510.jpg?width=660&height=440",
				"width": "660",
				"height": "440",
				"food_desc": "芦笋 、口蘑 、蒜头 、生姜 、蚝油 、白砂糖 、料酒 ",
				"time_consuming": "15分钟",
				"author_name": "橙小酱",
				"author_id": "5b47261506752ef1368ca55e",
				"is_shelf": 1,
				"is_vod": false,
				"author_avatar": "https:\/\/img.ddimg.mobi\/recipe\/d5444c83277df1531389425582.png",
				"is_system_recommend": 1
			}, {
				"id": "5b4725f9c0a1ea95158b4671",
				"name": "葱油酥饼",
				"image": "http:\/\/ddimg.ddxq.mobi\/0a0a9887aac4d3280c51ad8d56854e64.jpg?width=600&height=555",
				"width": "600",
				"height": "555",
				"food_desc": "中筋粉 、香葱 、五香粉 ",
				"time_consuming": "30分钟",
				"author_name": "烟火间",
				"author_id": "5b47254306752e52378c8b01",
				"is_shelf": 1,
				"is_vod": false,
				"author_avatar": "https:\/\/img.ddimg.mobi\/recipe\/60125b4b42a681531389233500.png",
				"is_system_recommend": 1
			}, {
				"id": "5d0a062c25e1f75a3d8b48e1",
				"name": "鸡爪蟹煲",
				"image": "https:\/\/img.ddimg.mobi\/recipe\/dd7702f442aff1561101095198.jpg?width=783&height=438",
				"width": "783",
				"height": "438",
				"food_desc": "鸡爪 、六月黄 、五香干 、大白菜 、蒜头 、生姜 、干辣椒 、料酒 、蚝油 、淀粉 、郫县豆瓣酱 ",
				"time_consuming": "30分钟",
				"author_name": "美姐姐的小资生活",
				"author_id": "5c6b71a33b599001788dc47a",
				"is_shelf": 1,
				"is_vod": false,
				"author_avatar": "http:\/\/img.ddimg.mobi\/recipe\/d570c494c421c1550545237691.jpg",
				"is_system_recommend": 1
			}, {
				"id": "5b31fc5b01a6eaf7328b4680",
				"name": "黄金玉米烙",
				"image": "http:\/\/ddimg.ddxq.mobi\/6bcf7d05a46761530525277127.jpg?width=610&height=458",
				"width": "610",
				"height": "458",
				"food_desc": "粟米粒 、淀粉 、白砂糖 ",
				"time_consuming": "15分钟",
				"author_name": "玉池桃红",
				"author_id": "5b20c597846c2e993b8c0933",
				"is_shelf": 1,
				"is_vod": false,
				"author_avatar": "https:\/\/img.ddimg.mobi\/recipe\/4b6c4ff3761bf1528874302007.jpg",
				"is_system_recommend": 1
			}, {
				"id": "5d773fc626c3d12e368b49cd",
				"name": "葱香干锅茶树菇",
				"image": "https:\/\/img.ddimg.mobi\/recipe\/7cd00a244dd3f1568172596362.jpg?width=1000&height=663",
				"width": "1000",
				"height": "663",
				"food_desc": "猪腿肉 、茶树菇 、青椒 、香葱 、生姜 、蒜头 、干辣椒 、鲜酱油 ",
				"time_consuming": "15分钟",
				"author_name": "小美的美食",
				"author_id": "5d50e1c74fb79759158da46a",
				"is_shelf": 1,
				"is_vod": false,
				"author_avatar": "http:\/\/img.ddimg.mobi\/recipe\/bedce03fb7e11565581743424.jpg",
				"is_system_recommend": 1
			}, {
				"id": "5b2378a23f6f40a07300425e",
				"name": "两元钱的下饭菜",
				"image": "http:\/\/ddimg.ddxq.mobi\/476b3c77c2c311529896967038.jpg?width=655&height=491",
				"width": "655",
				"height": "491",
				"food_desc": "嫩豆腐 、酸豆角 、猪肉糜 、蚝油 、鸡精 、淀粉 ",
				"time_consuming": "20分钟",
				"author_name": "搬砖头的女子",
				"author_id": "5b20cac5846c2e993b8c3049",
				"is_shelf": 1,
				"is_vod": false,
				"author_avatar": "https:\/\/img.ddimg.mobi\/recipe\/4596bbd8f67471528875489972.jpg",
				"is_system_recommend": 1
			}, {
				"id": "5b31fc5b01a6eaf7328b4641",
				"name": "肥牛金针菇",
				"image": "http:\/\/ddimg.ddxq.mobi\/6d0949e5fd7cf1530527495869.jpg?width=600&height=800",
				"width": "600",
				"height": "800",
				"food_desc": "肥牛 、金针菇 、香葱 、郫县豆瓣酱 、蒜头 ",
				"time_consuming": "",
				"author_name": "玉池桃红",
				"author_id": "5b20c597846c2e993b8c0933",
				"is_shelf": 1,
				"is_vod": false,
				"author_avatar": "https:\/\/img.ddimg.mobi\/recipe\/4b6c4ff3761bf1528874302007.jpg",
				"is_system_recommend": 1
			}, {
				"id": "5b2378c13f6f40a0730043c6",
				"name": "香煎带鱼|如何煎鱼不破皮",
				"image": "http:\/\/ddimg.ddxq.mobi\/d6f292eec31ac1529978065965.jpg?width=660&height=495",
				"width": "660",
				"height": "495",
				"food_desc": "带鱼 、生姜 ",
				"time_consuming": "",
				"author_name": "圆猪猪",
				"author_id": "5b20d866c5702e2d0c8bc339",
				"is_shelf": 1,
				"is_vod": false,
				"author_avatar": "https:\/\/img.ddimg.mobi\/recipe\/5c9f6fcd799ed1528879181375.jpg",
				"is_system_recommend": 1
			}, {
				"id": "5ae2f8d13f6f40e0a10045e1",
				"name": "炝炒生菜",
				"image": "http:\/\/ddimg.ddxq.mobi\/541a693c8f41764c66dc99333e3596a2.jpg?width=3018&height=2264",
				"width": "3018",
				"height": "2264",
				"food_desc": "生菜 、干辣椒 、蒜头 、生姜 、花椒粒 、白砂糖 、香醋 ",
				"time_consuming": "10分钟",
				"author_name": "",
				"author_id": "",
				"is_shelf": 1,
				"is_vod": false,
				"author_avatar": "",
				"is_system_recommend": 1
			}]
		}
	},
	"server_time": 1570114967
}