{
	"success": true,
	"code": 0,
	"msg": "success",
	"data": {
		"big_recommend": {
			"name": "客官，今天想吃点什么？",
			"show_type": 1,
			"_id": "5d9542094ed5bd1c6b8c4e33",
			"is_more": true,
			"list": [{
				"id": "5b2378c13f6f40a0730043c8",
				"name": "八爪鱼爆蘑菇",
				"image": "http:\/\/ddimg.ddxq.mobi\/0cdc9d846c21d21292051744757651e3.jpg?width=450&height=678",
				"width": "450",
				"height": "678",
				"food_desc": "八爪鱼 、口蘑 、大红椒 、青椒 、生姜 、蒜头 、料酒 、生抽 、白砂糖 、鸡精 、玉米淀粉 ",
				"time_consuming": "15分钟",
				"author_name": "圆猪猪",
				"author_id": "5b20d866c5702e2d0c8bc339",
				"is_shelf": 1,
				"is_vod": false,
				"author_avatar": "https:\/\/img.ddimg.mobi\/recipe\/5c9f6fcd799ed1528879181375.jpg",
				"is_system_recommend": 1
			}, {
				"id": "5b2378cd3f6f40a073004449",
				"name": "懒人版葱油饼",
				"image": "http:\/\/ddimg.ddxq.mobi\/2375b3dc7647f1529630332104.jpg?width=618&height=464",
				"width": "618",
				"height": "464",
				"food_desc": "中筋粉 、香葱 、白胡椒 、猪油 、橄榄油 ",
				"time_consuming": "",
				"author_name": "圆猪猪",
				"author_id": "5b20d866c5702e2d0c8bc339",
				"is_shelf": 1,
				"is_vod": false,
				"author_avatar": "https:\/\/img.ddimg.mobi\/recipe\/5c9f6fcd799ed1528879181375.jpg",
				"is_system_recommend": 1
			}, {
				"id": "5b642f90c0a1ea713a8b48b1",
				"name": "一碗方便面",
				"image": "http:\/\/ddimg.ddxq.mobi\/fda8b5d7950a5739ea33b09ed1aada60.jpg?width=660&height=495",
				"width": "660",
				"height": "495",
				"food_desc": "方便面 、鸡蛋 、青菜 、午餐肉 ",
				"time_consuming": "30分钟",
				"author_name": "堂妈小厨",
				"author_id": "5b582578c5702e59028bb648",
				"is_shelf": 1,
				"is_vod": false,
				"author_avatar": "https:\/\/img.ddimg.mobi\/recipe\/72f31dcefb3361533292137669.jpg",
				"is_system_recommend": 1
			}, {
				"id": "5b2378a13f6f40a073004240",
				"name": "猪肚鸡",
				"image": "http:\/\/ddimg.ddxq.mobi\/d166a5bb3b511f74ccb8b1fe3ae21bc8.jpg?width=660&height=495",
				"width": "660",
				"height": "495",
				"food_desc": "猪肚 、整鸡 、白胡椒 、生姜 、红枣 、枸杞 、黄芪 、杏仁 、当归 、淀粉 ",
				"time_consuming": "45分钟以上",
				"author_name": "红妆微醉",
				"author_id": "5b20c6c6846c2e2b308c11c2",
				"is_shelf": 1,
				"is_vod": false,
				"author_avatar": "https:\/\/img.ddimg.mobi\/recipe\/67e13b4966ff31528874664653.jpg",
				"is_system_recommend": 1
			}, {
				"id": "5b2378a63f6f40a073004286",
				"name": "果蔬圣诞树",
				"image": "http:\/\/img.ddimg.mobi\/recipe\/a6f13cb97b81c1548752908497.jpg?width=660&height=371",
				"width": "660",
				"height": "371",
				"food_desc": "西兰花 、胡萝卜 、鹌鹑蛋 、圣女果 ",
				"time_consuming": "",
				"author_name": "Cicileo",
				"author_id": "5b20c929846c2eba2b8c286a",
				"is_shelf": 1,
				"is_vod": true,
				"author_avatar": "https:\/\/img.ddimg.mobi\/recipe\/d5e22474f34a81528875176160.jpg",
				"is_system_recommend": 1
			}, {
				"id": "5b2378cd3f6f40a073004444",
				"name": "左宗棠鸡",
				"image": "http:\/\/ddimg.ddxq.mobi\/81fadeaa2ce29ba48c3f5d2636b57f4d.jpg?width=600&height=499",
				"width": "600",
				"height": "499",
				"food_desc": "鸡腿 、鸡蛋 、玉米淀粉 、干辣椒 、生姜 、蒜头 、生抽 、白醋 、白砂糖 、辣椒油 ",
				"time_consuming": "30分钟",
				"author_name": "圆猪猪",
				"author_id": "5b20d866c5702e2d0c8bc339",
				"is_shelf": 1,
				"is_vod": false,
				"author_avatar": "https:\/\/img.ddimg.mobi\/recipe\/5c9f6fcd799ed1528879181375.jpg",
				"is_system_recommend": 1
			}, {
				"id": "5cff3f4025e1f7144b8b4bf1",
				"name": "奶油蘑菇汤|我想为你下厨房",
				"image": "http:\/\/img.ddimg.mobi\/70a99a182db063afdfc32dd6252ba2c6.jpg?width=1920&height=1080",
				"width": "1920",
				"height": "1080",
				"food_desc": "中筋粉 、黄油 、基围虾 、蘑菇 、奶油 、白胡椒 ",
				"time_consuming": "",
				"author_name": "我想为你下厨房",
				"author_id": "5cfe2e884fb7971a248bbbb6",
				"is_shelf": 1,
				"is_vod": true,
				"author_avatar": "https:\/\/img.ddimg.mobi\/recipe\/47b54877912b1560161910710.jpg",
				"is_system_recommend": 1
			}, {
				"id": "5b2378ce3f6f40a073004460",
				"name": "蒜蓉粉丝大虾",
				"image": "http:\/\/ddimg.ddxq.mobi\/76137fb2ece11529656541497.jpg?width=1033&height=775",
				"width": "1033",
				"height": "775",
				"food_desc": "大虾 、粉丝 、蒜头 、香葱 、生抽 、黄酒 、白砂糖 、白胡椒 ",
				"time_consuming": "",
				"author_name": "圆猪猪",
				"author_id": "5b20d866c5702e2d0c8bc339",
				"is_shelf": 1,
				"is_vod": false,
				"author_avatar": "https:\/\/img.ddimg.mobi\/recipe\/5c9f6fcd799ed1528879181375.jpg",
				"is_system_recommend": 1
			}, {
				"id": "5b23789d3f6f40a07300420e",
				"name": "超简单地三鲜",
				"image": "http:\/\/ddimg.ddxq.mobi\/b310825e00c961529899141613.jpg?width=910&height=683",
				"width": "910",
				"height": "683",
				"food_desc": "土豆 、青椒 、茄子 、生抽 、白砂糖 、淀粉 ",
				"time_consuming": "",
				"author_name": "玉池桃红",
				"author_id": "5b20c597846c2e993b8c0933",
				"is_shelf": 1,
				"is_vod": false,
				"author_avatar": "https:\/\/img.ddimg.mobi\/recipe\/4b6c4ff3761bf1528874302007.jpg",
				"is_system_recommend": 1
			}, {
				"id": "5d6f3a9526c3d12e368b47d1",
				"name": "家庭速焖鸡",
				"image": "https:\/\/img.ddimg.mobi\/recipe\/1ca47f02ea2b91567677309053.jpg?width=1000&height=663",
				"width": "1000",
				"height": "663",
				"food_desc": "童子鸡 、料酒 、生抽 、老抽 、香叶 、生姜 ",
				"time_consuming": "10分钟",
				"author_name": "小美的美食",
				"author_id": "5d50e1c74fb79759158da46a",
				"is_shelf": 1,
				"is_vod": false,
				"author_avatar": "http:\/\/img.ddimg.mobi\/recipe\/bedce03fb7e11565581743424.jpg",
				"is_system_recommend": 1
			}]
		}
	},
	"server_time": 1570115023
}