{
	"success": true,
	"code": 0,
	"msg": "success",
	"data": {
		"big_recommend": {
			"name": "客官，今天想吃点什么？",
			"show_type": 1,
			"_id": "5d9542094ed5bd1c6b8c4e33",
			"is_more": true,
			"list": [{
				"id": "5c429adad033a1033d8b4ec8",
				"name": "辣炒蛏子|菊娜JUJU",
				"image": "http:\/\/img.ddimg.mobi\/recipe\/35053265e60641548496559532.jpg?width=500&height=375",
				"width": "500",
				"height": "375",
				"food_desc": "蛏子 、生抽 、蒜头 、红辣椒 ",
				"time_consuming": "20分钟",
				"author_name": "菊娜JUJU",
				"author_id": "5c18a97201b311d369aad955",
				"is_shelf": 1,
				"is_vod": false,
				"author_avatar": "http:\/\/img.ddimg.mobi\/recipe\/029838c089c61545120045386.jpg",
				"is_system_recommend": 1
			}, {
				"id": "5ae2f86b3f6f40e0a1004387",
				"name": "松鼠桂鱼",
				"image": "http:\/\/ddimg.ddxq.mobi\/ca7ae767c6fbdfe6d6be8053a6f2b362.gif?width=400&height=225",
				"width": "400",
				"height": "225",
				"food_desc": "桂鱼 、白砂糖 、番茄酱 、料酒 、淀粉 、香葱 、生姜 、美国杂菜 、淀粉 ",
				"time_consuming": "30分钟",
				"author_name": "",
				"author_id": "",
				"is_shelf": 1,
				"is_vod": false,
				"author_avatar": "",
				"is_system_recommend": 1
			}, {
				"id": "5b31fc5b01a6eaf7328b4632",
				"name": "葱花蛋酥饼",
				"image": "http:\/\/ddimg.ddxq.mobi\/b1aac69c77a5e1530528229392.jpg?width=420&height=315",
				"width": "420",
				"height": "315",
				"food_desc": "印度飞饼 、鸡蛋 、香葱 ",
				"time_consuming": "",
				"author_name": "玉池桃红",
				"author_id": "5b20c597846c2e993b8c0933",
				"is_shelf": 1,
				"is_vod": false,
				"author_avatar": "https:\/\/img.ddimg.mobi\/recipe\/4b6c4ff3761bf1528874302007.jpg",
				"is_system_recommend": 1
			}, {
				"id": "5bbf22ced033a1af678b4aab",
				"name": "越南三明治",
				"image": "http:\/\/ddimg.ddxq.mobi\/962e5ef975943725fbfa50cd7f4028ee.jpg?width=660&height=371",
				"width": "660",
				"height": "371",
				"food_desc": "法棍 、鸡腿 、白萝卜 、胡萝卜 、生菜 、香菜 、黄瓜 、花生 、黑胡椒 、老抽 、蒜头 、蜂蜜 、白醋 、白砂糖 、辣椒粉 ",
				"time_consuming": "",
				"author_name": "肖先生的餐桌",
				"author_id": "5bbf2268dc92d0256793034b",
				"is_shelf": 1,
				"is_vod": true,
				"author_avatar": "https:\/\/img.ddimg.mobi\/recipe\/0e433b02e6dcb1539252833208.jpg",
				"is_system_recommend": 1
			}, {
				"id": "5b6be7e7c0a1ea713a8b60ef",
				"name": "咖喱牛肉饭",
				"image": "http:\/\/ddimg.ddxq.mobi\/7c50af39246fbfd988119eff0415f4db.jpg?width=660&height=493",
				"width": "660",
				"height": "493",
				"food_desc": "咖喱 、牛肉 、胡萝卜 、土豆 、大米 、大葱 、生姜 ",
				"time_consuming": "",
				"author_name": "堂妈小厨",
				"author_id": "5b582578c5702e59028bb648",
				"is_shelf": 1,
				"is_vod": false,
				"author_avatar": "https:\/\/img.ddimg.mobi\/recipe\/72f31dcefb3361533292137669.jpg",
				"is_system_recommend": 1
			}, {
				"id": "5c3ff601d033a1033d8b49dd",
				"name": "可乐排骨",
				"image": "http:\/\/img.ddimg.mobi\/recipe\/18501a10123a41547815950737.jpg?width=695&height=440",
				"width": "695",
				"height": "440",
				"food_desc": "猪排骨 、可乐 、生姜 、八角 、香葱 ",
				"time_consuming": "45分钟",
				"author_name": "菊娜JUJU",
				"author_id": "5c18a97201b311d369aad955",
				"is_shelf": 1,
				"is_vod": false,
				"author_avatar": "http:\/\/img.ddimg.mobi\/recipe\/029838c089c61545120045386.jpg",
				"is_system_recommend": 1
			}, {
				"id": "5d15aa3b4df3e38e198c3724",
				"name": "胡萝卜炒鸡蛋|为爱下厨房的爷爷",
				"image": "http:\/\/img.ddimg.mobi\/recipe\/3577da011f7731561700608207.JPG?width=1920&height=1280",
				"width": "1920",
				"height": "1280",
				"food_desc": "胡萝卜 、鸡蛋 、香葱 、生抽 、蒜头 ",
				"time_consuming": "",
				"author_name": "为爱下厨房的爷爷",
				"author_id": "5d1592244df3e3a5198c0e57",
				"is_shelf": 1,
				"is_vod": false,
				"author_avatar": "http:\/\/img.ddimg.mobi\/recipe\/ae1c4c864f2fb1561694648605.jpg",
				"is_system_recommend": 1
			}, {
				"id": "5b582dae01a6eabb7a8b48dc",
				"name": "番茄肉酱意面",
				"image": "http:\/\/ddimg.ddxq.mobi\/ae9eb723802bec61bc817b0b84d0a5cf.jpg?width=465&height=700",
				"width": "465",
				"height": "700",
				"food_desc": "意大利面 、猪肉糜 、番茄 、洋葱片 、蒜头 、番茄酱 、黄油 、奶油 、胡椒粉 ",
				"time_consuming": "20分钟",
				"author_name": "月亮晶晶",
				"author_id": "5b582570c5702e2e018bbf46",
				"is_shelf": 1,
				"is_vod": false,
				"author_avatar": "https:\/\/img.ddimg.mobi\/recipe\/4e33e00b3ed6e1532503295917.jpg",
				"is_system_recommend": 1
			}, {
				"id": "5d4a964226c3d174758b45a8",
				"name": "板栗烧鸡|我想为你下厨房",
				"image": "http:\/\/img.ddimg.mobi\/28da869b80e2c7da19d64d76c737eff9.jpg?width=1080&height=608",
				"width": "1080",
				"height": "608",
				"food_desc": "板栗 、鸡腿 、生姜 、生抽 、冰糖 、料酒 、八角 、香叶 ",
				"time_consuming": "",
				"author_name": "我想为你下厨房",
				"author_id": "5cfe2e884fb7971a248bbbb6",
				"is_shelf": 1,
				"is_vod": true,
				"author_avatar": "https:\/\/img.ddimg.mobi\/recipe\/47b54877912b1560161910710.jpg",
				"is_system_recommend": 1
			}, {
				"id": "5b3d9beec0a1ea9a1e8b45e4",
				"name": "寿喜锅",
				"image": "http:\/\/img.ddimg.mobi\/recipe\/7624d1f4d49431548753130152.jpg?width=660&height=440",
				"width": "660",
				"height": "440",
				"food_desc": "牛肉 、鸡蛋 、苦菊 、大白菜 、老豆腐 、魔芋丝 、大葱 、金针菇 、香菇 、日本酱油 、白砂糖 、味霖 ",
				"time_consuming": "",
				"author_name": "Cicileo",
				"author_id": "5b20c929846c2eba2b8c286a",
				"is_shelf": 1,
				"is_vod": false,
				"author_avatar": "https:\/\/img.ddimg.mobi\/recipe\/d5e22474f34a81528875176160.jpg",
				"is_system_recommend": 1
			}]
		}
	},
	"server_time": 1570115170
}