{
	"success": true,
	"code": 0,
	"msg": "success",
	"data": {
		"big_recommend": {
			"name": "客官，今天想吃点什么？",
			"show_type": 1,
			"_id": "5d9542094ed5bd1c6b8c4e33",
			"is_more": true,
			"list": [{
				"id": "5b2378c73f6f40a073004409",
				"name": "肉末毛豆炒香干",
				"image": "http:\/\/ddimg.ddxq.mobi\/a50de866426a1ef6a27e7374ce2e0130.jpg?width=450&height=678",
				"width": "450",
				"height": "678",
				"food_desc": "猪肉糜 、毛豆 、五香干 、小米椒 、生抽 、鸡精 ",
				"time_consuming": "15分钟",
				"author_name": "圆猪猪",
				"author_id": "5b20d866c5702e2d0c8bc339",
				"is_shelf": 1,
				"is_vod": false,
				"author_avatar": "https:\/\/img.ddimg.mobi\/recipe\/5c9f6fcd799ed1528879181375.jpg",
				"is_system_recommend": 1
			}, {
				"id": "5b2378b23f6f40a07300431d",
				"name": "萝卜炖牛肉",
				"image": "http:\/\/ddimg.ddxq.mobi\/7be48b505b06e1529893070877.jpg?width=544&height=408",
				"width": "544",
				"height": "408",
				"food_desc": "牛肉 、白萝卜 、胡萝卜 、香葱 、生姜 、花椒粒 、大料 、干辣椒 、料酒 、白砂糖 、生抽 、老抽 、郫县豆瓣酱 、桂皮 、香叶 、小茴香 ",
				"time_consuming": "15分钟",
				"author_name": "下山虎虎",
				"author_id": "5b20c77d846c2e30288c2892",
				"is_shelf": 1,
				"is_vod": false,
				"author_avatar": "https:\/\/img.ddimg.mobi\/recipe\/4f29af68700381528874870762.jpg",
				"is_system_recommend": 1
			}, {
				"id": "5d78c65b25e1f7fd1a8b466d",
				"name": "家常麻婆豆腐",
				"image": "https:\/\/img.ddimg.mobi\/recipe\/c1ce2df6eb1ae1568684213444.jpg?width=1000&height=663",
				"width": "1000",
				"height": "663",
				"food_desc": "嫩豆腐 、郫县豆瓣酱 、鲜酱油 、蒜头 、香葱 、花椒粉 、淀粉 ",
				"time_consuming": "10分钟",
				"author_name": "小美的美食",
				"author_id": "5d50e1c74fb79759158da46a",
				"is_shelf": 1,
				"is_vod": false,
				"author_avatar": "http:\/\/img.ddimg.mobi\/recipe\/bedce03fb7e11565581743424.jpg",
				"is_system_recommend": 1
			}, {
				"id": "5b2378a23f6f40a07300425f",
				"name": "潮式炒花甲",
				"image": "http:\/\/ddimg.ddxq.mobi\/3f5e2e58dd18c1529896938646.jpg?width=660&height=494",
				"width": "660",
				"height": "494",
				"food_desc": "花蛤 、黄豆酱 、料酒 、淀粉 、生姜 、蒜头 、罗勒碎 ",
				"time_consuming": "",
				"author_name": "搬砖头的女子",
				"author_id": "5b20cac5846c2e993b8c3049",
				"is_shelf": 1,
				"is_vod": false,
				"author_avatar": "https:\/\/img.ddimg.mobi\/recipe\/4596bbd8f67471528875489972.jpg",
				"is_system_recommend": 1
			}, {
				"id": "5b2378ca3f6f40a07300442b",
				"name": "家常油爆虾",
				"image": "http:\/\/ddimg.ddxq.mobi\/0af49ae3fe9321529631263144.jpg?width=1024&height=768",
				"width": "1024",
				"height": "768",
				"food_desc": "大虾 、生姜 、蒜头 、香葱 、大红椒 、生抽 、料酒 、白砂糖 、陈醋 、鸡精 、白胡椒 ",
				"time_consuming": "",
				"author_name": "圆猪猪",
				"author_id": "5b20d866c5702e2d0c8bc339",
				"is_shelf": 1,
				"is_vod": false,
				"author_avatar": "https:\/\/img.ddimg.mobi\/recipe\/5c9f6fcd799ed1528879181375.jpg",
				"is_system_recommend": 1
			}, {
				"id": "5ae2f8fc3f6f40e0a10046d3",
				"name": "白灼番薯叶",
				"image": "http:\/\/ddimg.ddxq.mobi\/9f4572f51fc2ee1e983dbac9533d9ebe.jpg?width=1280&height=854",
				"width": "1280",
				"height": "854",
				"food_desc": "地瓜叶 、蒜头 、生抽 ",
				"time_consuming": "5分钟以下",
				"author_name": "",
				"author_id": "",
				"is_shelf": 1,
				"is_vod": false,
				"author_avatar": "",
				"is_system_recommend": 1
			}, {
				"id": "5b2378b33f6f40a073004323",
				"name": "快手包饺子",
				"image": "http:\/\/ddimg.ddxq.mobi\/2caf6b21cc7521529639358099.jpg?width=550&height=413",
				"width": "550",
				"height": "413",
				"food_desc": "中筋粉 ",
				"time_consuming": "",
				"author_name": "下山虎虎",
				"author_id": "5b20c77d846c2e30288c2892",
				"is_shelf": 1,
				"is_vod": false,
				"author_avatar": "https:\/\/img.ddimg.mobi\/recipe\/4f29af68700381528874870762.jpg",
				"is_system_recommend": 1
			}, {
				"id": "5b31fc5b01a6eaf7328b46b8",
				"name": "黄瓜拌鸡丝",
				"image": "http:\/\/ddimg.ddxq.mobi\/8d1bc66d783241530524222479.jpg?width=450&height=672",
				"width": "450",
				"height": "672",
				"food_desc": "黄瓜 、鸡胸肉 、大红椒 、香葱 、生姜 、八角 、香醋 、花椒粒 、蚝油 、蒜头 、辣椒油 ",
				"time_consuming": "",
				"author_name": "玉池桃红",
				"author_id": "5b20c597846c2e993b8c0933",
				"is_shelf": 1,
				"is_vod": false,
				"author_avatar": "https:\/\/img.ddimg.mobi\/recipe\/4b6c4ff3761bf1528874302007.jpg",
				"is_system_recommend": 1
			}, {
				"id": "5b6a9744c0a1ea713a8b5c32",
				"name": "香酥炸鸡排",
				"image": "http:\/\/ddimg.ddxq.mobi\/2cbf3465609c4bea2f45986583e2d61e.jpg?width=660&height=660",
				"width": "660",
				"height": "660",
				"food_desc": "鸡胸肉 、鸡蛋 、淀粉 、面包糠 ",
				"time_consuming": "20分钟",
				"author_name": "堂妈小厨",
				"author_id": "5b582578c5702e59028bb648",
				"is_shelf": 1,
				"is_vod": false,
				"author_avatar": "https:\/\/img.ddimg.mobi\/recipe\/72f31dcefb3361533292137669.jpg",
				"is_system_recommend": 1
			}, {
				"id": "5b31fc5b01a6eaf7328b45af",
				"name": "糖醋排条",
				"image": "http:\/\/ddimg.ddxq.mobi\/95c93663a634e1530530744167.jpg?width=400&height=300",
				"width": "400",
				"height": "300",
				"food_desc": "里脊肉 、番茄酱 、生姜 、胡椒粉 、白砂糖 、白芝麻 、淀粉 、鸡蛋 ",
				"time_consuming": "",
				"author_name": "玉池桃红",
				"author_id": "5b20c597846c2e993b8c0933",
				"is_shelf": 1,
				"is_vod": false,
				"author_avatar": "https:\/\/img.ddimg.mobi\/recipe\/4b6c4ff3761bf1528874302007.jpg",
				"is_system_recommend": 1
			}]
		}
	},
	"server_time": 1570115437
}