{
	"success": true,
	"code": 0,
	"msg": "success",
	"data": {
		"big_recommend": {
			"name": "客官，今天想吃点什么？",
			"show_type": 1,
			"_id": "5d9542094ed5bd1c6b8c4e33",
			"is_more": true,
			"list": [{
				"id": "5d13a78426c3d112688b4ac1",
				"name": "酱椒罗非鱼",
				"image": "https:\/\/img.ddimg.mobi\/recipe\/4e98ae2cd1d61561716735204.jpg?width=1600&height=1067",
				"width": "1600",
				"height": "1067",
				"food_desc": "罗非鱼 、生姜 、蒜头 、小米椒 、生抽 、香葱 、泡椒 ",
				"time_consuming": "15分钟",
				"author_name": "莉莉菲",
				"author_id": "5cee3fae4ed5bde5778c4cce",
				"is_shelf": 1,
				"is_vod": false,
				"author_avatar": "https:\/\/img.ddimg.mobi\/recipe\/5c72fbc86c6961559117715174.jpg",
				"is_system_recommend": 1
			}, {
				"id": "5d0a05d725e1f75a3d8b4877",
				"name": "板栗烧排骨|美姐姐的小资生活",
				"image": "https:\/\/img.ddimg.mobi\/recipe\/8e52fa2d883261561101969768.jpg?width=719&height=428",
				"width": "719",
				"height": "428",
				"food_desc": "猪排骨 、板栗 、生姜 、香葱 、花椒粒 、料酒 、生抽 、老抽 、冰糖 ",
				"time_consuming": "30分钟",
				"author_name": "美姐姐的小资生活",
				"author_id": "5c6b71a33b599001788dc47a",
				"is_shelf": 1,
				"is_vod": false,
				"author_avatar": "http:\/\/img.ddimg.mobi\/recipe\/d570c494c421c1550545237691.jpg",
				"is_system_recommend": 1
			}, {
				"id": "5cff400125e1f7144b8b4cbe",
				"name": "粉蒸排骨|我想为你下厨房",
				"image": "http:\/\/img.ddimg.mobi\/802b6cb1377ce6b3096585ed0376418a.jpg?width=1920&height=1080",
				"width": "1920",
				"height": "1080",
				"food_desc": "猪小排 、大米 、小米 、生抽 、郫县豆瓣酱 、五香粉 、花椒粉 ",
				"time_consuming": "",
				"author_name": "我想为你下厨房",
				"author_id": "5cfe2e884fb7971a248bbbb6",
				"is_shelf": 1,
				"is_vod": true,
				"author_avatar": "https:\/\/img.ddimg.mobi\/recipe\/47b54877912b1560161910710.jpg",
				"is_system_recommend": 1
			}, {
				"id": "5b582d8501a6eabb7a8b485e",
				"name": "雪菜黑鱼片",
				"image": "http:\/\/img.ddimg.mobi\/recipe\/1ec3e9dc80f181552300149874.jpg?width=426&height=640",
				"width": "426",
				"height": "640",
				"food_desc": "黑鱼 、料酒 、鸡蛋 、淀粉 ",
				"time_consuming": "30分钟",
				"author_name": "月亮晶晶",
				"author_id": "5b582570c5702e2e018bbf46",
				"is_shelf": 1,
				"is_vod": false,
				"author_avatar": "https:\/\/img.ddimg.mobi\/recipe\/4e33e00b3ed6e1532503295917.jpg",
				"is_system_recommend": 1
			}, {
				"id": "5ca1c99a716de1a45c8b656c",
				"name": "香喷喷的烤鸡",
				"image": "http:\/\/img.ddimg.mobi\/recipe\/33757e8327cf61554109322515.jpg?width=1024&height=683",
				"width": "1024",
				"height": "683",
				"food_desc": "童子鸡 、鲜酱油 、生抽 、料酒 、黑胡椒 、生姜 、香葱 、大土豆 、胡萝卜 、洋葱 、蜂蜜 、香菜 ",
				"time_consuming": "45分钟以上",
				"author_name": "meggy跳舞的苹果",
				"author_id": "5c8608ec7dcc10ff36bbe658",
				"is_shelf": 1,
				"is_vod": false,
				"author_avatar": "http:\/\/img.ddimg.mobi\/recipe\/e7b6dc20acf361552287976801.jpg",
				"is_system_recommend": 1
			}, {
				"id": "5b2378a33f6f40a07300426b",
				"name": "干鱿鱼炒芦笋",
				"image": "http:\/\/ddimg.ddxq.mobi\/8e90878fc8f431529896616027.jpg?width=660&height=494",
				"width": "660",
				"height": "494",
				"food_desc": "芦笋 、鱿鱼 、猪肉片 、料酒 、鸡精 、淀粉 ",
				"time_consuming": "20分钟",
				"author_name": "搬砖头的女子",
				"author_id": "5b20cac5846c2e993b8c3049",
				"is_shelf": 1,
				"is_vod": false,
				"author_avatar": "https:\/\/img.ddimg.mobi\/recipe\/4596bbd8f67471528875489972.jpg",
				"is_system_recommend": 1
			}, {
				"id": "5b582eae01a6eabb7a8b4ba3",
				"name": "XO酱炒牛肉片",
				"image": "http:\/\/img.ddimg.mobi\/recipe\/bbcb880372e641550654238798.jpg?width=459&height=690",
				"width": "459",
				"height": "690",
				"food_desc": "XO酱 、牛肉片 、芦笋 、蒜头 、料酒 、生抽 、白胡椒 、淀粉 ",
				"time_consuming": "15分钟",
				"author_name": "月亮晶晶",
				"author_id": "5b582570c5702e2e018bbf46",
				"is_shelf": 1,
				"is_vod": false,
				"author_avatar": "https:\/\/img.ddimg.mobi\/recipe\/4e33e00b3ed6e1532503295917.jpg",
				"is_system_recommend": 1
			}, {
				"id": "5c3d48fad033a1582f8b482b",
				"name": "芦笋牛肉丝",
				"image": "http:\/\/img.ddimg.mobi\/recipe\/755fd2e1a64541547811581022.jpg?width=662&height=440",
				"width": "662",
				"height": "440",
				"food_desc": "牛肉丝 、芦笋 、生姜 、蒜头 、鲜酱油 、料酒 、淀粉 、白砂糖 、芝麻油 ",
				"time_consuming": "15分钟",
				"author_name": "菊娜JUJU",
				"author_id": "5c18a97201b311d369aad955",
				"is_shelf": 1,
				"is_vod": false,
				"author_avatar": "http:\/\/img.ddimg.mobi\/recipe\/029838c089c61545120045386.jpg",
				"is_system_recommend": 1
			}, {
				"id": "5b6127ce06752ec63c8d4c0f",
				"name": "《中餐厅》西红柿炒蛋",
				"image": "http:\/\/ddimg.ddxq.mobi\/add3c479ef21e1533093637600.png?width=602&height=341",
				"width": "602",
				"height": "341",
				"food_desc": "番茄 、鸡蛋 、香葱 、生姜 、白砂糖 ",
				"time_consuming": "",
				"author_name": "",
				"author_id": "",
				"is_shelf": 1,
				"is_vod": false,
				"author_avatar": "",
				"is_system_recommend": 1
			}, {
				"id": "5c3ff5e9d033a1033d8b49a6",
				"name": "清炒莴笋",
				"image": "http:\/\/img.ddimg.mobi\/recipe\/3287025e967b31547799076522.jpg?width=643&height=440",
				"width": "643",
				"height": "440",
				"food_desc": "莴笋 、蒜头 ",
				"time_consuming": "10分钟",
				"author_name": "菊娜JUJU",
				"author_id": "5c18a97201b311d369aad955",
				"is_shelf": 1,
				"is_vod": false,
				"author_avatar": "http:\/\/img.ddimg.mobi\/recipe\/029838c089c61545120045386.jpg",
				"is_system_recommend": 1
			}]
		}
	},
	"server_time": 1570115622
}